latitude,longitude,bright_ti4,scan,track,acq_date,acq_time,satellite,instrument,confidence,version,bright_ti5,frp,daynight,type
22.0053,74.55013,341.48,0.35,0.57,2023-05-15,736,N,VIIRS,n,2,307.65,2.61,D,0
22.5087,84.89117,301.96,0.39,0.36,2023-03-07,1958,N,VIIRS,n,2,288.51,0.26,N,0
18.90954,78.71101,300.31,0.44,0.46,2023-02-03,1959,N,VIIRS,n,2,289.67,0.91,N,0
24.44152,92.74713,341.04,0.53,0.5,2023-04-08,730,N,VIIRS,n,2,305.09,3.55,D,0
21.16172,84.61019,350.06,0.53,0.42,2023-04-14,717,N,VIIRS,n,2,306.49,7.62,D,0
20.9433,85.00505,313.35,0.39,0.36,2023-05-31,2005,N,VIIRS,n,2,283.71,1.78,N,0
17.53611,82.36656,307.58,0.4,0.44,2023-03-13,1947,N,VIIRS,n,2,293.01,1.05,N,0
21.18309,81.38609,310.49,0.48,0.4,2023-02-28,2030,N,VIIRS,n,2,297.04,1.87,N,3
22.47007,86.31868,305.64,0.33,0.55,2023-02-21,1920,N,VIIRS,n,2,294.0,1.48,N,0
20.96436,85.1553,303.18,0.53,0.42,2023-01-01,2017,N,VIIRS,n,2,290.88,1.29,N,2
21.3791,81.67973,298.36,0.5,0.41,2023-12-13,2028,N,VIIRS,n,2,281.84,0.81,N,2
22.7912,78.48412,308.17,0.32,0.55,2023-04-03,1952,N,VIIRS,n,2,288.39,0.55,N,0
23.79399,86.35269,342.39,0.41,0.37,2023-10-07,716,N,VIIRS,n,2,299.18,3.65,D,2
23.6632,86.9173,302.83,0.39,0.36,2023-11-18,1956,N,VIIRS,n,2,292.33,1.74,N,2
23.87978,92.44144,350.44,0.39,0.36,2023-03-14,658,N,VIIRS,n,2,320.12,25.13,D,0
23.1882,80.22643,307.79,0.5,0.41,2023-03-12,2004,N,VIIRS,n,2,292.01,1.95,N,0
21.55521,73.76039,334.18,0.41,0.45,2023-05-30,755,N,VIIRS,l,2,305.1,1.74,D,0
24.88273,80.3982,350.04,0.55,0.42,2023-04-06,809,N,VIIRS,n,2,310.73,8.94,D,0
19.72367,79.17469,312.54,0.38,0.44,2023-04-11,2044,N,VIIRS,n,2,297.76,2.3,N,2
20.96428,85.17625,341.06,0.4,0.44,2023-04-28,755,N,VIIRS,n,2,306.65,4.92,D,2
25.76281,91.02576,331.78,0.53,0.67,2023-03-27,756,N,VIIRS,n,2,291.62,7.1,D,0
19.66765,81.6504,332.64,0.45,0.39,2023-03-12,735,N,VIIRS,l,2,305.42,3.28,D,0
22.92677,83.47548,333.63,0.43,0.38,2023-02-18,748,N,VIIRS,n,2,302.64,5.69,D,0
14.96994,78.74079,332.4,0.41,0.45,2023-03-01,740,N,VIIRS,l,2,303.6,4.54,D,0
22.34421,69.87174,321.47,0.69,0.74,2023-11-17,2157,N,VIIRS,n,2,290.72,4.37,N,0
22.73499,69.66246,338.02,0.58,0.52,2023-01-27,2030,N,VIIRS,n,2,289.4,3.21,N,3
31.89927,75.19519,332.16,0.4,0.37,2023-10-31,809,N,VIIRS,n,2,299.99,1.43,D,0
20.90806,71.46096,307.95,0.57,0.43,2023-06-07,2114,N,VIIRS,n,2,296.69,1.49,N,2
31.29547,74.63561,340.28,0.47,0.4,2023-05-09,751,N,VIIRS,l,2,314.23,3.54,D,0
20.8063,85.25741,305.06,0.57,0.69,2023-11-26,1907,N,VIIRS,n,2,288.71,1.82,N,2
26.50627,83.54338,355.81,0.49,0.49,2023-04-20,706,N,VIIRS,n,2,314.13,5.89,D,0
21.22655,81.79182,331.71,0.43,0.38,2023-11-07,735,N,VIIRS,l,2,306.38,3.58,D,0
19.51781,79.43426,309.02,0.5,0.41,2023-03-12,2005,N,VIIRS,n,2,294.48,1.36,N,0
22.88051,75.5405,338.17,0.39,0.36,2023-04-11,2043,N,VIIRS,n,2,292.46,3.67,N,0
24.20091,74.58112,350.54,0.39,0.36,2023-05-13,815,N,VIIRS,n,2,324.15,11.51,D,0
23.8015,86.32809,308.01,0.41,0.37,2023-11-23,2003,N,VIIRS,n,2,293.06,1.86,N,2
31.32939,75.07691,337.78,0.47,0.64,2023-11-03,853,N,VIIRS,n,2,291.51,3.59,D,0
27.16784,84.00715,325.2,0.38,0.36,2023-02-03,731,N,VIIRS,l,2,297.98,1.76,D,0
21.59397,73.62746,337.87,0.39,0.36,2023-04-27,814,N,VIIRS,l,2,310.61,7.0,D,0
21.98444,83.2314,311.57,0.4,0.6,2023-10-24,1926,N,VIIRS,n,2,292.26,1.68,N,2
18.34529,77.63307,342.7,0.42,0.37,2023-02-06,813,N,VIIRS,n,2,307.28,3.55,D,0
21.94124,86.60915,304.5,0.5,0.41,2023-03-01,2010,N,VIIRS,n,2,292.14,0.51,N,0
24.14108,92.62965,335.46,0.51,0.41,2023-04-14,718,N,VIIRS,n,2,302.76,3.46,D,0
18.02133,74.0509,341.52,0.4,0.37,2023-03-04,825,N,VIIRS,n,2,314.38,9.5,D,0
22.29562,72.00886,347.36,0.5,0.41,2023-04-22,808,N,VIIRS,n,2,317.32,5.05,D,0
22.819,79.51765,347.38,0.39,0.36,2023-04-07,749,N,VIIRS,l,2,318.14,22.23,D,0
18.74856,80.65097,333.04,0.34,0.56,2023-04-14,717,N,VIIRS,n,2,293.67,2.05,D,0
22.69323,75.42011,325.94,0.38,0.59,2023-04-09,2120,N,VIIRS,n,2,286.26,1.21,N,0
23.69438,87.11718,309.03,0.39,0.36,2023-09-10,1951,N,VIIRS,n,2,291.45,1.14,N,2
21.67592,76.07106,304.13,0.57,0.69,2023-03-13,1946,N,VIIRS,n,2,288.61,0.85,N,0
23.11326,70.08629,303.44,0.45,0.39,2023-12-16,2112,N,VIIRS,n,2,290.13,0.76,N,2
30.61947,75.8073,332.67,0.41,0.61,2023-05-06,848,N,VIIRS,n,2,302.1,3.15,D,0
15.13454,74.85925,337.13,0.57,0.52,2023-03-06,747,N,VIIRS,n,2,307.33,3.63,D,0
23.75327,85.58535,341.26,0.38,0.36,2023-03-07,730,N,VIIRS,n,2,309.82,2.37,D,0
30.34452,75.41035,330.95,0.44,0.38,2023-11-05,815,N,VIIRS,l,2,302.04,4.24,D,0
22.78437,86.20839,333.74,0.61,0.53,2023-06-04,801,N,VIIRS,l,2,307.01,4.82,D,2
21.57629,82.02238,300.17,0.34,0.56,2023-12-28,2047,N,VIIRS,n,2,287.82,0.61,N,2
22.35105,84.43668,332.97,0.47,0.64,2023-05-18,820,N,VIIRS,l,2,304.41,4.71,D,0
21.92471,83.35154,309.32,0.62,0.54,2023-06-07,1933,N,VIIRS,n,2,291.64,5.25,N,2
19.40987,80.92817,330.43,0.5,0.66,2023-06-07,704,N,VIIRS,n,2,296.28,3.96,D,0
23.33166,83.97233,350.54,0.42,0.61,2023-05-12,652,N,VIIRS,n,2,312.1,4.51,D,0
15.79938,78.93948,330.73,0.51,0.66,2023-02-15,1935,N,VIIRS,n,2,292.67,4.37,N,0
25.02323,94.45877,303.89,0.54,0.51,2023-03-05,1854,N,VIIRS,n,2,284.77,1.26,N,0
14.96304,78.78529,309.63,0.39,0.44,2023-03-07,2000,N,VIIRS,n,2,291.69,1.32,N,0
23.13673,79.13007,307.41,0.47,0.4,2023-04-18,2011,N,VIIRS,n,2,296.0,2.5,N,0
21.83195,82.38121,338.15,0.45,0.47,2023-01-08,717,N,VIIRS,n,2,305.08,4.07,D,0
22.22689,76.10831,340.73,0.44,0.46,2023-03-25,833,N,VIIRS,n,2,308.24,3.32,D,0
19.70787,73.21497,336.05,0.34,0.56,2023-03-13,857,N,VIIRS,n,2,298.52,1.9,D,0
22.79931,86.09051,315.48,0.36,0.57,2023-02-17,2035,N,VIIRS,n,2,290.92,1.98,N,2
23.66778,86.42069,306.85,0.39,0.36,2023-01-18,1957,N,VIIRS,n,2,285.69,1.19,N,0
22.25709,79.44811,339.31,0.44,0.46,2023-05-10,730,N,VIIRS,l,2,313.12,3.45,D,0
19.45209,80.76154,331.02,0.51,0.49,2023-04-16,820,N,VIIRS,l,2,304.73,1.76,D,0
20.96129,85.17435,349.67,0.4,0.44,2023-02-04,710,N,VIIRS,n,2,313.03,5.49,D,2
23.76731,92.29833,348.78,0.49,0.49,2023-04-11,634,N,VIIRS,n,2,304.64,37.68,D,0
31.75223,75.0577,344.9,0.51,0.5,2023-05-10,733,N,VIIRS,n,2,314.13,7.14,D,0
26.25296,93.25432,352.13,0.73,0.76,2023-04-12,756,N,VIIRS,n,2,301.69,10.05,D,0
22.78715,86.20351,327.74,0.49,0.65,2023-01-10,639,N,VIIRS,l,2,301.56,6.28,D,2
17.74284,75.64619,343.4,0.4,0.37,2023-01-16,806,N,VIIRS,n,2,309.48,5.0,D,0
31.86467,77.13225,298.0,0.39,0.59,2023-12-20,1954,N,VIIRS,n,2,280.41,1.62,N,0
23.76506,86.38876,301.45,0.65,0.73,2023-08-17,1901,N,VIIRS,n,2,279.42,2.81,N,2
27.37231,82.72496,347.08,0.38,0.36,2023-04-13,738,N,VIIRS,n,2,316.78,6.16,D,0
22.00674,82.67123,319.31,0.45,0.63,2023-10-14,2053,N,VIIRS,n,2,295.17,2.57,N,2
21.17974,84.54149,310.93,0.5,0.41,2023-03-13,1946,N,VIIRS,n,2,295.15,1.18,N,0
23.33111,93.16092,367.0,0.38,0.36,2023-03-14,658,N,VIIRS,h,2,340.21,121.46,D,0
25.05595,93.42651,303.47,0.39,0.36,2023-03-09,652,N,VIIRS,l,2,305.18,23.73,D,0
21.1819,81.3849,316.42,0.39,0.36,2023-12-03,2016,N,VIIRS,n,2,284.99,1.3,N,3
30.74763,75.24798,339.77,0.41,0.45,2023-12-01,828,N,VIIRS,n,2,297.29,3.41,D,0
21.76494,84.02015,308.76,0.44,0.62,2023-02-27,2048,N,VIIRS,n,2,292.4,1.47,N,2
23.77879,86.39703,310.1,0.41,0.37,2023-02-08,2004,N,VIIRS,n,2,289.54,0.97,N,2
13.24173,74.81399,341.48,0.49,0.48,2023-03-27,753,N,VIIRS,n,2,304.06,3.18,D,0
22.54285,84.72455,307.94,0.52,0.5,2023-04-20,1933,N,VIIRS,n,2,294.26,1.11,N,0
28.30024,79.86177,329.12,0.46,0.47,2023-02-06,815,N,VIIRS,n,2,295.13,2.18,D,0
18.97993,74.79858,340.16,0.42,0.38,2023-05-24,807,N,VIIRS,l,2,313.33,5.48,D,0
22.11863,85.13354,303.91,0.32,0.55,2023-03-05,2036,N,VIIRS,n,2,292.04,1.03,N,0
24.01406,84.00957,350.75,0.44,0.38,2023-04-19,724,N,VIIRS,n,2,319.18,12.1,D,0
23.16798,82.34309,325.42,0.42,0.45,2023-11-16,2034,N,VIIRS,n,2,290.5,3.27,N,2
16.16088,78.81474,337.75,0.39,0.44,2023-03-01,740,N,VIIRS,n,2,306.59,3.1,D,0
22.19784,86.45128,305.31,0.4,0.45,2023-03-03,1933,N,VIIRS,n,2,293.52,1.41,N,0
17.58853,75.84064,332.51,0.57,0.69,2023-06-06,722,N,VIIRS,n,2,299.87,5.28,D,0
23.80642,86.32977,339.35,0.39,0.36,2023-10-12,722,N,VIIRS,l,2,312.25,3.92,D,2
27.07523,80.03776,334.42,0.39,0.59,2023-05-06,706,N,VIIRS,n,2,301.86,1.12,D,0
18.31416,76.78885,333.61,0.48,0.48,2023-06-21,741,N,VIIRS,n,2,296.6,5.31,D,0
23.0048,77.20671,319.94,0.42,0.38,2023-04-11,2043,N,VIIRS,n,2,291.31,1.6,N,0
21.92559,83.80013,335.48,0.39,0.36,2023-03-01,742,N,VIIRS,n,2,306.05,2.11,D,0
25.33635,73.03604,342.84,0.48,0.65,2023-05-21,905,N,VIIRS,n,2,305.9,4.12,D,0
30.8507,75.45618,330.83,0.42,0.45,2023-11-15,828,N,VIIRS,n,2,299.75,3.07,D,0
22.05956,86.38029,333.12,0.48,0.4,2023-03-01,742,N,VIIRS,n,2,303.49,4.25,D,0
23.30432,80.20024,342.6,0.51,0.41,2023-04-06,808,N,VIIRS,n,2,312.46,4.91,D,0
23.06752,78.6899,340.51,0.51,0.41,2023-03-26,814,N,VIIRS,n,2,312.52,3.52,D,0
23.89841,78.88439,301.87,0.38,0.59,2023-04-15,2107,N,VIIRS,n,2,290.81,1.46,N,0
23.5181,82.31361,348.7,0.46,0.39,2023-04-12,756,N,VIIRS,n,2,313.25,5.6,D,0
24.84254,87.44986,334.36,0.39,0.44,2023-03-14,659,N,VIIRS,n,2,301.51,3.5,D,0
30.43234,75.77559,343.48,0.43,0.46,2023-11-15,828,N,VIIRS,n,2,306.47,13.88,D,0
19.31874,80.27973,347.85,0.41,0.37,2023-04-17,801,N,VIIRS,n,2,312.2,6.96,D,0
17.46405,80.65263,303.41,0.5,0.41,2023-05-10,2000,N,VIIRS,n,2,280.26,0.49,N,0
21.87372,81.96573,338.38,0.61,0.53,2023-05-27,711,N,VIIRS,n,2,303.54,3.99,D,0
23.77113,86.20449,306.81,0.44,0.46,2023-02-23,2022,N,VIIRS,n,2,290.83,1.69,N,2
19.95519,84.25726,335.35,0.38,0.36,2023-03-28,736,N,VIIRS,n,2,304.58,2.32,D,0
31.57932,75.14455,330.7,0.71,0.75,2023-05-17,701,N,VIIRS,l,2,302.78,4.01,D,0
22.77401,87.40604,336.85,0.39,0.36,2023-11-24,716,N,VIIRS,n,2,305.19,5.2,D,0
22.37722,87.28001,320.54,0.34,0.56,2023-02-12,2029,N,VIIRS,n,2,292.8,2.1,N,2
28.70249,80.01817,306.58,0.39,0.36,2023-02-28,2028,N,VIIRS,n,2,270.36,1.27,N,0
22.07041,86.15967,340.44,0.59,0.53,2023-02-28,801,N,VIIRS,n,2,304.11,6.29,D,0
21.77788,78.7315,341.67,0.32,0.55,2023-02-21,832,N,VIIRS,n,2,311.58,4.22,D,0
21.56067,75.95362,343.29,0.34,0.56,2023-02-15,845,N,VIIRS,n,2,312.17,4.09,D,0
24.77244,79.12646,344.3,0.41,0.37,2023-04-17,802,N,VIIRS,l,2,316.87,6.48,D,0
22.88997,76.99487,349.47,0.39,0.36,2023-04-01,802,N,VIIRS,n,2,319.18,8.78,D,0
22.97221,78.25019,302.63,0.36,0.58,2023-11-09,2106,N,VIIRS,n,2,287.06,0.46,N,0
25.20048,93.2594,353.95,0.4,0.6,2023-03-11,615,N,VIIRS,n,2,294.15,7.47,D,0
21.24801,79.2225,304.1,0.4,0.37,2023-05-09,2018,N,VIIRS,n,2,284.01,0.6,N,2
31.20472,74.75204,342.57,0.45,0.47,2023-05-15,739,N,VIIRS,l,2,314.29,7.06,D,0
31.70505,75.02362,349.13,0.49,0.49,2023-05-12,836,N,VIIRS,n,2,311.14,7.05,D,0
26.07653,78.72037,330.14,0.5,0.41,2023-11-07,736,N,VIIRS,l,2,301.82,2.36,D,0
20.49777,73.91728,338.69,0.39,0.36,2023-02-06,813,N,VIIRS,n,2,311.07,10.37,D,0
17.65486,82.11712,302.41,0.41,0.45,2023-03-13,1947,N,VIIRS,n,2,291.53,0.89,N,0
20.91544,74.46561,334.07,0.54,0.68,2023-04-03,904,N,VIIRS,l,2,304.7,2.67,D,0
23.76006,91.82152,347.73,0.57,0.52,2023-04-13,737,N,VIIRS,n,2,305.34,9.15,D,0
21.15877,70.17451,338.11,0.4,0.37,2023-03-04,826,N,VIIRS,n,2,310.87,2.28,D,0
14.04047,76.79243,347.52,0.47,0.4,2023-02-16,824,N,VIIRS,n,2,318.8,8.81,D,0
22.25378,86.51044,338.21,0.42,0.38,2023-03-13,717,N,VIIRS,n,2,308.3,4.57,D,0
20.92496,81.9601,351.97,0.39,0.36,2023-12-19,747,N,VIIRS,n,2,300.58,6.18,D,0
25.88645,91.74464,335.24,0.48,0.48,2023-04-08,731,N,VIIRS,n,2,296.27,10.78,D,0
31.19586,74.81405,350.59,0.43,0.38,2023-11-05,815,N,VIIRS,n,2,310.75,24.81,D,0
22.42391,77.26491,302.45,0.48,0.65,2023-03-29,1946,N,VIIRS,n,2,279.12,1.31,N,0
15.47796,78.00501,340.8,0.47,0.4,2023-02-11,818,N,VIIRS,l,2,311.27,4.95,D,0
22.73515,93.03071,348.16,0.39,0.36,2023-03-14,658,N,VIIRS,n,2,313.48,5.58,D,0
19.94129,78.65737,345.15,0.47,0.4,2023-03-10,813,N,VIIRS,n,2,311.0,3.75,D,0
17.36209,75.9996,337.26,0.44,0.63,2023-03-23,729,N,VIIRS,n,2,303.23,3.82,D,0
29.27636,80.13105,302.89,0.39,0.36,2023-04-28,2022,N,VIIRS,n,2,287.27,0.46,N,0
24.67407,76.90399,354.63,0.46,0.39,2023-04-23,750,N,VIIRS,n,2,322.41,15.72,D,0
17.89891,75.94617,350.04,0.4,0.37,2023-02-17,806,N,VIIRS,n,2,318.67,5.57,D,0
25.25781,84.20362,334.61,0.48,0.4,2023-12-26,716,N,VIIRS,n,2,295.14,7.75,D,0
30.15329,75.20124,334.92,0.49,0.49,2023-11-04,834,N,VIIRS,n,2,296.71,6.36,D,0
26.1123,93.27165,342.23,0.49,0.49,2023-05-08,628,N,VIIRS,n,2,301.06,5.51,D,0
22.13667,79.36324,334.74,0.34,0.56,2023-11-08,716,N,VIIRS,n,2,301.68,2.11,D,0
22.42685,77.44711,337.3,0.38,0.36,2023-10-26,800,N,VIIRS,l,2,311.24,4.56,D,0
23.77147,86.19988,313.74,0.38,0.36,2023-11-18,1956,N,VIIRS,n,2,294.25,2.34,N,2
23.86182,83.18537,352.1,0.39,0.36,2023-05-15,736,N,VIIRS,n,2,315.89,5.09,D,0
21.17331,86.05813,338.38,0.46,0.47,2023-02-07,754,N,VIIRS,l,2,310.12,91.71,D,0
25.30413,83.83099,354.68,0.46,0.64,2023-04-16,821,N,VIIRS,n,2,307.01,7.9,D,0
26.38662,81.14227,337.92,0.42,0.45,2023-04-22,809,N,VIIRS,l,2,308.94,3.0,D,0
23.28324,77.83752,343.37,0.58,0.52,2023-02-21,833,N,VIIRS,n,2,315.15,8.44,D,0
23.74157,86.42233,309.11,0.39,0.36,2023-04-03,1952,N,VIIRS,n,2,292.55,0.82,N,2
17.62068,75.29019,330.33,0.4,0.37,2023-01-26,819,N,VIIRS,n,2,300.16,1.15,D,0
21.30798,83.09528,327.69,0.52,0.41,2023-12-15,722,N,VIIRS,n,2,301.48,2.71,D,0
17.69199,77.0613,367.0,0.58,0.7,2023-01-24,856,N,VIIRS,h,2,296.78,9.36,D,0
27.36105,96.11752,345.67,0.59,0.53,2023-04-14,719,N,VIIRS,n,2,298.65,13.03,D,0
21.24464,79.22895,304.35,0.35,0.57,2023-03-13,1946,N,VIIRS,n,2,291.04,1.08,N,2
30.07016,75.79256,332.11,0.45,0.39,2023-10-20,815,N,VIIRS,n,2,302.12,2.65,D,0
21.42933,82.87345,345.68,0.4,0.37,2023-04-13,736,N,VIIRS,n,2,315.74,5.16,D,0
16.68291,75.24111,333.49,0.53,0.5,2023-01-30,844,N,VIIRS,n,2,304.25,3.65,D,0
19.75745,83.77962,308.13,0.47,0.39,2023-03-06,2018,N,VIIRS,n,2,290.67,0.74,N,0
18.63942,82.05993,341.84,0.44,0.39,2023-02-08,735,N,VIIRS,n,2,306.96,7.86,D,0
24.46278,78.34762,348.69,0.39,0.36,2023-04-12,756,N,VIIRS,n,2,320.69,6.37,D,0
30.18151,75.7682,332.85,0.4,0.37,2023-11-16,809,N,VIIRS,n,2,303.59,3.03,D,0
20.20874,77.18555,336.6,0.41,0.61,2023-04-03,724,N,VIIRS,l,2,309.55,4.82,D,0
20.30617,80.57836,307.04,0.55,0.43,2023-03-05,2036,N,VIIRS,n,2,293.93,2.69,N,0
21.73018,82.2645,350.86,0.38,0.36,2023-04-18,743,N,VIIRS,n,2,320.84,12.78,D,0
15.6732,77.47779,337.73,0.41,0.37,2023-01-27,759,N,VIIRS,l,2,311.79,3.3,D,0
23.56309,83.45457,335.95,0.56,0.43,2023-04-14,718,N,VIIRS,l,2,308.58,2.3,D,0
16.05568,78.7963,341.59,0.44,0.38,2023-03-10,812,N,VIIRS,n,2,311.21,3.79,D,0
24.25938,92.82788,342.09,0.41,0.37,2023-03-09,652,N,VIIRS,n,2,308.64,21.73,D,0
22.78857,86.20615,340.28,0.39,0.44,2023-03-22,749,N,VIIRS,n,2,303.99,6.31,D,2
21.45614,83.27525,309.06,0.43,0.38,2023-03-06,2017,N,VIIRS,n,2,294.95,1.84,N,0
23.55901,87.23964,339.38,0.44,0.38,2023-04-29,2004,N,VIIRS,n,2,294.79,11.71,N,2
17.08087,78.09597,314.01,0.46,0.47,2023-02-11,2050,N,VIIRS,n,2,275.59,0.86,N,0
23.7332,86.42271,308.67,0.41,0.37,2023-01-23,2004,N,VIIRS,n,2,291.32,0.84,N,2
23.6917,87.11259,304.58,0.43,0.38,2023-02-24,2004,N,VIIRS,n,2,291.59,1.55,N,2
19.05459,73.73055,301.01,0.45,0.39,2023-04-21,2056,N,VIIRS,n,2,289.96,0.42,N,0
22.4895,84.67823,332.63,0.61,0.54,2023-03-05,807,N,VIIRS,l,2,304.59,5.35,D,0
19.09125,80.19753,341.53,0.4,0.37,2023-04-17,801,N,VIIRS,l,2,314.02,7.11,D,0
23.47189,80.4514,347.25,0.53,0.42,2023-04-06,808,N,VIIRS,n,2,310.63,6.57,D,0
32.07717,75.29673,346.76,0.49,0.65,2023-05-11,855,N,VIIRS,n,2,312.74,5.62,D,0
22.35923,82.48168,337.04,0.44,0.63,2023-03-04,826,N,VIIRS,n,2,310.64,2.96,D,0
30.29596,76.48213,341.59,0.43,0.62,2023-05-11,714,N,VIIRS,n,2,311.64,4.43,D,0
30.9145,76.34999,334.56,0.47,0.47,2023-05-23,829,N,VIIRS,n,2,288.29,5.08,D,0
23.04419,83.49058,308.89,0.4,0.44,2023-05-16,1945,N,VIIRS,n,2,293.88,1.21,N,0
23.16776,79.7872,356.87,0.62,0.72,2023-11-14,844,N,VIIRS,n,2,300.64,12.56,D,0
21.88582,82.42866,330.69,0.46,0.39,2023-03-07,730,N,VIIRS,l,2,304.9,1.46,D,0
20.82708,83.03461,334.26,0.43,0.62,2023-02-26,658,N,VIIRS,l,2,305.89,3.89,D,0
14.16637,75.26904,334.8,0.41,0.37,2023-03-20,825,N,VIIRS,n,2,306.58,2.15,D,0
23.11942,84.443,306.98,0.4,0.37,2023-04-18,2011,N,VIIRS,n,2,293.56,1.81,N,0
25.88314,94.38335,332.18,0.63,0.72,2023-04-13,557,N,VIIRS,n,2,294.84,49.61,D,0
25.93594,92.64075,332.35,0.34,0.56,2023-04-13,737,N,VIIRS,n,2,300.73,2.08,D,0
22.33169,82.60504,308.14,0.38,0.36,2023-04-02,2011,N,VIIRS,n,2,294.23,1.2,N,2
30.15134,75.92255,335.58,0.38,0.36,2023-11-11,802,N,VIIRS,n,2,301.46,3.11,D,0
20.17038,80.14746,334.28,0.54,0.51,2023-04-19,724,N,VIIRS,l,2,307.65,2.07,D,0
29.97226,76.27657,344.93,0.47,0.39,2023-05-13,816,N,VIIRS,n,2,314.12,6.59,D,0
22.40246,79.82803,328.58,0.5,0.66,2023-11-14,704,N,VIIRS,l,2,302.23,4.28,D,0
17.51166,80.67211,335.31,0.38,0.36,2023-03-11,754,N,VIIRS,n,2,306.18,1.81,D,0
19.19436,78.78788,306.99,0.58,0.7,2023-03-03,2114,N,VIIRS,n,2,290.97,2.0,N,0
26.96187,81.68829,333.69,0.5,0.41,2023-01-29,725,N,VIIRS,n,2,295.11,3.47,D,0
13.30481,76.18939,330.36,0.72,0.76,2023-03-07,908,N,VIIRS,n,2,298.77,4.83,D,0
18.22527,76.90408,298.61,0.37,0.58,2023-03-30,2109,N,VIIRS,n,2,288.2,0.56,N,0
23.47772,82.58607,344.27,0.51,0.41,2023-04-19,724,N,VIIRS,n,2,315.53,7.54,D,0
21.38199,81.65476,301.71,0.42,0.37,2023-11-23,2004,N,VIIRS,n,2,290.86,1.17,N,2
24.16698,80.69537,305.03,0.5,0.49,2023-10-25,2047,N,VIIRS,n,2,290.42,1.36,N,2
22.45142,86.70131,342.06,0.43,0.38,2023-02-24,736,N,VIIRS,n,2,310.39,7.2,D,0
20.59621,83.88224,335.3,0.39,0.36,2023-04-18,742,N,VIIRS,l,2,310.07,3.16,D,0
25.66644,76.59736,349.07,0.46,0.39,2023-11-01,749,N,VIIRS,n,2,310.16,22.52,D,0
22.12335,81.66601,343.68,0.42,0.38,2023-05-30,755,N,VIIRS,l,2,315.0,11.39,D,0
29.69742,75.46217,334.49,0.54,0.42,2023-05-04,745,N,VIIRS,l,2,307.64,3.52,D,0
20.98693,85.12904,311.95,0.41,0.37,2023-11-29,1951,N,VIIRS,n,2,291.47,1.46,N,2
25.85108,93.94057,367.0,0.67,0.73,2023-04-13,557,N,VIIRS,h,2,298.45,28.7,D,0
29.94822,75.51794,333.65,0.4,0.37,2023-10-31,809,N,VIIRS,n,2,299.06,2.02,D,0
17.90096,80.42133,348.52,0.46,0.39,2023-03-01,741,N,VIIRS,n,2,312.71,5.09,D,0
25.37272,86.82829,338.29,0.46,0.39,2023-05-31,737,N,VIIRS,n,2,306.57,5.03,D,0
15.10973,75.98381,332.5,0.36,0.57,2023-12-21,848,N,VIIRS,n,2,299.32,2.15,D,0
23.76739,86.37121,312.62,0.36,0.57,2023-08-28,2035,N,VIIRS,n,2,290.08,1.91,N,2
29.85322,74.67014,333.86,0.37,0.58,2023-05-05,726,N,VIIRS,l,2,304.0,0.61,D,0
21.69202,72.66166,299.73,0.58,0.7,2023-02-03,1958,N,VIIRS,n,2,288.39,0.87,N,0
21.09885,84.98663,334.51,0.49,0.4,2023-12-19,747,N,VIIRS,n,2,300.6,3.61,D,0
24.98628,93.96239,302.84,0.56,0.43,2023-02-27,1907,N,VIIRS,n,2,283.58,0.98,N,0
23.22828,92.48067,334.29,0.68,0.74,2023-02-28,2028,N,VIIRS,n,2,289.14,2.79,N,0
20.194,82.29976,337.42,0.4,0.44,2023-02-14,723,N,VIIRS,l,2,307.87,4.12,D,0
30.61734,74.13047,345.98,0.43,0.46,2023-05-12,835,N,VIIRS,n,2,315.87,4.93,D,0
23.76054,86.40327,313.28,0.52,0.41,2023-02-04,1939,N,VIIRS,n,2,290.11,2.32,N,2
31.51614,75.37695,333.53,0.4,0.37,2023-11-06,756,N,VIIRS,n,2,298.49,2.68,D,0
24.25873,92.8335,333.8,0.38,0.36,2023-03-14,658,N,VIIRS,n,2,301.15,52.45,D,0
23.59189,82.64697,304.1,0.44,0.38,2023-04-12,2024,N,VIIRS,n,2,291.5,0.53,N,0
21.48637,81.7689,303.16,0.41,0.45,2023-03-05,2036,N,VIIRS,n,2,292.0,0.81,N,2
31.8843,75.13467,346.79,0.51,0.49,2023-05-10,733,N,VIIRS,n,2,315.46,10.43,D,0
23.68648,86.38881,304.06,0.38,0.36,2023-01-02,1957,N,VIIRS,n,2,288.59,2.17,N,2
23.62943,84.04852,339.83,0.44,0.38,2023-04-19,724,N,VIIRS,l,2,313.17,6.15,D,0
22.8141,85.938,304.5,0.4,0.37,2023-03-02,1951,N,VIIRS,n,2,291.34,0.76,N,0
23.55294,87.24348,308.75,0.47,0.47,2023-05-01,1927,N,VIIRS,n,2,293.42,1.36,N,3
20.44977,80.51849,304.68,0.45,0.39,2023-03-12,2005,N,VIIRS,n,2,294.45,1.33,N,0
19.04435,73.74765,335.43,0.46,0.64,2023-02-14,903,N,VIIRS,n,2,306.82,6.67,D,0
17.57442,81.50893,335.37,0.43,0.38,2023-04-17,800,N,VIIRS,l,2,306.93,4.03,D,0
23.81107,79.76173,350.71,0.61,0.53,2023-02-25,718,N,VIIRS,n,2,311.51,15.95,D,0
15.40418,78.51581,342.3,0.33,0.55,2023-11-18,727,N,VIIRS,n,2,297.78,3.32,D,0
20.84373,80.07572,333.87,0.66,0.73,2023-06-02,658,N,VIIRS,n,2,300.43,5.85,D,0
22.37763,87.28001,315.75,0.43,0.62,2023-10-15,2034,N,VIIRS,n,2,295.22,1.87,N,2
15.28906,80.03416,334.91,0.49,0.4,2023-06-30,811,N,VIIRS,n,2,297.52,2.02,D,0
25.42668,93.53969,330.62,0.39,0.44,2023-04-14,718,N,VIIRS,n,2,299.9,3.54,D,0
23.55588,87.24037,313.22,0.52,0.5,2023-07-01,2022,N,VIIRS,n,2,286.03,2.21,N,2
18.76316,80.32528,355.04,0.38,0.36,2023-04-12,755,N,VIIRS,n,2,311.05,6.75,D,0
19.81777,79.35301,346.76,0.39,0.36,2023-05-14,754,N,VIIRS,l,2,321.5,7.96,D,0
19.83394,82.68238,334.79,0.6,0.53,2023-02-20,710,N,VIIRS,n,2,307.61,4.93,D,0
23.61132,77.37038,349.76,0.55,0.51,2023-04-24,731,N,VIIRS,n,2,314.44,15.06,D,0
17.71048,75.0916,331.82,0.39,0.36,2023-11-10,818,N,VIIRS,n,2,293.68,2.41,D,0
24.98618,75.444,336.76,0.68,0.74,2023-04-19,906,N,VIIRS,n,2,302.97,7.71,D,0
23.96541,88.56539,332.49,0.45,0.47,2023-04-02,743,N,VIIRS,n,2,299.27,3.34,D,0
15.5005,78.61448,339.77,0.39,0.36,2023-03-05,806,N,VIIRS,n,2,310.34,3.01,D,0
15.04016,75.01411,347.21,0.56,0.51,2023-04-23,747,N,VIIRS,n,2,314.42,8.06,D,0
16.00287,78.47766,350.19,0.41,0.45,2023-04-02,741,N,VIIRS,n,2,312.17,5.25,D,0
23.07864,75.93262,367.0,0.54,0.42,2023-04-05,827,N,VIIRS,h,2,315.38,14.46,D,0
22.50205,85.21217,304.3,0.48,0.65,2023-04-21,1914,N,VIIRS,n,2,291.16,1.22,N,0
30.2368,75.54667,339.5,0.52,0.5,2023-11-04,834,N,VIIRS,n,2,296.99,5.62,D,0
13.48551,75.50485,304.75,0.5,0.66,2023-02-25,1948,N,VIIRS,n,2,290.95,1.38,N,0
20.6048,82.18856,336.64,0.51,0.49,2023-05-29,813,N,VIIRS,n,2,300.77,5.0,D,0
17.48314,77.01397,346.08,0.41,0.37,2023-04-01,800,N,VIIRS,n,2,317.83,26.08,D,0
22.64143,86.0666,341.94,0.41,0.45,2023-03-03,704,N,VIIRS,n,2,308.57,3.62,D,0
8.41833,78.04685,330.94,0.45,0.39,2023-06-04,757,N,VIIRS,l,2,301.63,0.72,D,0
21.81067,81.89299,330.27,0.42,0.38,2023-12-25,734,N,VIIRS,n,2,302.04,2.54,D,0
16.74316,78.94199,330.44,0.37,0.58,2023-01-29,722,N,VIIRS,l,2,303.54,2.37,D,0
25.11969,85.47011,353.97,0.57,0.43,2023-05-09,749,N,VIIRS,n,2,318.99,15.47,D,0
23.0736,77.9699,307.71,0.44,0.63,2023-03-29,1946,N,VIIRS,n,2,287.96,0.83,N,0
24.17468,78.81395,337.14,0.44,0.46,2023-04-08,731,N,VIIRS,n,2,304.09,3.05,D,0
21.1065,72.64251,324.41,0.45,0.47,2023-04-28,2024,N,VIIRS,n,2,292.9,7.51,N,2
12.69328,77.7843,331.25,0.44,0.62,2023-03-08,849,N,VIIRS,l,2,305.69,1.83,D,0
13.27985,80.31743,311.2,0.46,0.47,2023-04-22,2039,N,VIIRS,n,2,293.72,1.85,N,0
21.63557,80.75883,330.49,0.38,0.36,2023-03-06,2017,N,VIIRS,n,2,291.81,3.43,N,0
22.06798,86.29929,305.92,0.38,0.59,2023-03-05,2036,N,VIIRS,n,2,290.25,0.81,N,0
15.95339,77.86485,340.35,0.45,0.39,2023-10-05,752,N,VIIRS,n,2,301.03,4.81,D,0
15.16976,76.66462,318.46,0.42,0.45,2023-01-23,2006,N,VIIRS,n,2,291.51,3.08,N,2
25.38721,75.79778,331.56,0.39,0.36,2023-10-31,807,N,VIIRS,l,2,305.41,1.1,D,0
13.97485,78.05476,302.51,0.34,0.56,2023-02-25,1948,N,VIIRS,n,2,292.48,0.76,N,0
22.78832,86.20576,308.22,0.47,0.47,2023-01-22,2023,N,VIIRS,n,2,292.22,1.49,N,2
22.36202,87.01912,316.95,0.4,0.37,2023-12-20,1956,N,VIIRS,n,2,289.54,1.23,N,2
23.67075,86.41972,298.62,0.57,0.52,2023-02-12,2029,N,VIIRS,n,2,287.37,1.19,N,0
23.85244,92.15728,322.28,0.52,0.5,2023-03-12,2004,N,VIIRS,n,2,294.31,3.95,N,0
15.1767,78.79911,309.89,0.51,0.66,2023-03-03,1935,N,VIIRS,n,2,292.57,1.94,N,0
22.20704,84.8701,304.47,0.43,0.38,2023-03-02,1952,N,VIIRS,n,2,292.05,0.92,N,2
22.72967,77.5341,306.36,0.47,0.64,2023-03-29,1946,N,VIIRS,n,2,277.59,1.81,N,0
17.11342,79.69744,346.52,0.41,0.61,2023-06-02,837,N,VIIRS,n,2,307.76,3.38,D,0
22.79019,86.19748,322.97,0.52,0.5,2023-12-27,1925,N,VIIRS,n,2,291.4,4.99,N,2
25.28052,90.11846,346.71,0.46,0.64,2023-03-27,756,N,VIIRS,n,2,295.77,6.49,D,0
21.20213,82.82052,350.17,0.36,0.58,2023-12-28,818,N,VIIRS,n,2,293.98,6.46,D,0
21.58252,83.26701,332.35,0.42,0.38,2023-12-19,747,N,VIIRS,n,2,297.53,3.24,D,0
27.37889,83.57961,332.92,0.39,0.44,2023-06-15,756,N,VIIRS,l,2,303.52,2.55,D,0
18.35192,79.71909,338.81,0.39,0.59,2023-02-09,716,N,VIIRS,n,2,306.68,6.0,D,0
21.83733,87.50537,337.26,0.34,0.56,2023-12-17,644,N,VIIRS,n,2,299.28,3.19,D,0
17.75863,82.25276,320.46,0.33,0.55,2023-03-03,1934,N,VIIRS,n,2,290.0,1.13,N,0
22.59936,79.80829,336.89,0.5,0.41,2023-11-07,735,N,VIIRS,n,2,303.38,3.09,D,0
19.91765,84.62585,327.43,0.39,0.36,2023-01-07,2005,N,VIIRS,n,2,283.9,2.76,N,0
23.60123,82.78189,306.88,0.45,0.47,2023-04-14,1946,N,VIIRS,n,2,295.14,2.84,N,0
25.40358,76.98982,332.91,0.53,0.42,2023-10-27,742,N,VIIRS,l,2,306.63,3.0,D,0
22.31376,82.52371,302.91,0.56,0.51,2023-01-19,1939,N,VIIRS,n,2,289.13,1.02,N,2
15.7562,78.83939,308.2,0.32,0.55,2023-02-25,1947,N,VIIRS,n,2,294.9,0.89,N,0
25.91032,91.68262,346.31,0.43,0.38,2023-04-10,653,N,VIIRS,n,2,305.63,7.86,D,0
21.57443,83.47062,348.34,0.64,0.72,2023-03-09,832,N,VIIRS,n,2,297.1,9.78,D,0
23.61116,87.27747,333.91,0.33,0.55,2023-05-07,646,N,VIIRS,l,2,307.87,2.74,D,0
18.79929,83.14385,346.75,0.46,0.39,2023-04-08,729,N,VIIRS,l,2,307.42,39.79,D,0
21.5155,85.42687,333.55,0.53,0.5,2023-04-17,801,N,VIIRS,l,2,305.22,7.7,D,0
18.38093,74.75897,341.8,0.33,0.55,2023-03-08,851,N,VIIRS,n,2,305.26,2.41,D,0
17.70182,73.36567,334.92,0.49,0.41,2023-04-22,807,N,VIIRS,l,2,309.2,4.6,D,0
22.98896,75.54704,330.2,0.33,0.55,2023-04-20,846,N,VIIRS,l,2,302.34,1.45,D,0
19.6501,80.79619,338.51,0.42,0.38,2023-04-18,742,N,VIIRS,l,2,307.3,6.34,D,0
21.18577,79.49237,340.13,0.56,0.69,2023-04-04,705,N,VIIRS,n,2,300.13,6.07,D,0
8.3193,93.11526,336.83,0.52,0.42,2023-03-23,726,N,VIIRS,n,2,303.69,6.35,D,0
25.35691,87.27666,338.04,0.39,0.36,2023-04-03,725,N,VIIRS,n,2,306.88,6.01,D,0
20.31259,80.2477,308.42,0.47,0.39,2023-03-12,2005,N,VIIRS,n,2,295.29,1.35,N,0
24.32261,77.94505,339.73,0.49,0.4,2023-11-05,813,N,VIIRS,n,2,307.42,6.1,D,0
32.25596,75.52264,325.43,0.39,0.36,2023-12-29,803,N,VIIRS,n,2,293.27,1.93,D,0
18.75785,73.62701,335.06,0.47,0.48,2023-04-28,755,N,VIIRS,n,2,303.67,8.28,D,0
21.67015,70.84387,350.19,0.49,0.49,2023-04-17,802,N,VIIRS,l,2,322.88,17.11,D,0
22.52562,84.9762,344.41,0.39,0.36,2023-03-07,730,N,VIIRS,n,2,307.21,3.35,D,0
17.80393,80.04185,338.48,0.44,0.62,2023-06-02,838,N,VIIRS,n,2,304.71,3.56,D,0
28.03216,81.35081,336.36,0.38,0.36,2023-05-20,744,N,VIIRS,l,2,309.45,2.15,D,0
18.61769,80.40203,341.32,0.54,0.42,2023-02-24,735,N,VIIRS,n,2,309.95,6.03,D,0
17.96352,82.84864,336.86,0.39,0.36,2023-03-06,747,N,VIIRS,n,2,306.32,3.87,D,0
29.79304,78.89223,327.43,0.52,0.5,2023-02-25,719,N,VIIRS,n,2,296.11,4.66,D,0
9.11342,76.88789,331.77,0.42,0.45,2023-04-12,752,N,VIIRS,n,2,300.06,2.57,D,0
18.40115,78.29757,332.19,0.48,0.48,2023-05-15,735,N,VIIRS,l,2,307.1,7.54,D,0
18.72079,79.53447,317.24,0.42,0.45,2023-01-21,2043,N,VIIRS,n,2,294.03,1.73,N,2
22.49553,86.43458,308.27,0.39,0.36,2023-03-02,1951,N,VIIRS,n,2,290.34,1.92,N,0
21.83832,85.14319,307.28,0.39,0.36,2023-04-13,2005,N,VIIRS,n,2,295.46,1.63,N,0
22.77282,86.34267,352.45,0.5,0.66,2023-02-06,814,N,VIIRS,n,2,302.18,6.55,D,0
29.88601,75.5564,338.45,0.44,0.38,2023-11-05,815,N,VIIRS,n,2,302.86,5.16,D,0
20.96936,85.01308,309.05,0.38,0.58,2023-01-20,1920,N,VIIRS,n,2,290.03,0.84,N,0
22.04374,85.50305,349.36,0.54,0.51,2023-02-28,801,N,VIIRS,n,2,312.24,28.79,D,0
21.74923,82.85174,336.98,0.44,0.38,2023-01-02,729,N,VIIRS,n,2,300.14,3.15,D,0
22.17538,84.43825,340.35,0.52,0.41,2023-04-14,718,N,VIIRS,n,2,310.53,2.79,D,0
13.65699,76.54979,338.48,0.4,0.37,2023-02-17,805,N,VIIRS,n,2,311.96,11.25,D,0
30.24285,75.25014,332.2,0.54,0.42,2023-11-12,744,N,VIIRS,n,2,299.31,3.42,D,0
24.30072,77.46419,305.32,0.38,0.59,2023-04-20,2114,N,VIIRS,n,2,289.37,0.53,N,0
19.22616,80.68359,335.02,0.43,0.38,2023-04-18,742,N,VIIRS,l,2,307.39,3.74,D,0
20.11495,79.04271,339.59,0.4,0.6,2023-04-14,717,N,VIIRS,n,2,300.55,3.07,D,0
10.30974,77.50283,303.11,0.54,0.51,2023-02-27,2052,N,VIIRS,n,2,284.57,1.58,N,0
29.73838,75.12479,343.12,0.56,0.52,2023-04-24,733,N,VIIRS,n,2,312.0,4.56,D,0
19.60692,82.72495,342.82,0.54,0.51,2023-01-21,813,N,VIIRS,n,2,304.26,5.54,D,0
23.95655,91.47619,334.25,0.4,0.37,2023-03-24,711,N,VIIRS,n,2,300.0,3.31,D,0
18.47486,73.44527,337.15,0.39,0.36,2023-04-05,826,N,VIIRS,l,2,307.78,1.12,D,0
21.69328,87.34122,336.01,0.45,0.39,2023-12-25,734,N,VIIRS,n,2,301.37,5.18,D,0
27.78517,77.28575,336.12,0.39,0.44,2023-10-09,820,N,VIIRS,n,2,303.44,1.65,D,0
18.09066,77.64113,335.38,0.34,0.56,2023-02-19,729,N,VIIRS,n,2,308.9,1.38,D,0
25.0435,93.97163,311.79,0.43,0.38,2023-05-11,1938,N,VIIRS,n,2,290.66,1.62,N,0
18.41868,78.22608,334.7,0.48,0.48,2023-02-08,735,N,VIIRS,n,2,308.53,4.01,D,0
29.58787,75.4165,337.42,0.39,0.36,2023-10-10,802,N,VIIRS,n,2,301.0,3.0,D,0
23.40981,87.53762,344.56,0.43,0.38,2023-03-08,711,N,VIIRS,n,2,305.34,12.5,D,0
25.47869,90.89474,333.69,0.42,0.45,2023-04-08,731,N,VIIRS,n,2,304.99,3.99,D,0
18.66488,83.73557,307.08,0.41,0.37,2023-03-01,2011,N,VIIRS,n,2,295.74,2.11,N,0
24.60493,94.1547,325.28,0.41,0.37,2023-02-16,646,N,VIIRS,l,2,298.33,2.26,D,0
23.78796,86.37266,304.27,0.41,0.37,2023-02-24,2004,N,VIIRS,n,2,290.38,1.43,N,2
22.57653,79.80191,342.63,0.48,0.4,2023-05-08,808,N,VIIRS,n,2,306.42,8.91,D,0
21.75269,85.17657,340.05,0.41,0.45,2023-04-12,755,N,VIIRS,n,2,308.43,5.3,D,0
23.08733,72.24837,336.71,0.41,0.45,2023-04-04,846,N,VIIRS,l,2,307.59,4.99,D,0
20.17599,80.89719,312.49,0.39,0.36,2023-04-18,2012,N,VIIRS,n,2,297.7,2.47,N,0
22.10368,86.19363,302.56,0.52,0.5,2023-02-26,1926,N,VIIRS,n,2,290.96,0.8,N,0
14.36882,77.15246,344.38,0.41,0.45,2023-02-21,830,N,VIIRS,n,2,317.22,5.36,D,0
31.15855,74.9475,367.0,0.37,0.58,2023-02-15,848,N,VIIRS,h,2,292.07,3.6,D,0
21.6699,81.65524,340.13,0.39,0.36,2023-05-25,748,N,VIIRS,l,2,312.58,4.42,D,0
25.79732,94.01868,298.39,0.5,0.49,2023-03-07,1957,N,VIIRS,n,2,286.17,1.09,N,0
30.49459,74.02573,338.95,0.62,0.54,2023-11-18,731,N,VIIRS,n,2,297.74,6.1,D,0
22.45948,76.57578,356.76,0.48,0.64,2023-02-20,851,N,VIIRS,n,2,311.33,16.78,D,0
21.95854,86.17758,335.35,0.38,0.58,2023-03-05,807,N,VIIRS,l,2,305.53,5.44,D,0
18.67575,83.75018,337.35,0.61,0.53,2023-04-11,813,N,VIIRS,n,2,297.46,6.6,D,0
24.87438,79.33128,338.66,0.48,0.48,2023-05-18,821,N,VIIRS,l,2,310.06,9.71,D,0
21.47738,75.29095,344.22,0.39,0.59,2023-03-24,852,N,VIIRS,n,2,309.16,5.3,D,0
22.44086,86.95699,336.04,0.54,0.68,2023-02-22,813,N,VIIRS,n,2,301.56,5.59,D,0
23.10503,70.18698,308.64,0.34,0.56,2023-11-22,2022,N,VIIRS,n,2,293.69,1.06,N,2
24.49446,94.11922,326.48,0.47,0.4,2023-03-31,640,N,VIIRS,n,2,295.66,3.1,D,0
23.52316,79.95032,334.92,0.51,0.66,2023-11-25,838,N,VIIRS,n,2,301.09,4.0,D,0
21.66222,83.39103,339.48,0.43,0.38,2023-05-25,2017,N,VIIRS,n,2,297.0,10.07,N,0
19.95909,83.57607,340.17,0.42,0.45,2023-04-14,717,N,VIIRS,n,2,305.23,3.95,D,0
27.36122,84.32226,312.68,0.47,0.39,2023-04-12,2022,N,VIIRS,n,2,296.56,2.39,N,0
25.24518,87.19621,339.63,0.39,0.44,2023-05-20,743,N,VIIRS,l,2,312.46,9.63,D,0
19.44161,83.86911,347.58,0.41,0.6,2023-04-15,658,N,VIIRS,n,2,299.85,4.02,D,0
20.96141,85.1752,321.99,0.41,0.37,2023-03-18,1952,N,VIIRS,n,2,289.67,2.82,N,2
17.66571,80.33712,344.78,0.38,0.36,2023-04-12,754,N,VIIRS,n,2,310.06,3.73,D,0
23.80268,86.32674,310.78,0.55,0.43,2023-02-18,2016,N,VIIRS,n,2,294.46,3.11,N,2
20.77762,72.95867,328.69,0.44,0.38,2023-01-16,2036,N,VIIRS,n,2,287.37,2.63,N,0
23.0003,75.41344,301.38,0.5,0.41,2023-04-12,2024,N,VIIRS,n,2,291.18,0.91,N,0
22.1737,86.68414,330.11,0.39,0.36,2023-12-20,728,N,VIIRS,n,2,297.94,2.46,D,0
25.10833,86.43967,338.26,0.45,0.39,2023-04-09,712,N,VIIRS,n,2,307.03,2.87,D,0
21.32533,81.57985,298.75,0.32,0.54,2023-12-12,2047,N,VIIRS,n,2,284.75,0.47,N,0
29.911,74.9413,327.88,0.32,0.55,2023-01-12,2009,N,VIIRS,n,2,283.4,10.96,N,0
30.67816,76.52855,330.65,0.46,0.64,2023-10-29,847,N,VIIRS,n,2,297.65,2.57,D,0
23.56098,84.85924,335.27,0.39,0.36,2023-05-15,736,N,VIIRS,l,2,308.77,2.98,D,0
15.12415,76.7104,344.78,0.39,0.44,2023-02-21,831,N,VIIRS,n,2,316.34,5.68,D,0
18.34914,82.26529,345.31,0.41,0.37,2023-03-11,754,N,VIIRS,n,2,310.7,9.24,D,0
20.47359,83.91159,310.56,0.44,0.39,2023-04-19,1953,N,VIIRS,n,2,296.32,2.42,N,0
14.26769,78.70152,343.6,0.49,0.41,2023-02-11,818,N,VIIRS,n,2,307.59,6.87,D,0
24.97602,82.45044,336.49,0.59,0.53,2023-06-14,814,N,VIIRS,n,2,297.77,4.11,D,0
15.2804,78.76724,303.24,0.39,0.36,2023-03-06,2019,N,VIIRS,n,2,291.21,1.06,N,0
13.81169,76.91173,339.37,0.44,0.46,2023-02-18,746,N,VIIRS,n,2,310.54,3.39,D,0
18.87406,79.28654,334.74,0.39,0.36,2023-12-24,753,N,VIIRS,n,2,299.11,3.32,D,0
21.1143,80.90556,344.44,0.38,0.36,2023-12-19,747,N,VIIRS,n,2,297.7,2.96,D,0
23.56009,87.23923,332.01,0.57,0.43,2023-11-28,741,N,VIIRS,n,2,298.36,3.05,D,2
23.39228,80.075,334.76,0.39,0.36,2023-11-06,754,N,VIIRS,n,2,305.06,3.22,D,0
30.04082,80.22944,340.74,0.4,0.37,2023-02-24,738,N,VIIRS,n,2,296.38,12.61,D,0
23.2347,82.34143,335.17,0.36,0.57,2023-04-16,821,N,VIIRS,l,2,305.64,2.38,D,0
21.47928,81.58698,333.43,0.48,0.65,2023-05-28,832,N,VIIRS,n,2,301.72,3.98,D,0
12.00873,79.29692,337.53,0.51,0.41,2023-03-06,746,N,VIIRS,n,2,310.32,1.86,D,0
31.7591,74.8996,340.26,0.39,0.36,2023-05-08,810,N,VIIRS,l,2,310.91,2.97,D,0
26.61336,84.41601,335.71,0.4,0.37,2023-02-24,737,N,VIIRS,n,2,297.67,3.79,D,0
29.15043,76.48557,335.86,0.39,0.36,2023-11-22,756,N,VIIRS,n,2,300.3,3.77,D,0
15.82624,75.77215,333.08,0.49,0.65,2023-11-18,727,N,VIIRS,n,2,295.83,4.03,D,0
23.79353,86.35345,298.6,0.43,0.46,2023-06-07,1932,N,VIIRS,n,2,261.32,0.44,N,2
19.35812,80.82161,334.21,0.5,0.41,2023-05-15,735,N,VIIRS,l,2,306.41,4.25,D,0
30.46641,75.22821,337.22,0.43,0.38,2023-11-21,815,N,VIIRS,n,2,303.69,11.62,D,0
30.04334,74.78793,336.57,0.46,0.47,2023-11-20,834,N,VIIRS,n,2,296.95,2.25,D,0
23.65137,91.75394,343.55,0.54,0.51,2023-04-11,634,N,VIIRS,n,2,302.0,31.99,D,0
10.42336,77.15857,348.06,0.6,0.71,2023-03-02,901,N,VIIRS,n,2,302.4,8.25,D,0
22.43807,83.05544,334.89,0.43,0.38,2023-03-07,730,N,VIIRS,n,2,304.37,1.89,D,0
26.20817,93.48998,304.54,0.47,0.4,2023-04-14,1945,N,VIIRS,n,2,291.49,1.1,N,0
28.10044,93.32654,346.85,0.4,0.6,2023-01-07,737,N,VIIRS,n,2,290.99,5.25,D,0
27.98334,77.90144,336.2,0.65,0.73,2023-04-25,854,N,VIIRS,n,2,299.38,4.34,D,0
21.77187,86.2034,302.41,0.51,0.49,2023-04-15,1927,N,VIIRS,n,2,280.36,1.81,N,0
22.82334,81.8796,330.54,0.43,0.38,2023-02-07,755,N,VIIRS,n,2,305.05,1.92,D,0
23.79951,87.05043,319.41,0.39,0.36,2023-09-10,1951,N,VIIRS,n,2,291.96,3.52,N,2
9.62799,77.89397,345.98,0.37,0.58,2023-02-24,733,N,VIIRS,n,2,302.25,2.34,D,0
21.2369,80.27657,337.42,0.5,0.41,2023-05-31,736,N,VIIRS,n,2,309.1,3.48,D,0
23.06225,77.67912,337.18,0.44,0.39,2023-11-17,748,N,VIIRS,n,2,303.09,3.46,D,0
19.82192,79.51957,343.35,0.39,0.36,2023-03-11,754,N,VIIRS,n,2,309.95,3.37,D,0
25.54119,93.09233,345.92,0.57,0.52,2023-04-08,731,N,VIIRS,n,2,303.36,12.53,D,0
25.23032,92.94939,331.61,0.54,0.42,2023-03-13,718,N,VIIRS,n,2,298.02,7.57,D,0
22.03345,83.35904,301.41,0.63,0.72,2023-03-20,1914,N,VIIRS,n,2,287.8,2.11,N,2
24.07118,93.60745,334.6,0.57,0.43,2023-04-14,718,N,VIIRS,n,2,301.03,6.17,D,0
30.0314,75.619,338.76,0.62,0.71,2023-11-08,859,N,VIIRS,n,2,292.41,7.83,D,0
24.30657,93.62891,330.91,0.51,0.49,2023-03-05,627,N,VIIRS,n,2,298.18,4.52,D,0
20.76784,86.62074,343.01,0.39,0.36,2023-02-14,723,N,VIIRS,n,2,309.0,3.34,D,0
14.23631,78.20992,342.15,0.56,0.43,2023-03-04,824,N,VIIRS,n,2,307.22,8.92,D,0
22.04075,75.93586,336.36,0.43,0.46,2023-03-25,833,N,VIIRS,l,2,311.05,2.48,D,0
24.4096,92.70191,330.38,0.46,0.47,2023-04-11,634,N,VIIRS,n,2,299.85,11.01,D,0
21.75344,80.49661,339.9,0.51,0.41,2023-04-22,808,N,VIIRS,n,2,303.49,2.66,D,0
20.97197,86.00094,298.73,0.39,0.44,2023-12-19,2016,N,VIIRS,n,2,288.25,0.93,N,2
20.60189,83.35177,342.77,0.38,0.43,2023-02-28,800,N,VIIRS,n,2,309.46,3.2,D,0
18.51959,79.90222,332.95,0.44,0.62,2023-04-15,838,N,VIIRS,n,2,300.83,3.44,D,0
11.1251,78.93377,333.11,0.61,0.53,2023-03-14,836,N,VIIRS,l,2,304.86,6.11,D,0
31.51087,75.27442,343.15,0.44,0.38,2023-05-13,817,N,VIIRS,l,2,316.36,8.26,D,0
21.30833,81.5918,303.0,0.4,0.6,2023-03-03,1933,N,VIIRS,n,2,290.83,0.9,N,2
18.98311,80.08076,331.71,0.54,0.42,2023-03-10,813,N,VIIRS,l,2,305.27,3.88,D,0
19.30918,80.80794,330.39,0.51,0.66,2023-05-17,838,N,VIIRS,l,2,303.32,4.27,D,0
22.83042,78.43307,342.18,0.63,0.72,2023-04-09,852,N,VIIRS,n,2,295.96,9.32,D,0
27.34461,82.87357,335.23,0.52,0.5,2023-04-20,707,N,VIIRS,l,2,307.78,4.04,D,0
21.98509,83.23335,306.87,0.39,0.6,2023-12-28,2047,N,VIIRS,n,2,289.24,1.42,N,2
23.6225,77.99663,345.25,0.39,0.36,2023-04-12,756,N,VIIRS,n,2,318.61,6.09,D,0
21.07241,75.68201,344.73,0.39,0.36,2023-04-11,814,N,VIIRS,l,2,319.41,15.04,D,0
29.05614,77.41637,333.23,0.32,0.55,2023-11-24,718,N,VIIRS,n,2,293.67,3.86,D,0
29.93182,80.35831,330.25,0.53,0.42,2023-03-02,725,N,VIIRS,n,2,294.86,22.7,D,0
19.07817,78.87518,344.74,0.38,0.36,2023-06-04,800,N,VIIRS,l,2,314.86,6.1,D,0
16.54058,74.2123,335.6,0.41,0.37,2023-02-06,812,N,VIIRS,l,2,308.13,11.05,D,0
18.6165,77.79098,335.36,0.53,0.67,2023-11-19,849,N,VIIRS,n,2,295.19,6.66,D,0
22.78925,75.1814,367.0,0.61,0.71,2023-03-29,718,N,VIIRS,h,2,314.31,21.96,D,0
14.92806,77.48461,337.12,0.39,0.44,2023-06-10,746,N,VIIRS,n,2,300.49,3.24,D,0
16.21302,78.75501,343.02,0.52,0.42,2023-03-31,819,N,VIIRS,n,2,304.95,3.55,D,0
18.52725,77.9156,344.47,0.42,0.61,2023-10-29,843,N,VIIRS,n,2,302.84,4.17,D,0
24.0166,80.58817,330.73,0.4,0.44,2023-05-10,1958,N,VIIRS,n,2,293.28,1.88,N,0
23.75298,92.29604,346.65,0.48,0.4,2023-04-14,718,N,VIIRS,n,2,306.97,5.05,D,0
10.87786,76.59995,355.15,0.54,0.51,2023-03-03,842,N,VIIRS,n,2,325.98,42.58,D,0
19.26114,84.13625,332.79,0.43,0.38,2023-03-06,748,N,VIIRS,l,2,305.09,4.29,D,0
12.80219,79.78992,335.58,0.38,0.36,2023-02-12,758,N,VIIRS,n,2,310.07,3.18,D,0
25.96305,78.8648,331.92,0.47,0.4,2023-10-31,807,N,VIIRS,n,2,304.69,2.32,D,0
24.18182,83.10883,335.42,0.4,0.6,2023-05-18,821,N,VIIRS,n,2,304.19,1.81,D,0
22.29597,84.01723,348.65,0.35,0.57,2023-04-11,814,N,VIIRS,n,2,307.7,3.79,D,0
22.35592,82.92312,334.96,0.51,0.41,2023-04-03,724,N,VIIRS,l,2,309.39,2.82,D,0
9.46531,77.29783,343.41,0.4,0.6,2023-01-07,732,N,VIIRS,n,2,291.07,6.26,D,0
23.57177,83.27578,332.3,0.41,0.45,2023-04-17,802,N,VIIRS,l,2,306.2,3.64,D,0
18.16764,76.28982,341.87,0.43,0.38,2023-12-13,759,N,VIIRS,n,2,306.28,5.86,D,0
19.08817,80.95613,330.31,0.32,0.54,2023-05-16,716,N,VIIRS,l,2,302.69,2.0,D,0
25.49072,94.65572,296.16,0.42,0.61,2023-04-12,1842,N,VIIRS,n,2,284.01,0.54,N,0
23.58354,80.25671,340.4,0.53,0.5,2023-04-16,821,N,VIIRS,n,2,309.92,7.67,D,0
23.78801,86.36986,308.79,0.38,0.36,2023-01-18,1957,N,VIIRS,n,2,286.77,0.96,N,2
18.07581,80.01858,337.12,0.39,0.37,2023-02-28,800,N,VIIRS,l,2,309.73,6.39,D,0
26.64109,79.47618,295.57,0.49,0.41,2023-01-12,2009,N,VIIRS,n,2,284.09,0.51,N,2
21.61007,87.05331,341.04,0.38,0.36,2023-12-31,722,N,VIIRS,n,2,301.79,6.02,D,0
21.49704,84.06335,337.22,0.46,0.47,2023-06-12,710,N,VIIRS,n,2,304.09,5.81,D,0
23.76415,86.3927,316.55,0.46,0.39,2023-05-04,2010,N,VIIRS,n,2,292.77,2.18,N,2
22.2719,92.76031,341.48,0.5,0.49,2023-02-22,633,N,VIIRS,n,2,307.89,52.37,D,0
23.67514,86.08965,297.91,0.45,0.39,2023-12-10,1944,N,VIIRS,n,2,285.29,2.02,N,2
13.0917,79.33201,338.23,0.44,0.62,2023-03-03,842,N,VIIRS,n,2,305.42,8.05,D,0
26.02844,79.40673,340.21,0.45,0.63,2023-05-06,706,N,VIIRS,n,2,305.26,3.01,D,0
31.56151,75.59551,341.12,0.54,0.51,2023-11-04,834,N,VIIRS,n,2,301.05,5.62,D,0
19.63963,75.02287,344.69,0.4,0.37,2023-01-10,819,N,VIIRS,n,2,310.89,4.51,D,0
23.54648,83.37313,308.46,0.39,0.36,2023-05-15,2004,N,VIIRS,n,2,296.96,1.37,N,0
16.70016,78.32886,337.89,0.51,0.5,2023-05-31,734,N,VIIRS,n,2,302.46,6.53,D,0
14.09645,75.50658,338.83,0.42,0.37,2023-03-04,824,N,VIIRS,n,2,312.16,2.9,D,0
30.17424,75.78864,333.74,0.44,0.38,2023-11-01,750,N,VIIRS,n,2,300.19,2.82,D,0
17.99945,82.61341,335.66,0.39,0.36,2023-03-06,747,N,VIIRS,n,2,305.57,1.59,D,0
20.87516,83.81627,337.47,0.51,0.5,2023-03-05,807,N,VIIRS,n,2,308.25,5.26,D,0
23.6634,85.55106,303.43,0.41,0.37,2023-05-05,1952,N,VIIRS,n,2,291.62,0.63,N,2
22.5204,85.52522,335.5,0.4,0.37,2023-03-12,736,N,VIIRS,l,2,309.4,2.6,D,0
23.79338,86.34929,315.67,0.4,0.37,2023-07-08,1951,N,VIIRS,n,2,292.27,3.39,N,2
21.43785,82.83038,297.51,0.38,0.58,2023-02-11,2048,N,VIIRS,n,2,286.76,0.57,N,0
22.4902,84.33685,306.04,0.4,0.37,2023-03-07,1958,N,VIIRS,n,2,291.78,1.42,N,0
19.63923,80.90628,354.2,0.62,0.72,2023-05-17,658,N,VIIRS,n,2,298.8,35.49,D,0
28.26683,80.68929,348.04,0.54,0.51,2023-04-09,713,N,VIIRS,n,2,305.29,5.89,D,0
20.97813,85.13255,305.36,0.4,0.37,2023-12-25,2003,N,VIIRS,n,2,292.17,1.97,N,2
21.90226,84.33324,334.29,0.46,0.39,2023-03-06,748,N,VIIRS,l,2,307.65,3.6,D,0
27.26232,84.00581,329.8,0.39,0.37,2023-11-23,736,N,VIIRS,n,2,298.89,1.12,D,0
14.29998,78.80457,342.4,0.41,0.45,2023-02-16,824,N,VIIRS,n,2,311.99,4.57,D,0
21.67755,74.40151,341.42,0.46,0.47,2023-01-17,748,N,VIIRS,n,2,306.94,6.25,D,0
20.54613,79.54633,340.5,0.56,0.43,2023-03-28,736,N,VIIRS,l,2,311.45,6.45,D,0
28.17933,80.53075,340.21,0.43,0.38,2023-04-12,757,N,VIIRS,n,2,306.58,4.0,D,0
31.5771,74.65818,333.54,0.49,0.4,2023-10-25,822,N,VIIRS,n,2,301.12,4.16,D,0
13.84358,78.17797,356.22,0.59,0.53,2023-03-14,837,N,VIIRS,n,2,312.38,19.43,D,0
22.32811,79.73866,334.8,0.48,0.65,2023-11-09,838,N,VIIRS,n,2,297.89,10.74,D,0
22.78486,86.20572,302.25,0.72,0.75,2023-10-30,2053,N,VIIRS,n,2,290.48,1.89,N,2
22.80942,92.60027,306.63,0.39,0.36,2023-03-14,1926,N,VIIRS,n,2,292.95,1.43,N,0
20.68619,83.14042,336.82,0.54,0.51,2023-04-09,711,N,VIIRS,n,2,304.46,3.37,D,0
23.77965,86.39665,303.75,0.38,0.36,2023-12-20,1956,N,VIIRS,n,2,283.15,0.61,N,2
26.67978,90.9072,325.06,0.53,0.67,2023-02-07,756,N,VIIRS,n,2,290.68,3.93,D,0
19.28142,73.36198,333.04,0.35,0.57,2023-12-10,856,N,VIIRS,n,2,300.27,3.41,D,0
31.31187,74.62685,343.68,0.42,0.37,2023-05-13,817,N,VIIRS,n,2,312.1,6.42,D,0
16.27317,76.63168,338.77,0.42,0.38,2023-06-03,818,N,VIIRS,l,2,310.59,3.69,D,0
17.20489,80.0871,341.38,0.39,0.36,2023-05-19,800,N,VIIRS,n,2,307.43,4.42,D,0
23.68313,82.68987,339.61,0.5,0.41,2023-04-19,724,N,VIIRS,n,2,310.32,2.26,D,0
28.06999,77.85934,301.82,0.4,0.37,2023-10-26,2027,N,VIIRS,n,2,289.24,0.63,N,0
22.46531,83.2712,337.47,0.39,0.36,2023-04-13,737,N,VIIRS,l,2,312.07,1.94,D,0
24.37958,93.01,339.59,0.44,0.46,2023-04-11,634,N,VIIRS,n,2,301.11,4.31,D,0
20.8,80.26584,342.85,0.43,0.38,2023-04-18,743,N,VIIRS,l,2,313.6,3.8,D,0
22.67476,76.90505,308.6,0.41,0.45,2023-03-01,2011,N,VIIRS,n,2,290.87,1.09,N,0
20.56506,84.35964,312.98,0.43,0.38,2023-04-19,1953,N,VIIRS,n,2,299.08,2.3,N,0
15.9481,75.79066,299.8,0.44,0.38,2023-02-06,2044,N,VIIRS,n,2,286.42,0.68,N,0
20.96758,85.15281,306.86,0.54,0.68,2023-12-12,2047,N,VIIRS,n,2,286.27,1.3,N,2
14.7724,75.82864,339.7,0.54,0.51,2023-02-15,843,N,VIIRS,l,2,312.96,7.38,D,0
20.2715,83.73569,308.69,0.45,0.39,2023-04-19,1953,N,VIIRS,n,2,296.79,2.11,N,0
24.61925,93.84933,341.48,0.63,0.54,2023-01-18,730,N,VIIRS,n,2,294.91,7.62,D,0
20.79432,85.25053,308.14,0.54,0.42,2023-12-19,2016,N,VIIRS,n,2,285.91,3.03,N,2
31.56033,75.14951,330.45,0.4,0.37,2023-09-29,809,N,VIIRS,n,2,302.59,1.73,D,0
20.96751,85.49767,305.45,0.4,0.37,2023-03-12,2005,N,VIIRS,n,2,293.28,1.22,N,0
22.643,79.02863,330.51,0.41,0.37,2023-03-06,749,N,VIIRS,l,2,303.48,1.48,D,0
23.33854,83.87573,342.53,0.46,0.39,2023-04-07,749,N,VIIRS,n,2,310.35,4.85,D,0
13.29857,77.8773,353.54,0.4,0.44,2023-03-06,746,N,VIIRS,n,2,312.8,9.92,D,0
25.23182,93.23825,303.36,0.57,0.52,2023-03-12,2003,N,VIIRS,n,2,288.15,2.0,N,0
15.92213,76.77009,338.37,0.4,0.44,2023-05-12,831,N,VIIRS,n,2,308.06,3.84,D,0
22.18027,84.76068,335.57,0.48,0.4,2023-03-06,748,N,VIIRS,n,2,305.18,2.87,D,0
23.68679,87.12234,318.29,0.39,0.36,2023-10-17,1956,N,VIIRS,n,2,294.54,1.68,N,2
22.02702,77.9799,340.83,0.58,0.52,2023-11-04,831,N,VIIRS,n,2,304.27,5.7,D,0
29.5497,74.59264,345.52,0.61,0.53,2023-05-10,732,N,VIIRS,l,2,318.15,14.83,D,0
27.53988,96.34617,348.96,0.42,0.38,2023-04-10,654,N,VIIRS,n,2,301.32,28.97,D,0
19.29391,83.29927,330.34,0.44,0.46,2023-02-09,716,N,VIIRS,l,2,303.84,5.43,D,0
15.13371,78.79076,333.58,0.42,0.45,2023-03-04,824,N,VIIRS,l,2,305.41,2.97,D,0
28.83884,79.4806,332.51,0.44,0.46,2023-02-06,815,N,VIIRS,n,2,297.39,3.96,D,0
22.28962,85.87204,330.84,0.53,0.67,2023-03-15,640,N,VIIRS,n,2,300.1,5.29,D,0
22.11597,72.15267,297.4,0.39,0.36,2023-04-05,2056,N,VIIRS,n,2,284.94,0.18,N,0
26.08795,93.61882,343.7,0.57,0.43,2023-04-11,634,N,VIIRS,n,2,308.44,45.8,D,0
19.42545,83.85198,338.64,0.39,0.36,2023-04-18,742,N,VIIRS,l,2,310.41,3.33,D,0
17.57107,73.64583,348.02,0.55,0.68,2023-02-19,909,N,VIIRS,n,2,309.8,6.21,D,0
19.57745,83.18287,335.62,0.45,0.47,2023-04-14,717,N,VIIRS,n,2,300.91,4.39,D,0
28.15514,72.96211,338.23,0.4,0.37,2023-02-17,809,N,VIIRS,l,2,309.16,2.35,D,0
14.11322,79.05503,341.23,0.66,0.73,2023-03-08,709,N,VIIRS,n,2,298.8,7.89,D,0
27.16147,84.49618,326.85,0.45,0.39,2023-12-14,742,N,VIIRS,n,2,297.53,2.12,D,0
23.68009,86.0955,303.99,0.35,0.57,2023-05-12,1920,N,VIIRS,n,2,281.12,0.85,N,2
23.02555,78.34856,323.32,0.37,0.58,2023-04-15,2108,N,VIIRS,n,2,289.51,2.68,N,0
19.69296,82.51854,347.12,0.49,0.48,2023-01-08,716,N,VIIRS,n,2,310.4,53.78,D,0
28.05253,80.94043,329.82,0.38,0.36,2023-12-14,743,N,VIIRS,n,2,295.21,2.31,D,0
29.6314,75.60732,333.6,0.33,0.55,2023-05-05,726,N,VIIRS,n,2,303.03,1.8,D,0
23.71784,87.32147,344.92,0.39,0.36,2023-02-25,717,N,VIIRS,n,2,312.29,15.23,D,0
18.21293,82.37786,341.61,0.53,0.5,2023-03-13,716,N,VIIRS,n,2,305.63,5.4,D,0
18.48473,79.12316,344.24,0.61,0.54,2023-05-28,832,N,VIIRS,n,2,307.42,8.8,D,0
26.85244,83.72382,331.55,0.48,0.4,2023-11-24,717,N,VIIRS,n,2,297.96,1.1,D,0
20.94107,82.0085,341.96,0.42,0.38,2023-12-24,753,N,VIIRS,n,2,301.48,4.09,D,0
26.24687,94.09113,329.88,0.45,0.39,2023-03-31,641,N,VIIRS,n,2,295.16,2.7,D,0
16.27437,77.05908,351.24,0.5,0.49,2023-05-20,741,N,VIIRS,n,2,304.71,5.14,D,0
30.4359,73.99317,337.47,0.44,0.39,2023-10-25,821,N,VIIRS,n,2,301.26,3.99,D,0
21.98573,80.2467,348.31,0.42,0.38,2023-04-18,743,N,VIIRS,n,2,313.27,4.39,D,0
25.32557,84.19157,346.23,0.48,0.48,2023-04-20,706,N,VIIRS,n,2,312.04,4.08,D,0
31.71933,77.25477,298.22,0.63,0.54,2023-12-21,2116,N,VIIRS,n,2,280.16,1.55,N,0
18.85573,80.24964,357.26,0.47,0.64,2023-03-30,838,N,VIIRS,n,2,306.26,8.51,D,0
31.80476,75.6087,330.09,0.54,0.51,2023-11-04,834,N,VIIRS,n,2,299.18,4.37,D,0
23.31585,70.48632,311.86,0.39,0.36,2023-06-08,2055,N,VIIRS,n,2,300.25,1.34,N,2
18.93496,83.21985,367.0,0.38,0.36,2023-02-13,741,N,VIIRS,l,2,327.38,41.5,D,0
19.86709,84.27401,336.78,0.38,0.43,2023-02-25,716,N,VIIRS,n,2,303.19,2.6,D,0
30.67365,78.12949,354.62,0.43,0.38,2023-12-29,802,N,VIIRS,n,2,305.63,20.57,D,0
28.40538,80.40335,343.49,0.43,0.38,2023-05-14,757,N,VIIRS,n,2,312.78,7.31,D,0
19.08819,82.16597,311.73,0.49,0.48,2023-11-16,2036,N,VIIRS,n,2,289.57,2.92,N,0
20.00343,79.74492,333.1,0.36,0.58,2023-04-14,717,N,VIIRS,l,2,305.01,2.61,D,0
18.51237,77.75542,348.87,0.49,0.4,2023-05-18,819,N,VIIRS,n,2,313.3,11.78,D,0
18.67913,73.03637,311.62,0.39,0.36,2023-04-27,2044,N,VIIRS,n,2,293.86,0.93,N,3
21.58687,80.57176,334.35,0.52,0.5,2023-04-16,820,N,VIIRS,l,2,307.39,5.2,D,0
31.1224,74.87177,328.84,0.46,0.64,2023-11-03,853,N,VIIRS,n,2,288.18,19.11,D,0
30.4273,74.01221,339.04,0.52,0.41,2023-05-09,751,N,VIIRS,l,2,312.02,4.88,D,0
23.56084,87.24157,335.87,0.39,0.36,2023-01-08,717,N,VIIRS,n,2,302.17,3.78,D,2
22.00048,84.2801,340.79,0.67,0.73,2023-03-15,640,N,VIIRS,n,2,297.09,6.89,D,0
23.97104,93.48203,331.25,0.44,0.38,2023-03-04,646,N,VIIRS,n,2,303.23,1.99,D,0
22.45554,87.26402,336.84,0.45,0.39,2023-02-04,710,N,VIIRS,n,2,304.4,3.42,D,0
18.7851,74.42213,316.73,0.43,0.38,2023-04-01,2031,N,VIIRS,n,2,290.54,1.42,N,0
22.76712,79.78041,298.68,0.56,0.43,2023-02-22,2042,N,VIIRS,n,2,285.43,0.19,N,0
16.24255,73.77953,347.72,0.4,0.44,2023-02-12,800,N,VIIRS,n,2,314.78,3.71,D,0
10.33019,77.08339,301.79,0.36,0.57,2023-02-25,1949,N,VIIRS,n,2,283.01,1.03,N,0
22.75237,86.14661,343.03,0.5,0.41,2023-02-04,711,N,VIIRS,n,2,308.29,12.01,D,0
22.31347,79.853,342.35,0.39,0.44,2023-11-05,813,N,VIIRS,n,2,308.99,13.03,D,0
21.76011,83.84457,332.55,0.47,0.4,2023-03-02,723,N,VIIRS,l,2,305.02,1.49,D,2
13.20427,76.23386,348.39,0.32,0.54,2023-02-13,740,N,VIIRS,n,2,310.55,3.37,D,0
14.99177,76.84948,300.93,0.33,0.55,2023-12-31,1953,N,VIIRS,n,2,288.98,0.38,N,0
31.12122,76.18961,346.06,0.48,0.4,2023-11-05,815,N,VIIRS,n,2,303.69,9.01,D,0
9.27358,77.78898,331.88,0.77,0.78,2023-04-14,714,N,VIIRS,n,2,301.25,2.72,D,0
15.74307,79.14967,347.38,0.54,0.42,2023-04-16,819,N,VIIRS,n,2,313.53,9.53,D,0
23.7536,81.04802,347.2,0.41,0.45,2023-04-03,724,N,VIIRS,n,2,313.86,5.75,D,0
22.204,77.07808,305.33,0.49,0.49,2023-03-28,2005,N,VIIRS,n,2,288.14,1.53,N,0
19.33058,80.8888,333.92,0.5,0.41,2023-05-15,735,N,VIIRS,l,2,306.18,3.37,D,0
23.06598,75.80535,367.0,0.34,0.56,2023-04-20,846,N,VIIRS,h,2,307.02,14.82,D,0
22.10694,86.85462,347.42,0.52,0.5,2023-02-23,754,N,VIIRS,n,2,308.87,7.54,D,0
24.16395,78.75093,338.62,0.55,0.51,2023-04-03,725,N,VIIRS,l,2,309.24,9.75,D,0
20.65832,83.43379,330.7,0.42,0.45,2023-02-25,716,N,VIIRS,n,2,304.96,2.09,D,0
31.20522,75.60896,341.76,0.45,0.39,2023-05-13,816,N,VIIRS,l,2,314.32,5.28,D,0
17.07803,73.98557,305.22,0.43,0.38,2023-04-01,2032,N,VIIRS,n,2,289.37,0.56,N,0
26.15725,78.92336,344.04,0.47,0.4,2023-05-08,809,N,VIIRS,l,2,316.52,11.22,D,0
21.10491,72.64295,327.6,0.55,0.51,2023-05-27,2120,N,VIIRS,n,2,294.75,7.28,N,2
31.26913,75.14979,343.79,0.5,0.49,2023-10-03,834,N,VIIRS,n,2,301.35,6.87,D,0
23.48824,91.51478,331.57,0.56,0.51,2023-04-11,634,N,VIIRS,n,2,299.94,3.16,D,0
19.52646,72.94762,340.87,0.5,0.49,2023-03-11,755,N,VIIRS,n,2,308.44,4.13,D,0
24.53269,93.23888,348.23,0.41,0.61,2023-04-12,615,N,VIIRS,n,2,300.4,102.07,D,0
18.84884,78.48281,342.31,0.45,0.39,2023-05-29,813,N,VIIRS,n,2,312.16,9.66,D,0
29.95935,75.973,330.33,0.39,0.36,2023-11-06,756,N,VIIRS,n,2,301.4,12.11,D,0
22.34733,79.51959,332.77,0.4,0.37,2023-05-09,749,N,VIIRS,l,2,303.73,5.33,D,0
14.56307,78.92576,339.91,0.39,0.36,2023-04-17,800,N,VIIRS,l,2,313.31,9.92,D,0
24.85352,83.5575,335.72,0.44,0.39,2023-04-03,725,N,VIIRS,n,2,309.4,2.84,D,0
23.82416,85.49796,303.75,0.49,0.65,2023-02-27,2048,N,VIIRS,n,2,290.74,2.52,N,2
24.6485,77.46448,334.12,0.62,0.71,2023-11-14,704,N,VIIRS,n,2,299.98,7.91,D,0
20.49046,80.61192,310.38,0.38,0.36,2023-03-06,2018,N,VIIRS,n,2,293.32,0.66,N,0
18.73103,75.41801,341.86,0.36,0.57,2023-03-28,736,N,VIIRS,n,2,311.04,2.81,D,0
23.73367,86.74874,302.35,0.42,0.38,2023-01-23,2004,N,VIIRS,n,2,290.76,0.8,N,0
23.67492,86.08732,301.9,0.55,0.51,2023-01-25,1926,N,VIIRS,n,2,288.94,1.03,N,2
22.05505,88.1227,330.88,0.39,0.36,2023-12-10,1944,N,VIIRS,n,2,294.72,2.1,N,2
16.50787,75.59966,332.77,0.4,0.37,2023-01-26,818,N,VIIRS,l,2,305.33,1.72,D,0
19.78364,83.69966,367.0,0.41,0.61,2023-04-15,658,N,VIIRS,h,2,301.88,12.64,D,0
20.97348,85.17059,314.32,0.47,0.64,2023-02-16,1914,N,VIIRS,n,2,292.16,2.3,N,2
30.52861,74.38229,329.52,0.48,0.48,2023-11-23,737,N,VIIRS,n,2,297.45,2.43,D,0
19.3937,74.90095,331.85,0.47,0.48,2023-01-17,748,N,VIIRS,n,2,304.67,2.53,D,0
31.34658,75.80675,334.72,0.46,0.39,2023-01-21,816,N,VIIRS,n,2,292.41,3.83,D,0
22.32001,82.59083,303.01,0.44,0.62,2023-01-09,1926,N,VIIRS,n,2,285.89,1.42,N,0
21.49451,85.36394,310.24,0.43,0.46,2023-03-11,2023,N,VIIRS,n,2,293.21,2.1,N,0
28.55882,77.6769,333.87,0.4,0.37,2023-12-03,749,N,VIIRS,n,2,295.66,5.18,D,0
27.42356,82.79916,344.78,0.42,0.46,2023-04-25,713,N,VIIRS,n,2,309.83,8.24,D,0
23.10262,85.77941,297.43,0.38,0.36,2023-03-07,1958,N,VIIRS,n,2,278.34,0.51,N,0
18.92631,79.64545,339.05,0.38,0.59,2023-12-10,715,N,VIIRS,n,2,300.15,4.7,D,0
23.75092,86.41529,314.35,0.52,0.5,2023-01-25,1926,N,VIIRS,n,2,290.29,1.89,N,2
16.91534,79.63976,343.32,0.4,0.44,2023-05-18,819,N,VIIRS,n,2,313.15,4.4,D,0
13.78336,75.80174,336.34,0.51,0.41,2023-02-28,759,N,VIIRS,l,2,309.53,5.48,D,0
17.06262,76.97739,310.77,0.43,0.46,2023-01-23,2006,N,VIIRS,n,2,291.36,1.18,N,2
18.93926,80.35917,305.36,0.56,0.51,2023-02-25,1946,N,VIIRS,n,2,293.14,1.6,N,0
25.82438,94.3826,346.06,0.38,0.36,2023-03-09,652,N,VIIRS,n,2,287.37,7.91,D,0
17.24446,79.21467,338.62,0.41,0.37,2023-03-21,806,N,VIIRS,l,2,311.08,3.51,D,0
17.58094,81.23713,339.34,0.39,0.36,2023-04-28,754,N,VIIRS,n,2,308.1,7.79,D,0
25.2483,83.85104,331.29,0.48,0.4,2023-12-03,748,N,VIIRS,n,2,298.95,4.12,D,0
30.12677,75.47015,336.05,0.4,0.37,2023-11-22,756,N,VIIRS,n,2,303.63,3.2,D,0
26.00052,92.11698,357.11,0.44,0.63,2023-03-11,615,N,VIIRS,n,2,296.39,10.2,D,0
20.93954,75.9917,346.01,0.57,0.43,2023-01-01,748,N,VIIRS,n,2,305.48,10.83,D,0
26.60532,73.68497,295.42,0.51,0.41,2023-12-27,2105,N,VIIRS,n,2,285.02,0.94,N,2
12.37461,77.84671,330.89,0.39,0.36,2023-03-05,805,N,VIIRS,l,2,300.95,31.78,D,0
25.13234,86.34812,302.68,0.4,0.37,2023-03-02,1951,N,VIIRS,n,2,292.53,0.6,N,0
31.9421,75.28777,333.6,0.43,0.38,2023-11-01,750,N,VIIRS,n,2,304.03,2.51,D,0
21.93628,84.63529,331.39,0.48,0.4,2023-02-02,748,N,VIIRS,n,2,297.65,3.72,D,0
18.06676,73.44071,345.52,0.39,0.36,2023-02-27,819,N,VIIRS,n,2,314.38,3.75,D,0
23.77781,83.07883,344.62,0.32,0.54,2023-04-11,815,N,VIIRS,n,2,310.91,3.56,D,0
17.61283,78.36265,338.57,0.34,0.56,2023-03-14,838,N,VIIRS,n,2,305.45,3.34,D,0
22.32778,82.59694,305.43,0.69,0.74,2023-10-24,2106,N,VIIRS,n,2,285.55,2.37,N,0
19.94347,83.26614,306.8,0.44,0.38,2023-03-06,2018,N,VIIRS,n,2,294.34,1.39,N,0
30.54662,79.51214,302.39,0.42,0.61,2023-01-08,1943,N,VIIRS,n,2,280.06,1.7,N,0
28.98244,76.57868,342.22,0.36,0.58,2023-03-29,720,N,VIIRS,n,2,298.67,4.2,D,0
25.81376,91.57999,342.12,0.43,0.38,2023-04-10,653,N,VIIRS,l,2,304.66,10.29,D,0
21.58771,82.93875,343.79,0.4,0.37,2023-03-12,736,N,VIIRS,n,2,313.75,5.29,D,0
33.26931,75.72075,348.21,0.39,0.36,2023-12-29,803,N,VIIRS,n,2,292.55,6.77,D,0
31.04098,75.67475,352.52,0.46,0.63,2023-05-11,714,N,VIIRS,n,2,315.62,5.79,D,0
17.97949,77.7819,345.96,0.39,0.36,2023-04-22,807,N,VIIRS,n,2,315.25,13.57,D,0
17.46469,80.65295,304.58,0.32,0.54,2023-11-19,1940,N,VIIRS,n,2,291.39,0.78,N,0
29.95232,75.06909,346.59,0.39,0.44,2023-11-15,827,N,VIIRS,n,2,300.45,4.77,D,0
14.64912,78.92461,311.41,0.38,0.36,2023-04-07,2020,N,VIIRS,n,2,277.21,1.1,N,0
23.5534,87.24153,300.29,0.36,0.58,2023-08-27,1913,N,VIIRS,n,2,278.88,1.62,N,2
23.55466,87.24277,322.05,0.36,0.58,2023-10-30,1913,N,VIIRS,n,2,293.12,1.56,N,3
23.69135,82.62794,308.11,0.52,0.42,2023-04-17,2030,N,VIIRS,n,2,295.44,3.63,N,0
25.35711,75.9314,337.0,0.39,0.59,2023-05-05,725,N,VIIRS,l,2,307.94,4.81,D,0
31.11559,77.40121,355.32,0.55,0.42,2023-01-05,816,N,VIIRS,n,2,300.88,13.5,D,0
24.73546,86.0499,300.72,0.46,0.39,2023-03-13,1945,N,VIIRS,n,2,289.45,0.81,N,0
25.76761,90.86073,330.66,0.41,0.37,2023-03-14,659,N,VIIRS,n,2,304.7,2.16,D,0
21.07407,85.04302,309.0,0.44,0.38,2023-09-25,2010,N,VIIRS,n,2,287.49,2.14,N,2
20.79907,85.25785,311.15,0.4,0.37,2023-12-25,2003,N,VIIRS,n,2,290.46,1.47,N,2
30.37659,75.7082,304.63,0.39,0.36,2023-04-16,2047,N,VIIRS,n,2,289.69,0.58,N,0
30.02953,76.66953,331.53,0.64,0.72,2023-05-17,701,N,VIIRS,n,2,299.56,3.73,D,0
30.44555,74.0275,339.34,0.76,0.77,2023-05-10,913,N,VIIRS,n,2,306.63,8.35,D,0
21.94249,83.08824,334.87,0.48,0.48,2023-04-06,808,N,VIIRS,n,2,300.87,2.53,D,0
17.60769,81.57312,308.72,0.38,0.36,2023-04-18,2013,N,VIIRS,n,2,294.96,1.75,N,0
26.52205,92.30758,333.05,0.44,0.46,2023-02-06,634,N,VIIRS,n,2,291.77,3.6,D,0
15.23874,76.61945,342.83,0.41,0.37,2023-04-16,819,N,VIIRS,l,2,314.77,8.6,D,0
23.2699,82.19895,342.55,0.4,0.37,2023-04-07,749,N,VIIRS,n,2,312.46,3.42,D,0
24.24006,78.25385,303.59,0.45,0.39,2023-04-23,2017,N,VIIRS,n,2,289.31,1.64,N,0
18.63475,78.75481,340.74,0.75,0.77,2023-02-25,857,N,VIIRS,n,2,306.41,8.15,D,0
24.22563,74.44585,352.38,0.47,0.4,2023-04-21,828,N,VIIRS,n,2,316.62,17.73,D,0
20.24025,85.73728,348.69,0.47,0.4,2023-03-13,717,N,VIIRS,n,2,309.82,4.67,D,0
19.8591,83.29617,345.86,0.37,0.58,2023-04-16,820,N,VIIRS,n,2,301.34,11.9,D,0
26.69752,95.21804,348.1,0.51,0.41,2023-01-14,705,N,VIIRS,n,2,294.08,8.59,D,0
30.33484,75.69373,336.56,0.4,0.37,2023-11-16,809,N,VIIRS,n,2,302.43,2.91,D,0
21.98427,83.2338,313.5,0.4,0.44,2023-04-01,2030,N,VIIRS,n,2,293.12,1.17,N,2
31.05364,75.40377,335.45,0.4,0.37,2023-10-31,809,N,VIIRS,n,2,301.44,5.08,D,0
11.50078,79.29166,332.01,0.68,0.74,2023-04-14,855,N,VIIRS,l,2,304.14,3.18,D,0
31.89042,75.15677,342.55,0.41,0.45,2023-05-15,739,N,VIIRS,l,2,315.27,5.13,D,0
24.1496,87.36489,299.56,0.39,0.36,2023-02-14,1951,N,VIIRS,n,2,285.57,0.77,N,0
15.1691,78.76334,321.65,0.39,0.36,2023-03-06,2019,N,VIIRS,n,2,291.47,1.29,N,0
13.47016,78.69073,301.3,0.63,0.72,2023-02-26,1929,N,VIIRS,n,2,288.99,2.23,N,0
26.41713,93.10878,344.14,0.5,0.41,2023-03-15,640,N,VIIRS,n,2,294.13,10.17,D,0
14.31543,78.75874,303.31,0.56,0.51,2023-02-27,2050,N,VIIRS,n,2,290.83,0.93,N,0
25.54566,87.96161,340.35,0.52,0.67,2023-04-06,628,N,VIIRS,n,2,309.39,4.2,D,0
15.38597,78.54787,345.08,0.51,0.5,2023-05-28,831,N,VIIRS,n,2,306.3,9.82,D,0
27.74841,75.72901,327.31,0.56,0.43,2023-01-12,744,N,VIIRS,l,2,301.97,1.46,D,0
21.76445,84.02065,307.96,0.4,0.37,2023-01-18,1958,N,VIIRS,n,2,291.25,1.59,N,2
15.27626,77.80624,339.42,0.46,0.39,2023-02-11,818,N,VIIRS,l,2,311.31,6.0,D,0
23.79601,86.35447,308.85,0.51,0.41,2023-08-31,1938,N,VIIRS,n,2,288.86,3.58,N,2
25.24567,92.73795,341.68,0.38,0.36,2023-03-14,659,N,VIIRS,n,2,301.66,16.2,D,0
13.91587,75.84709,307.41,0.47,0.47,2023-03-04,2057,N,VIIRS,n,2,292.39,0.89,N,0
22.83703,85.61754,304.22,0.38,0.36,2023-03-07,1958,N,VIIRS,n,2,271.34,0.54,N,0
21.07882,85.04005,319.53,0.39,0.36,2023-06-16,2004,N,VIIRS,n,2,287.29,2.84,N,2
21.96283,83.58891,337.84,0.39,0.36,2023-04-13,736,N,VIIRS,l,2,312.54,1.34,D,0
30.60089,74.36318,337.43,0.45,0.47,2023-11-20,834,N,VIIRS,n,2,295.25,3.34,D,0
23.47621,83.03297,334.56,0.63,0.54,2023-04-11,815,N,VIIRS,l,2,309.17,1.68,D,0
17.80179,79.64161,337.4,0.53,0.67,2023-02-15,844,N,VIIRS,n,2,305.88,4.77,D,0
21.32324,73.88948,342.48,0.39,0.44,2023-05-17,839,N,VIIRS,l,2,314.25,12.57,D,0
19.24219,83.13309,337.14,0.4,0.37,2023-04-13,736,N,VIIRS,n,2,300.44,1.89,D,0
19.50289,76.04176,344.38,0.42,0.38,2023-10-26,759,N,VIIRS,n,2,308.33,3.56,D,0
22.9788,75.23773,303.25,0.41,0.37,2023-03-31,2049,N,VIIRS,n,2,286.49,0.7,N,0
18.40368,81.24481,330.96,0.49,0.4,2023-06-16,735,N,VIIRS,l,2,301.78,1.63,D,0
20.11329,73.95296,341.53,0.43,0.38,2023-11-16,806,N,VIIRS,n,2,304.3,2.83,D,0
22.63982,77.80132,333.58,0.53,0.67,2023-11-03,710,N,VIIRS,n,2,299.29,2.73,D,0
24.15823,82.60229,303.15,0.56,0.43,2023-09-10,1951,N,VIIRS,n,2,280.93,0.97,N,0
24.16963,82.56037,328.17,0.47,0.4,2023-02-19,1957,N,VIIRS,n,2,294.15,3.57,N,2
22.72253,92.56664,332.4,0.39,0.36,2023-03-30,658,N,VIIRS,n,2,299.86,4.71,D,0
18.68005,73.03706,324.47,0.39,0.36,2023-12-23,2042,N,VIIRS,n,2,293.59,2.45,N,2
22.11282,83.30932,331.12,0.63,0.54,2023-03-10,814,N,VIIRS,l,2,302.76,2.16,D,0
30.72489,76.16705,338.64,0.45,0.47,2023-05-07,829,N,VIIRS,n,2,305.71,2.89,D,0
13.89263,76.27195,367.0,0.41,0.37,2023-02-17,805,N,VIIRS,h,2,312.89,16.84,D,0
17.51537,82.13559,335.26,0.45,0.47,2023-02-14,722,N,VIIRS,n,2,304.44,3.03,D,0
24.50548,77.40002,335.32,0.46,0.39,2023-10-20,813,N,VIIRS,l,2,309.01,2.86,D,0
27.08172,83.5406,305.27,0.44,0.38,2023-04-12,2023,N,VIIRS,n,2,291.02,0.64,N,0
22.22821,84.76103,300.14,0.39,0.59,2023-11-21,2041,N,VIIRS,n,2,289.45,1.11,N,0
15.85135,79.50472,332.34,0.56,0.52,2023-03-07,728,N,VIIRS,l,2,304.06,3.88,D,0
22.10833,86.409,335.07,0.4,0.45,2023-03-03,704,N,VIIRS,l,2,307.55,5.02,D,0
30.44625,74.49012,331.32,0.41,0.37,2023-11-21,815,N,VIIRS,n,2,298.38,2.37,D,0
29.80951,78.3131,323.99,0.41,0.45,2023-04-18,2009,N,VIIRS,n,2,296.19,2.75,N,0
12.06092,77.04651,304.56,0.41,0.37,2023-02-12,2032,N,VIIRS,n,2,288.33,0.84,N,0
21.37584,81.64073,305.23,0.63,0.72,2023-02-21,1920,N,VIIRS,n,2,293.83,3.47,N,2
30.25312,75.76511,367.0,0.41,0.61,2023-11-14,846,N,VIIRS,h,2,305.33,20.85,D,0
23.68444,77.85624,310.6,0.44,0.38,2023-05-13,2042,N,VIIRS,n,2,292.66,2.08,N,0
30.34597,74.03362,333.7,0.38,0.36,2023-11-16,809,N,VIIRS,n,2,298.15,2.82,D,0
23.57997,83.56722,346.86,0.4,0.37,2023-04-18,743,N,VIIRS,n,2,315.19,9.97,D,0
21.07603,85.03808,302.26,0.38,0.58,2023-12-22,1919,N,VIIRS,n,2,288.09,1.33,N,2
22.58776,85.90316,298.74,0.46,0.39,2023-01-12,2010,N,VIIRS,n,2,287.52,1.69,N,2
29.03396,79.42094,345.49,0.44,0.46,2023-05-13,816,N,VIIRS,n,2,315.15,6.74,D,0
25.29914,92.75949,342.65,0.4,0.37,2023-03-09,652,N,VIIRS,n,2,301.07,4.45,D,0
22.8755,86.06194,305.28,0.45,0.47,2023-02-07,2023,N,VIIRS,n,2,287.59,1.32,N,2
20.41404,78.16702,340.2,0.35,0.57,2023-04-03,724,N,VIIRS,l,2,310.35,5.66,D,0
25.84817,78.70383,334.91,0.51,0.49,2023-10-28,723,N,VIIRS,n,2,304.43,3.51,D,0
19.7491,79.54623,338.17,0.52,0.42,2023-04-11,814,N,VIIRS,l,2,313.14,11.85,D,0
12.79733,76.60628,299.19,0.52,0.67,2023-02-04,1942,N,VIIRS,n,2,287.94,0.65,N,0
15.68239,78.50211,339.23,0.41,0.45,2023-04-21,825,N,VIIRS,n,2,306.7,7.24,D,0
9.54843,78.57611,331.78,0.35,0.57,2023-06-07,842,N,VIIRS,n,2,293.97,1.99,D,0
19.07472,84.37984,308.64,0.33,0.55,2023-03-05,2036,N,VIIRS,n,2,293.89,1.39,N,0
23.78219,86.20747,341.9,0.43,0.38,2023-11-23,735,N,VIIRS,n,2,306.99,5.96,D,2
22.97696,72.56423,317.51,0.41,0.45,2023-11-30,2112,N,VIIRS,n,2,290.58,1.37,N,0
27.30146,82.71249,333.72,0.33,0.55,2023-04-15,700,N,VIIRS,n,2,300.19,4.09,D,0
18.6865,80.37332,331.56,0.47,0.48,2023-03-15,819,N,VIIRS,n,2,300.25,5.43,D,0
17.83201,80.64912,331.91,0.56,0.51,2023-03-02,722,N,VIIRS,l,2,305.01,4.81,D,0
22.44257,76.0093,334.32,0.35,0.57,2023-01-14,845,N,VIIRS,n,2,300.01,3.01,D,0
27.14393,83.58028,314.24,0.32,0.55,2023-04-16,2048,N,VIIRS,n,2,291.94,1.35,N,0
24.91243,83.9388,340.61,0.39,0.59,2023-04-26,653,N,VIIRS,n,2,302.42,3.86,D,0
31.14466,75.9979,335.67,0.66,0.73,2023-05-16,901,N,VIIRS,n,2,305.18,6.15,D,0
31.57518,74.659,331.42,0.55,0.68,2023-05-16,901,N,VIIRS,n,2,298.54,2.57,D,0
10.09832,77.42567,335.83,0.5,0.41,2023-04-13,2009,N,VIIRS,n,2,289.01,5.57,N,0
18.79731,83.30153,305.2,0.4,0.37,2023-03-01,2011,N,VIIRS,n,2,293.3,0.54,N,0
31.38622,76.94879,335.25,0.52,0.42,2023-01-05,816,N,VIIRS,n,2,299.83,4.89,D,0
17.60553,83.20189,313.48,0.44,0.39,2023-12-31,1952,N,VIIRS,n,2,294.22,1.39,N,2
23.33928,76.67799,299.69,0.38,0.36,2023-04-22,2036,N,VIIRS,n,2,288.71,0.46,N,0
17.10876,74.65313,343.48,0.44,0.62,2023-02-24,735,N,VIIRS,n,2,310.06,2.44,D,0
25.00698,83.71525,305.36,0.43,0.38,2023-05-10,1958,N,VIIRS,n,2,293.76,0.76,N,0
21.11027,72.63256,309.47,0.4,0.37,2023-02-22,2043,N,VIIRS,n,2,290.89,0.81,N,2
14.10222,79.42524,313.26,0.55,0.51,2023-04-14,1949,N,VIIRS,n,2,296.8,2.16,N,0
21.75975,83.8401,304.72,0.55,0.43,2023-03-29,1946,N,VIIRS,n,2,293.09,1.97,N,2
20.69445,78.63824,302.43,0.42,0.45,2023-02-27,2049,N,VIIRS,n,2,292.26,1.41,N,2
25.89959,85.90274,333.31,0.46,0.47,2023-02-26,659,N,VIIRS,n,2,299.6,2.74,D,0
22.22417,82.67268,332.79,0.45,0.39,2023-03-07,730,N,VIIRS,l,2,306.39,2.84,D,0
22.03127,83.74306,296.2,0.41,0.37,2023-12-20,1957,N,VIIRS,n,2,285.39,0.97,N,2
23.54978,86.35274,339.5,0.39,0.36,2023-04-08,730,N,VIIRS,l,2,311.89,4.72,D,0
26.64932,93.4231,345.18,0.42,0.38,2023-03-03,705,N,VIIRS,n,2,300.56,9.93,D,0
23.39,77.8672,300.08,0.4,0.37,2023-04-22,2036,N,VIIRS,n,2,288.98,1.53,N,0
24.3739,93.41217,334.78,0.56,0.43,2023-04-14,718,N,VIIRS,n,2,302.86,9.99,D,0
18.41452,80.31061,340.66,0.4,0.37,2023-04-17,801,N,VIIRS,l,2,312.39,4.18,D,0
20.95748,77.77189,349.15,0.39,0.37,2023-05-24,807,N,VIIRS,n,2,314.47,9.85,D,0
17.51597,81.55788,334.96,0.52,0.41,2023-04-22,807,N,VIIRS,n,2,299.59,3.47,D,0
24.37425,93.52042,367.0,0.57,0.43,2023-03-13,717,N,VIIRS,h,2,354.73,195.85,D,0
30.96852,74.6979,336.18,0.42,0.38,2023-11-05,815,N,VIIRS,n,2,304.52,7.5,D,0
23.76299,86.39367,318.39,0.44,0.38,2023-03-29,1946,N,VIIRS,n,2,297.87,2.77,N,2
17.7338,77.20009,310.15,0.54,0.51,2023-02-19,1959,N,VIIRS,n,2,290.27,1.3,N,0
31.23186,75.2227,335.19,0.44,0.39,2023-11-17,750,N,VIIRS,n,2,301.1,5.59,D,0
25.75586,81.19006,343.69,0.36,0.57,2023-05-06,706,N,VIIRS,n,2,306.99,3.33,D,0
21.13876,85.68671,351.97,0.47,0.39,2023-03-13,717,N,VIIRS,n,2,304.54,5.95,D,0
18.69064,73.04242,330.52,0.49,0.41,2023-12-02,806,N,VIIRS,l,2,302.45,4.2,D,2
21.9207,83.35112,330.18,0.5,0.49,2023-03-05,2036,N,VIIRS,n,2,298.72,6.4,N,2
23.71899,86.44821,308.84,0.36,0.57,2023-02-17,2035,N,VIIRS,n,2,293.09,2.57,N,2
19.63155,84.0194,301.79,0.51,0.41,2023-03-13,1946,N,VIIRS,n,2,290.77,0.81,N,0
21.79532,83.98777,315.35,0.4,0.37,2023-06-11,1958,N,VIIRS,n,2,298.2,1.5,N,2
24.20584,82.5249,308.57,0.43,0.38,2023-11-06,2022,N,VIIRS,n,2,290.14,1.49,N,2
19.07783,77.38663,335.31,0.41,0.37,2023-12-23,812,N,VIIRS,n,2,308.27,10.14,D,0
21.45652,73.178,349.8,0.35,0.57,2023-06-01,858,N,VIIRS,n,2,308.4,3.51,D,0
23.69356,87.12231,312.71,0.47,0.4,2023-02-04,1939,N,VIIRS,n,2,291.89,1.95,N,2
23.72644,86.43917,310.02,0.52,0.5,2023-10-08,1925,N,VIIRS,n,2,295.25,3.01,N,2
22.04451,83.73413,341.81,0.52,0.41,2023-10-05,754,N,VIIRS,n,2,301.37,5.48,D,2
23.78283,86.39588,316.63,0.41,0.37,2023-12-09,2003,N,VIIRS,n,2,292.25,1.86,N,2
16.16807,80.55627,334.77,0.53,0.42,2023-05-29,812,N,VIIRS,n,2,303.41,3.79,D,0
30.94576,75.40512,351.18,0.4,0.37,2023-11-16,809,N,VIIRS,n,2,303.06,10.16,D,0
21.79646,82.44865,336.54,0.4,0.37,2023-01-23,736,N,VIIRS,l,2,309.72,4.62,D,0
18.60929,73.62003,347.22,0.38,0.36,2023-02-27,819,N,VIIRS,l,2,318.11,7.19,D,0
23.68122,86.3967,335.93,0.51,0.41,2023-02-13,742,N,VIIRS,l,2,307.95,4.74,D,2
17.31045,76.40762,341.94,0.43,0.38,2023-01-27,800,N,VIIRS,n,2,310.02,2.23,D,0
22.15214,86.98608,335.94,0.38,0.36,2023-03-02,723,N,VIIRS,n,2,308.51,1.52,D,0
28.86979,77.2552,339.21,0.43,0.38,2023-12-18,808,N,VIIRS,n,2,297.22,7.95,D,0
18.57831,82.03367,334.49,0.46,0.39,2023-02-28,800,N,VIIRS,l,2,306.75,2.84,D,0
25.8564,78.6095,342.13,0.38,0.36,2023-11-06,755,N,VIIRS,n,2,301.97,3.76,D,0
22.6384,88.16135,329.81,0.39,0.36,2023-01-29,723,N,VIIRS,n,2,301.64,1.89,D,0
21.78052,87.25723,329.25,0.55,0.42,2023-12-16,703,N,VIIRS,n,2,299.62,3.67,D,0
27.18723,82.62064,342.03,0.38,0.36,2023-04-13,738,N,VIIRS,l,2,316.27,7.17,D,0
21.92989,85.22302,306.65,0.44,0.38,2023-11-28,2009,N,VIIRS,n,2,287.0,1.27,N,2
29.68798,75.94538,338.87,0.43,0.46,2023-10-30,827,N,VIIRS,n,2,299.34,3.67,D,0
31.69053,75.21542,343.3,0.4,0.37,2023-05-14,758,N,VIIRS,l,2,311.47,5.7,D,0
21.59689,84.24557,342.16,0.54,0.42,2023-03-13,717,N,VIIRS,n,2,305.82,3.74,D,0
25.84629,76.68507,334.83,0.45,0.39,2023-11-05,814,N,VIIRS,n,2,302.0,6.44,D,0
19.19249,78.5725,312.6,0.55,0.43,2023-02-24,2005,N,VIIRS,n,2,296.64,2.52,N,0
28.28853,78.03922,331.51,0.39,0.36,2023-12-03,749,N,VIIRS,n,2,296.29,2.26,D,0
24.15242,92.18726,351.14,0.42,0.38,2023-04-10,653,N,VIIRS,n,2,306.93,22.67,D,0
22.46709,75.85771,309.69,0.59,0.7,2023-03-29,1946,N,VIIRS,n,2,291.24,2.14,N,0
17.08121,78.09389,310.39,0.46,0.47,2023-03-31,2050,N,VIIRS,n,2,290.78,0.77,N,0
14.22443,78.58148,309.43,0.39,0.36,2023-01-17,2019,N,VIIRS,n,2,293.15,1.03,N,0
27.05668,82.91742,303.38,0.42,0.38,2023-04-13,2004,N,VIIRS,n,2,292.92,0.83,N,0
25.81499,91.92837,331.58,0.42,0.38,2023-04-10,653,N,VIIRS,l,2,303.45,3.44,D,0
25.75074,78.78024,330.91,0.5,0.41,2023-11-23,736,N,VIIRS,n,2,301.68,2.25,D,0
16.81896,76.50294,342.14,0.33,0.56,2023-02-24,735,N,VIIRS,n,2,311.2,1.27,D,0
19.65239,84.20731,331.89,0.43,0.38,2023-03-06,748,N,VIIRS,n,2,301.22,1.59,D,0
13.54663,79.69363,345.2,0.45,0.47,2023-05-23,824,N,VIIRS,n,2,303.66,15.87,D,0
19.32997,79.56667,342.69,0.43,0.62,2023-03-14,838,N,VIIRS,n,2,304.78,4.4,D,0
21.50524,85.93631,335.21,0.44,0.46,2023-03-03,704,N,VIIRS,l,2,308.1,4.05,D,0
23.68883,91.91115,349.36,0.44,0.38,2023-04-10,653,N,VIIRS,n,2,305.03,24.12,D,0
22.4532,77.4976,346.11,0.35,0.57,2023-04-03,724,N,VIIRS,n,2,308.34,2.73,D,0
33.37646,76.21916,339.84,0.51,0.41,2023-12-09,738,N,VIIRS,n,2,291.95,9.02,D,0
22.45042,75.82439,353.5,0.56,0.69,2023-03-29,718,N,VIIRS,n,2,308.47,13.23,D,0
18.39827,75.30836,332.56,0.47,0.64,2023-01-02,728,N,VIIRS,n,2,298.13,1.3,D,0
19.02162,72.89283,330.08,0.4,0.45,2023-11-11,759,N,VIIRS,l,2,301.5,2.78,D,0
23.18888,92.86039,337.61,0.39,0.36,2023-03-03,704,N,VIIRS,n,2,302.73,101.02,D,0
14.17597,78.21555,343.21,0.46,0.39,2023-02-27,818,N,VIIRS,n,2,311.9,6.09,D,0
31.24739,74.66252,337.42,0.38,0.44,2023-10-30,828,N,VIIRS,n,2,298.43,4.51,D,0
21.34467,83.71953,330.89,0.6,0.53,2023-12-16,703,N,VIIRS,n,2,298.81,2.95,D,0
19.58529,80.56685,310.53,0.4,0.37,2023-04-18,2012,N,VIIRS,n,2,297.35,2.92,N,0
22.94308,78.64266,333.73,0.57,0.43,2023-04-13,737,N,VIIRS,n,2,302.12,2.9,D,0
24.9009,85.90445,314.15,0.43,0.38,2023-04-18,2010,N,VIIRS,n,2,301.48,2.52,N,0
18.69475,77.89478,331.99,0.32,0.55,2023-06-18,838,N,VIIRS,n,2,298.25,1.71,D,0
31.99767,74.91981,344.07,0.53,0.42,2023-05-20,745,N,VIIRS,n,2,316.3,5.82,D,0
19.52809,83.67032,307.48,0.56,0.43,2023-03-11,2024,N,VIIRS,n,2,292.69,2.31,N,0
25.14034,93.76781,350.95,0.48,0.48,2023-03-05,627,N,VIIRS,n,2,299.17,10.29,D,0
21.34722,84.28726,303.78,0.52,0.41,2023-03-13,1946,N,VIIRS,n,2,293.35,1.3,N,0
20.78684,85.26278,319.46,0.36,0.58,2023-02-21,1921,N,VIIRS,n,2,296.08,2.21,N,2
23.16827,82.33916,304.49,0.51,0.41,2023-01-27,2029,N,VIIRS,n,2,288.76,2.12,N,2
17.60584,83.20337,313.62,0.44,0.39,2023-11-29,1952,N,VIIRS,n,2,295.08,2.48,N,2
21.68641,84.60351,315.18,0.5,0.41,2023-03-13,1946,N,VIIRS,n,2,294.47,1.71,N,0
21.05496,82.05255,339.85,0.52,0.66,2023-12-22,831,N,VIIRS,n,2,294.75,9.12,D,0
19.97869,82.46754,338.63,0.39,0.36,2023-03-06,748,N,VIIRS,n,2,310.84,2.0,D,0
25.76086,93.04002,355.38,0.51,0.49,2023-04-06,628,N,VIIRS,n,2,303.13,12.28,D,0
26.63031,71.43176,346.49,0.41,0.37,2023-10-20,814,N,VIIRS,n,2,306.66,3.85,D,0
29.77217,79.09481,334.2,0.44,0.38,2023-12-25,737,N,VIIRS,n,2,291.74,5.73,D,0
29.49728,76.05499,332.52,0.39,0.37,2023-10-21,756,N,VIIRS,n,2,303.05,1.42,D,0
24.1475,82.65619,300.02,0.44,0.38,2023-11-22,2022,N,VIIRS,n,2,288.41,0.42,N,0
23.69423,91.90527,334.84,0.41,0.37,2023-04-09,711,N,VIIRS,n,2,303.82,59.23,D,0
19.16476,79.05162,307.21,0.39,0.36,2023-03-27,2025,N,VIIRS,n,2,292.17,1.15,N,0
25.54473,76.69987,353.07,0.33,0.55,2023-04-15,841,N,VIIRS,n,2,313.83,12.33,D,0
23.33372,79.8548,342.05,0.39,0.44,2023-11-18,729,N,VIIRS,n,2,306.53,12.92,D,0
20.36061,75.27596,340.7,0.75,0.77,2023-02-19,910,N,VIIRS,n,2,310.4,9.84,D,0
20.52246,85.25079,301.77,0.58,0.7,2023-03-15,1908,N,VIIRS,n,2,286.12,0.98,N,0
21.75642,84.01897,305.64,0.71,0.75,2023-10-09,1907,N,VIIRS,n,2,293.57,3.64,N,2
21.98284,85.12189,313.52,0.39,0.36,2023-03-12,2004,N,VIIRS,n,2,293.86,1.2,N,0
20.90532,76.23112,349.05,0.35,0.56,2023-02-15,845,N,VIIRS,n,2,314.39,2.76,D,0
21.49699,77.03912,367.0,0.42,0.38,2023-05-13,814,N,VIIRS,l,2,325.17,1.51,D,0
22.76948,78.54813,336.4,0.5,0.41,2023-11-05,813,N,VIIRS,n,2,304.86,3.51,D,0
21.10635,72.6371,317.29,0.4,0.37,2023-06-08,2055,N,VIIRS,n,2,298.12,2.84,N,2
25.04608,94.67059,312.03,0.41,0.61,2023-04-28,1842,N,VIIRS,n,2,287.73,1.01,N,0
27.38259,83.0677,303.44,0.42,0.38,2023-04-13,2004,N,VIIRS,n,2,291.66,0.78,N,0
32.01579,75.45353,342.94,0.53,0.5,2023-05-12,836,N,VIIRS,l,2,315.8,11.65,D,0
9.74661,78.37502,338.19,0.69,0.74,2023-08-04,714,N,VIIRS,n,2,292.3,6.59,D,0
23.56474,87.08878,299.97,0.5,0.66,2023-11-21,2040,N,VIIRS,n,2,289.43,1.07,N,2
11.43238,78.27352,330.67,0.39,0.36,2023-06-09,804,N,VIIRS,n,2,298.71,1.68,D,0
24.94272,83.82481,346.45,0.47,0.39,2023-05-09,749,N,VIIRS,l,2,316.86,13.72,D,0
28.07248,77.36589,332.71,0.45,0.47,2023-04-24,732,N,VIIRS,l,2,306.72,2.45,D,0
24.77589,77.00665,334.12,0.53,0.42,2023-10-09,820,N,VIIRS,l,2,305.33,2.39,D,0
31.0948,75.13608,333.21,0.6,0.7,2023-05-06,708,N,VIIRS,n,2,297.4,2.98,D,0
23.88483,75.65855,309.71,0.4,0.44,2023-04-23,2017,N,VIIRS,n,2,288.13,1.02,N,0
24.4194,78.29008,308.55,0.54,0.42,2023-04-18,2011,N,VIIRS,n,2,290.67,1.06,N,0
23.39268,68.58418,345.51,0.48,0.65,2023-04-18,924,N,VIIRS,n,2,302.07,4.49,D,0
17.88288,82.68201,342.38,0.62,0.54,2023-03-03,1934,N,VIIRS,n,2,293.45,8.48,N,0
24.38698,93.70718,325.91,0.42,0.37,2023-02-15,704,N,VIIRS,l,2,300.0,1.45,D,0
26.04739,78.79413,335.07,0.5,0.41,2023-11-07,736,N,VIIRS,n,2,302.62,4.55,D,0
23.5055,82.56139,341.68,0.39,0.36,2023-04-13,737,N,VIIRS,l,2,311.71,4.75,D,0
20.75701,84.15231,336.45,0.37,0.58,2023-06-18,657,N,VIIRS,n,2,299.78,2.35,D,0
30.0577,75.60352,335.61,0.4,0.37,2023-10-31,809,N,VIIRS,n,2,301.64,2.73,D,0
23.79241,86.35316,320.39,0.39,0.36,2023-12-31,1950,N,VIIRS,n,2,290.73,1.43,N,2
21.87846,83.54639,306.36,0.48,0.4,2023-04-03,1952,N,VIIRS,n,2,293.78,0.69,N,2
22.46682,84.73815,306.57,0.48,0.4,2023-03-06,2017,N,VIIRS,n,2,291.68,1.05,N,0
12.83547,76.63837,340.5,0.38,0.43,2023-02-23,752,N,VIIRS,l,2,312.14,7.12,D,0
10.18686,77.96351,300.31,0.51,0.66,2023-03-03,1936,N,VIIRS,n,2,286.36,0.83,N,0
23.68262,86.39168,316.1,0.69,0.75,2023-04-05,2054,N,VIIRS,n,2,290.63,4.89,N,2
14.56197,74.88853,302.97,0.54,0.51,2023-03-12,2007,N,VIIRS,n,2,290.86,1.29,N,0
23.66248,84.99857,305.49,0.32,0.55,2023-04-15,1927,N,VIIRS,n,2,291.06,0.77,N,2
20.80621,85.25568,321.17,0.38,0.36,2023-02-19,1958,N,VIIRS,n,2,296.72,1.62,N,2
23.56584,75.89101,301.45,0.38,0.59,2023-04-24,1958,N,VIIRS,n,2,287.63,0.87,N,0
30.54043,79.48351,320.32,0.44,0.46,2023-01-07,2002,N,VIIRS,n,2,278.51,2.65,N,0
23.79384,86.35218,336.54,0.46,0.39,2023-05-04,2010,N,VIIRS,n,2,290.37,3.83,N,2
26.47492,90.09952,339.22,0.48,0.4,2023-02-14,724,N,VIIRS,n,2,301.04,4.4,D,0
22.7024,78.41739,310.61,0.52,0.67,2023-04-09,1940,N,VIIRS,n,2,288.16,1.94,N,0
25.41174,88.65326,340.21,0.43,0.38,2023-04-04,706,N,VIIRS,n,2,305.48,2.71,D,0
21.20633,85.67791,305.41,0.53,0.42,2023-03-08,1939,N,VIIRS,n,2,290.97,1.08,N,0
25.02597,93.36762,333.72,0.39,0.36,2023-03-09,652,N,VIIRS,n,2,291.91,6.22,D,0
20.38009,84.92348,341.42,0.53,0.5,2023-04-20,705,N,VIIRS,n,2,304.84,4.79,D,0
12.22727,76.52267,342.31,0.41,0.6,2023-02-24,733,N,VIIRS,n,2,311.78,7.04,D,0
30.74558,75.52627,335.83,0.51,0.41,2023-11-12,744,N,VIIRS,n,2,298.83,5.2,D,0
20.69888,75.28548,307.93,0.39,0.36,2023-05-24,2037,N,VIIRS,n,2,296.21,0.62,N,0
18.87734,80.25965,341.68,0.46,0.39,2023-04-06,807,N,VIIRS,n,2,304.29,3.08,D,0
29.0928,80.01958,315.79,0.55,0.43,2023-06-03,2046,N,VIIRS,n,2,296.63,2.65,N,0
24.13358,85.35442,298.59,0.39,0.36,2023-03-07,1958,N,VIIRS,n,2,287.11,0.63,N,0
22.7675,78.26822,349.45,0.43,0.38,2023-04-07,749,N,VIIRS,n,2,307.63,4.58,D,0
25.35645,84.14518,337.37,0.42,0.38,2023-12-14,742,N,VIIRS,n,2,289.23,8.7,D,0
24.66171,74.63535,309.51,0.4,0.44,2023-03-30,2107,N,VIIRS,n,2,291.94,1.45,N,2
22.56983,82.62474,309.63,0.44,0.46,2023-04-14,1946,N,VIIRS,n,2,291.56,2.34,N,0
18.61847,78.86391,332.48,0.41,0.37,2023-03-05,806,N,VIIRS,n,2,307.02,1.71,D,0
25.48932,76.14377,338.0,0.42,0.38,2023-10-20,814,N,VIIRS,n,2,307.69,2.46,D,0
18.45513,73.30429,352.85,0.42,0.37,2023-04-11,814,N,VIIRS,l,2,316.92,15.62,D,0
23.78754,86.33123,305.46,0.42,0.45,2023-11-14,1931,N,VIIRS,n,2,293.49,2.13,N,2
21.82684,82.48344,335.22,0.56,0.69,2023-02-21,652,N,VIIRS,n,2,308.56,8.75,D,0
18.50047,80.06491,336.61,0.57,0.69,2023-06-07,844,N,VIIRS,n,2,299.31,3.74,D,0
23.76202,86.39951,303.84,0.39,0.36,2023-12-15,1950,N,VIIRS,n,2,288.52,0.9,N,2
20.98992,78.36139,336.6,0.4,0.37,2023-02-23,754,N,VIIRS,n,2,306.2,2.44,D,0
21.17215,82.87302,338.09,0.44,0.46,2023-05-16,717,N,VIIRS,n,2,307.1,1.74,D,0
14.7807,74.99618,305.61,0.43,0.38,2023-03-11,2026,N,VIIRS,n,2,291.74,0.54,N,0
14.09002,75.3332,346.96,0.39,0.44,2023-03-30,837,N,VIIRS,n,2,305.34,4.04,D,0
25.73551,92.62943,340.63,0.4,0.37,2023-04-10,653,N,VIIRS,n,2,298.57,11.52,D,0
22.93501,77.76788,353.58,0.42,0.61,2023-03-29,718,N,VIIRS,n,2,305.27,4.91,D,0
14.01996,78.3539,348.18,0.38,0.43,2023-02-16,824,N,VIIRS,n,2,309.85,4.33,D,0
15.64037,78.53412,339.79,0.42,0.38,2023-05-29,812,N,VIIRS,n,2,308.2,5.39,D,0
16.64295,73.65892,342.98,0.4,0.44,2023-01-11,800,N,VIIRS,n,2,304.85,6.04,D,0
21.47602,81.10045,331.71,0.4,0.37,2023-11-22,753,N,VIIRS,n,2,302.54,1.54,D,0
22.80107,82.60115,351.69,0.41,0.37,2023-04-07,749,N,VIIRS,n,2,305.52,4.64,D,0
21.19066,86.05292,335.83,0.4,0.37,2023-01-29,723,N,VIIRS,n,2,307.11,7.25,D,0
25.35829,76.44938,335.63,0.43,0.38,2023-03-10,815,N,VIIRS,n,2,305.81,2.48,D,0
20.79465,85.25616,310.65,0.4,0.37,2023-08-19,2004,N,VIIRS,n,2,291.23,2.68,N,2
23.79236,86.3553,315.12,0.38,0.36,2023-03-23,1958,N,VIIRS,n,2,294.15,1.13,N,2
22.97372,72.15717,344.67,0.41,0.45,2023-04-04,846,N,VIIRS,n,2,305.95,5.55,D,0
12.88337,78.80342,346.3,0.39,0.44,2023-03-04,824,N,VIIRS,n,2,309.03,4.15,D,0
20.9712,85.15754,302.0,0.43,0.62,2023-02-06,2042,N,VIIRS,n,2,289.44,2.53,N,0
22.78889,86.19941,335.11,0.62,0.54,2023-02-12,801,N,VIIRS,l,2,307.83,8.92,D,2
14.87339,78.05198,303.61,0.39,0.36,2023-02-02,2019,N,VIIRS,n,2,292.86,0.76,N,2
26.9535,94.06303,328.57,0.55,0.51,2023-01-29,724,N,VIIRS,n,2,298.01,4.07,D,0
20.86742,84.99002,321.41,0.41,0.37,2023-04-19,1953,N,VIIRS,n,2,300.29,3.96,N,2
22.40804,77.27544,305.87,0.63,0.72,2023-03-29,2127,N,VIIRS,n,2,288.47,1.37,N,0
19.49369,82.66998,338.34,0.39,0.36,2023-03-01,741,N,VIIRS,n,2,308.08,2.39,D,0
19.96045,79.6472,341.68,0.4,0.37,2023-04-17,801,N,VIIRS,l,2,316.6,8.79,D,0
10.73769,77.56817,338.2,0.37,0.58,2023-04-13,734,N,VIIRS,l,2,313.07,6.39,D,0
21.6781,84.03652,299.62,0.55,0.43,2023-12-08,2022,N,VIIRS,n,2,284.54,1.01,N,2
31.88869,75.06541,341.56,0.42,0.45,2023-05-15,739,N,VIIRS,n,2,313.0,4.86,D,0
24.93788,93.16917,333.69,0.71,0.75,2023-04-12,756,N,VIIRS,n,2,302.64,5.48,D,0
19.95238,85.22672,326.3,0.36,0.57,2023-03-05,2036,N,VIIRS,n,2,296.36,2.0,N,0
21.16715,70.10209,343.08,0.55,0.51,2023-03-16,802,N,VIIRS,n,2,299.14,11.52,D,0
26.38762,93.54429,333.89,0.5,0.41,2023-04-09,712,N,VIIRS,n,2,296.62,4.73,D,0
24.08794,86.14352,302.25,0.45,0.39,2023-03-13,1945,N,VIIRS,n,2,291.02,0.59,N,0
22.04412,87.38137,341.06,0.45,0.47,2023-12-19,747,N,VIIRS,n,2,299.31,2.73,D,0
17.84404,80.31845,335.99,0.74,0.76,2023-02-26,657,N,VIIRS,n,2,301.27,6.47,D,0
20.80105,70.84818,348.0,0.42,0.38,2023-03-14,839,N,VIIRS,n,2,309.45,5.95,D,0
19.82659,82.48392,334.63,0.49,0.4,2023-03-07,729,N,VIIRS,n,2,302.11,1.29,D,0
23.49404,69.33894,308.48,0.42,0.38,2023-11-15,2054,N,VIIRS,n,2,289.04,0.67,N,0
22.36618,83.46298,346.6,0.39,0.36,2023-03-12,736,N,VIIRS,n,2,309.66,5.78,D,0
20.62495,85.09129,329.81,0.4,0.37,2023-04-13,2005,N,VIIRS,n,2,299.86,2.6,N,0
26.35185,93.04567,341.23,0.36,0.58,2023-04-13,737,N,VIIRS,n,2,297.67,3.35,D,0
12.70459,77.23997,301.86,0.45,0.39,2023-02-13,2013,N,VIIRS,n,2,290.08,0.39,N,0
29.75097,77.14594,327.6,0.38,0.36,2023-12-24,756,N,VIIRS,n,2,294.72,1.84,D,0
19.24935,84.25961,332.58,0.39,0.36,2023-01-07,735,N,VIIRS,n,2,304.59,1.78,D,0
17.56229,73.93424,341.73,0.4,0.37,2023-03-04,825,N,VIIRS,n,2,315.01,4.14,D,0
14.67287,75.51472,351.87,0.43,0.38,2023-11-16,804,N,VIIRS,n,2,303.63,8.5,D,0
28.15911,81.03123,339.53,0.45,0.39,2023-12-24,755,N,VIIRS,n,2,298.13,8.06,D,0
20.13247,75.85435,333.61,0.4,0.45,2023-04-23,749,N,VIIRS,l,2,308.24,3.8,D,0
19.43883,80.78993,340.02,0.41,0.61,2023-04-10,832,N,VIIRS,n,2,296.45,4.2,D,0
25.81739,91.56835,349.01,0.47,0.4,2023-04-14,718,N,VIIRS,n,2,304.24,14.07,D,0
18.32806,80.10082,304.46,0.4,0.37,2023-03-11,2025,N,VIIRS,n,2,293.78,1.2,N,0
23.7773,86.38798,338.09,0.39,0.36,2023-05-26,730,N,VIIRS,n,2,303.41,2.76,D,2
18.07776,73.03253,305.8,0.39,0.44,2023-12-08,2024,N,VIIRS,n,2,292.74,0.6,N,0
29.99903,79.75647,330.24,0.48,0.48,2023-01-21,816,N,VIIRS,n,2,293.46,4.72,D,0
24.7636,77.48555,338.69,0.39,0.36,2023-10-26,801,N,VIIRS,n,2,310.41,4.89,D,0
27.24993,80.00618,339.17,0.36,0.57,2023-10-30,827,N,VIIRS,n,2,300.6,2.17,D,0
21.92865,85.22151,308.31,0.33,0.56,2023-07-27,2035,N,VIIRS,n,2,277.65,0.61,N,2
30.73739,74.62738,335.21,0.47,0.4,2023-10-09,821,N,VIIRS,n,2,302.03,3.33,D,0
21.26748,79.18685,303.82,0.45,0.63,2023-01-25,2107,N,VIIRS,n,2,288.43,0.89,N,0
17.89083,82.61527,345.85,0.39,0.36,2023-03-01,741,N,VIIRS,n,2,302.28,5.13,D,0
21.24588,84.30135,304.13,0.52,0.41,2023-03-13,1946,N,VIIRS,n,2,293.32,1.97,N,0
18.22199,82.38514,335.34,0.49,0.49,2023-03-26,813,N,VIIRS,n,2,300.82,5.7,D,0
25.43979,93.41564,334.71,0.59,0.7,2023-04-07,750,N,VIIRS,n,2,296.7,6.96,D,0
22.15309,84.15882,341.14,0.38,0.36,2023-03-28,736,N,VIIRS,n,2,307.24,3.64,D,0
22.89797,77.76011,331.42,0.4,0.37,2023-03-05,808,N,VIIRS,l,2,303.93,1.76,D,0
22.72114,70.45058,342.69,0.42,0.38,2023-02-26,839,N,VIIRS,n,2,314.22,3.14,D,0
22.04206,83.73718,339.62,0.44,0.38,2023-08-29,748,N,VIIRS,n,2,299.71,4.88,D,2
25.85118,94.39708,304.06,0.54,0.42,2023-04-16,1907,N,VIIRS,n,2,291.0,1.74,N,0
13.61677,78.24497,335.87,0.47,0.39,2023-08-22,817,N,VIIRS,n,2,299.18,3.65,D,0
26.08188,92.49795,330.35,0.45,0.39,2023-02-16,646,N,VIIRS,n,2,298.32,2.87,D,0
16.76663,73.61376,338.2,0.41,0.61,2023-03-01,741,N,VIIRS,n,2,305.7,4.59,D,0
17.63055,76.15436,299.49,0.39,0.36,2023-02-17,2037,N,VIIRS,n,2,287.83,0.56,N,0
19.05712,75.27486,333.88,0.46,0.39,2023-02-23,2024,N,VIIRS,n,2,288.61,3.62,N,0
12.4358,76.81122,342.78,0.47,0.48,2023-02-18,746,N,VIIRS,n,2,310.18,10.64,D,0
25.73149,91.19424,334.36,0.45,0.39,2023-03-13,718,N,VIIRS,n,2,302.47,8.97,D,0
18.84089,78.42754,340.94,0.4,0.37,2023-11-22,753,N,VIIRS,n,2,301.48,5.88,D,0
10.15448,77.03301,300.21,0.39,0.36,2023-01-17,2020,N,VIIRS,n,2,278.4,2.14,N,0
25.88454,92.13525,338.65,0.45,0.63,2023-04-12,616,N,VIIRS,n,2,300.79,5.81,D,0
17.18077,74.23875,338.26,0.47,0.64,2023-03-02,903,N,VIIRS,n,2,303.57,3.46,D,0
17.94988,78.91627,335.36,0.38,0.58,2023-04-15,838,N,VIIRS,n,2,302.8,2.22,D,0
9.65214,77.92139,352.8,0.75,0.77,2023-02-25,714,N,VIIRS,n,2,306.04,7.88,D,0
19.45986,83.04559,336.4,0.41,0.37,2023-03-12,735,N,VIIRS,n,2,308.33,1.93,D,0
19.13323,80.74552,339.3,0.42,0.38,2023-04-17,801,N,VIIRS,l,2,311.61,6.83,D,0
26.86096,82.89644,341.04,0.42,0.61,2023-04-16,822,N,VIIRS,n,2,309.27,5.16,D,0
17.61279,82.57977,312.62,0.54,0.51,2023-03-05,2037,N,VIIRS,n,2,288.75,1.28,N,0
30.68461,75.1635,340.41,0.32,0.55,2023-11-13,725,N,VIIRS,n,2,298.85,2.67,D,0
30.40966,75.18124,331.81,0.39,0.36,2023-11-16,809,N,VIIRS,n,2,299.64,0.82,D,0
16.69678,74.86139,331.35,0.51,0.41,2023-12-29,758,N,VIIRS,n,2,304.6,3.08,D,0
25.84982,78.56847,339.04,0.32,0.55,2023-11-08,717,N,VIIRS,n,2,299.76,2.39,D,0
23.76029,79.7496,333.85,0.62,0.54,2023-03-04,827,N,VIIRS,l,2,308.5,9.36,D,0
13.90817,75.8282,330.14,0.34,0.56,2023-03-24,850,N,VIIRS,n,2,296.12,2.28,D,0
15.50836,77.47969,336.92,0.45,0.39,2023-12-12,817,N,VIIRS,l,2,310.42,3.19,D,0
22.65111,85.37038,336.01,0.46,0.39,2023-04-14,718,N,VIIRS,l,2,309.14,2.34,D,0
21.99059,82.65,349.61,0.4,0.37,2023-02-02,748,N,VIIRS,n,2,313.19,5.94,D,0
28.30554,81.115,331.2,0.46,0.39,2023-02-07,756,N,VIIRS,n,2,297.16,4.91,D,0
22.96693,78.45318,345.91,0.51,0.49,2023-04-05,827,N,VIIRS,n,2,308.92,8.14,D,0
24.81046,93.44901,332.66,0.39,0.36,2023-04-10,653,N,VIIRS,n,2,300.8,4.65,D,0
23.00357,82.11952,347.04,0.43,0.46,2023-03-05,807,N,VIIRS,n,2,308.13,9.13,D,0
22.80778,79.52211,334.01,0.37,0.58,2023-03-25,833,N,VIIRS,l,2,304.21,2.42,D,0
20.96556,85.17847,323.13,0.44,0.39,2023-03-01,2011,N,VIIRS,n,2,296.01,2.6,N,2
22.45284,77.32335,307.25,0.51,0.41,2023-03-31,2049,N,VIIRS,n,2,287.94,1.34,N,0
25.84383,91.42472,340.33,0.57,0.52,2023-04-13,737,N,VIIRS,n,2,300.08,27.83,D,0
29.45514,75.79845,331.8,0.4,0.37,2023-10-21,756,N,VIIRS,n,2,303.07,2.98,D,0
24.27139,92.4381,300.31,0.44,0.62,2023-04-17,1849,N,VIIRS,n,2,282.09,0.39,N,0
23.76249,86.39237,325.0,0.39,0.36,2023-11-13,1950,N,VIIRS,n,2,300.79,3.05,N,2
25.39422,93.08955,338.02,0.38,0.36,2023-03-14,659,N,VIIRS,n,2,309.51,51.62,D,0
19.95999,79.33314,300.08,0.42,0.61,2023-03-08,1940,N,VIIRS,n,2,288.22,0.74,N,0
25.16886,83.78884,349.4,0.43,0.38,2023-04-19,725,N,VIIRS,l,2,314.22,5.59,D,0
25.16579,93.51902,345.49,0.48,0.4,2023-03-08,711,N,VIIRS,n,2,311.25,59.53,D,0
22.56554,92.97395,336.3,0.39,0.36,2023-03-03,704,N,VIIRS,l,2,307.53,6.2,D,0
22.59724,77.32307,339.63,0.57,0.69,2023-03-24,712,N,VIIRS,n,2,301.05,5.28,D,0
21.00398,70.31935,337.48,0.47,0.64,2023-02-24,916,N,VIIRS,n,2,308.81,4.46,D,0
11.85308,76.89461,340.35,0.41,0.37,2023-02-17,805,N,VIIRS,n,2,313.25,3.54,D,0
29.8049,79.35852,327.24,0.45,0.63,2023-03-30,701,N,VIIRS,n,2,295.27,4.39,D,0
15.24042,78.74222,306.23,0.43,0.38,2023-02-28,2031,N,VIIRS,n,2,292.93,0.96,N,0
17.93926,80.86161,312.61,0.42,0.38,2023-03-12,2006,N,VIIRS,n,2,295.08,1.38,N,0
31.17809,74.72664,329.95,0.59,0.53,2023-11-09,840,N,VIIRS,n,2,293.23,2.94,D,0
18.09735,80.19555,303.36,0.45,0.39,2023-02-24,2006,N,VIIRS,n,2,293.23,0.54,N,0
25.29182,83.84763,336.57,0.5,0.49,2023-05-06,706,N,VIIRS,l,2,307.5,5.65,D,0
26.46496,94.78436,328.61,0.38,0.58,2023-01-18,730,N,VIIRS,n,2,284.97,4.2,D,0
29.65555,74.23385,338.05,0.5,0.66,2023-10-07,859,N,VIIRS,n,2,297.82,4.43,D,0
21.10516,72.64632,344.49,0.42,0.37,2023-04-11,814,N,VIIRS,n,2,314.03,17.96,D,2
31.73965,74.9558,340.76,0.49,0.48,2023-05-12,836,N,VIIRS,l,2,311.87,3.65,D,0
10.46323,76.38516,367.0,0.42,0.38,2023-03-04,823,N,VIIRS,h,2,328.93,36.98,D,0
25.37216,90.10829,347.54,0.46,0.64,2023-03-27,756,N,VIIRS,n,2,296.61,7.24,D,0
27.2268,82.78701,299.96,0.44,0.62,2023-04-10,2100,N,VIIRS,n,2,288.52,1.35,N,0
22.38519,75.90014,316.04,0.39,0.37,2023-05-13,2043,N,VIIRS,n,2,302.13,1.55,N,0
30.33214,75.82133,342.17,0.43,0.46,2023-10-30,828,N,VIIRS,n,2,299.22,5.53,D,0
25.60057,91.11584,328.31,0.38,0.36,2023-01-30,705,N,VIIRS,n,2,298.15,1.75,D,0
13.86639,77.62433,345.08,0.72,0.76,2023-02-14,902,N,VIIRS,n,2,305.42,6.24,D,0
21.26954,79.18192,298.13,0.36,0.57,2023-02-05,2101,N,VIIRS,n,2,287.57,0.99,N,0
14.58014,79.20197,347.9,0.44,0.39,2023-04-11,812,N,VIIRS,l,2,319.88,14.48,D,0
23.27313,83.67997,302.17,0.39,0.36,2023-04-18,2011,N,VIIRS,n,2,291.68,0.9,N,0
20.97929,83.64392,342.88,0.4,0.44,2023-02-28,800,N,VIIRS,n,2,306.95,5.24,D,0
22.14047,92.73713,367.0,0.49,0.65,2023-04-12,615,N,VIIRS,h,2,303.05,12.18,D,0
29.70387,79.38448,334.84,0.42,0.61,2023-06-13,834,N,VIIRS,n,2,300.09,7.01,D,0
22.9488,75.78592,345.28,0.35,0.57,2023-04-08,731,N,VIIRS,n,2,308.37,11.25,D,0
23.61312,86.78953,299.29,0.62,0.71,2023-12-23,1900,N,VIIRS,n,2,286.44,0.96,N,2
31.83701,74.88589,333.77,0.43,0.38,2023-11-05,815,N,VIIRS,n,2,301.48,2.86,D,0
25.27413,92.73422,327.35,0.4,0.37,2023-01-04,652,N,VIIRS,n,2,292.93,2.74,D,0
25.3686,77.44581,346.41,0.47,0.48,2023-04-21,828,N,VIIRS,n,2,316.13,9.17,D,0
21.40404,81.18414,331.44,0.57,0.52,2023-12-12,818,N,VIIRS,n,2,292.1,2.19,D,0
20.8246,81.95524,347.06,0.5,0.66,2023-05-28,832,N,VIIRS,n,2,300.35,14.32,D,0
17.22902,79.00982,347.62,0.38,0.36,2023-12-29,758,N,VIIRS,n,2,307.05,6.04,D,0
10.81263,79.30828,306.03,0.44,0.38,2023-03-27,2027,N,VIIRS,n,2,292.99,1.18,N,2
26.80874,94.97001,338.7,0.39,0.36,2023-01-31,646,N,VIIRS,n,2,300.34,14.5,D,0
21.99152,82.48272,352.63,0.45,0.39,2023-12-24,753,N,VIIRS,n,2,301.11,6.96,D,0
21.18115,81.38468,307.17,0.51,0.66,2023-12-11,1926,N,VIIRS,n,2,289.71,1.32,N,3
23.08221,83.82349,308.58,0.47,0.4,2023-04-19,1952,N,VIIRS,n,2,294.09,1.38,N,0
21.87412,83.28863,342.75,0.4,0.6,2023-03-14,658,N,VIIRS,n,2,300.57,5.01,D,0
18.85443,82.9027,336.72,0.52,0.42,2023-04-17,801,N,VIIRS,l,2,309.06,5.42,D,0
17.73648,78.9589,331.49,0.47,0.48,2023-08-11,825,N,VIIRS,n,2,294.23,4.45,D,0
18.22027,75.04739,333.38,0.44,0.38,2023-11-15,824,N,VIIRS,n,2,302.56,5.72,D,0
23.55215,81.62174,305.11,0.44,0.38,2023-03-12,2004,N,VIIRS,n,2,292.92,1.62,N,0
8.40796,77.41357,305.17,0.41,0.6,2023-03-08,1943,N,VIIRS,n,2,290.95,1.45,N,0
25.222,93.80104,304.01,0.5,0.41,2023-03-13,1944,N,VIIRS,n,2,288.23,1.9,N,0
23.78203,86.39407,313.52,0.53,0.5,2023-07-04,1926,N,VIIRS,n,2,290.14,1.93,N,2
19.11189,73.05207,305.62,0.52,0.67,2023-05-26,1959,N,VIIRS,n,2,292.64,1.72,N,0
22.9383,79.61552,335.59,0.39,0.36,2023-10-21,754,N,VIIRS,n,2,306.78,2.94,D,0
21.59176,80.68874,307.15,0.45,0.39,2023-04-17,2030,N,VIIRS,n,2,294.85,1.99,N,0
21.75594,87.11732,339.29,0.41,0.37,2023-12-10,715,N,VIIRS,n,2,301.95,6.27,D,0
27.1775,95.65828,330.59,0.55,0.51,2023-03-13,718,N,VIIRS,n,2,297.58,5.15,D,0
15.53907,79.24665,322.01,0.4,0.37,2023-03-11,2025,N,VIIRS,n,2,293.35,1.31,N,0
25.11732,83.65939,328.35,0.46,0.39,2023-12-19,748,N,VIIRS,n,2,296.16,6.31,D,0
30.85282,78.10413,336.39,0.54,0.42,2023-11-18,731,N,VIIRS,n,2,295.12,4.9,D,0
29.90704,74.95744,309.31,0.71,0.75,2023-06-05,2149,N,VIIRS,n,2,292.26,11.58,N,2
30.67201,75.53516,342.0,0.52,0.41,2023-05-20,745,N,VIIRS,l,2,315.87,6.54,D,0
22.39629,79.75589,367.0,0.32,0.55,2023-11-08,716,N,VIIRS,h,2,305.26,10.69,D,0
21.28127,85.40608,335.73,0.39,0.44,2023-03-08,710,N,VIIRS,n,2,300.7,3.3,D,0
21.07369,85.04311,320.86,0.44,0.38,2023-06-05,2011,N,VIIRS,n,2,293.4,3.16,N,2
20.8204,75.84209,355.52,0.42,0.38,2023-04-17,802,N,VIIRS,l,2,319.06,24.07,D,0
24.39463,93.15469,343.82,0.54,0.42,2023-04-14,718,N,VIIRS,n,2,309.42,42.48,D,0
23.56066,87.08324,308.45,0.5,0.66,2023-10-20,2040,N,VIIRS,n,2,291.1,1.51,N,2
23.43745,76.01848,345.51,0.53,0.5,2023-04-13,737,N,VIIRS,n,2,308.53,6.97,D,0
26.44588,78.28543,355.19,0.4,0.37,2023-05-19,802,N,VIIRS,n,2,321.44,8.7,D,0
27.23242,82.74624,300.25,0.61,0.71,2023-04-10,1920,N,VIIRS,n,2,289.6,1.93,N,0
25.19071,82.4343,351.84,0.43,0.38,2023-05-10,731,N,VIIRS,n,2,326.08,13.51,D,0
23.58637,76.7224,350.35,0.39,0.36,2023-05-08,808,N,VIIRS,n,2,318.2,17.37,D,0
20.41665,72.94633,338.7,0.33,0.56,2023-03-13,858,N,VIIRS,n,2,298.34,2.75,D,0
23.02594,86.54852,336.98,0.41,0.6,2023-03-05,807,N,VIIRS,n,2,306.22,1.83,D,0
32.79204,74.54514,330.82,0.39,0.36,2023-01-16,810,N,VIIRS,n,2,289.11,3.07,D,0
21.44783,81.65295,339.58,0.49,0.48,2023-02-06,813,N,VIIRS,n,2,309.55,3.44,D,0
20.80274,80.26295,334.74,0.48,0.4,2023-04-06,808,N,VIIRS,n,2,302.3,3.4,D,0
19.20697,83.15925,308.11,0.38,0.36,2023-03-12,2005,N,VIIRS,n,2,291.45,1.25,N,0
19.52316,84.00092,330.72,0.39,0.36,2023-05-20,741,N,VIIRS,n,2,302.1,1.8,D,0
19.33806,73.23882,347.61,0.39,0.36,2023-04-16,820,N,VIIRS,n,2,317.03,6.59,D,0
31.61063,74.57117,338.06,0.42,0.38,2023-10-04,815,N,VIIRS,n,2,303.98,3.14,D,0
30.59276,75.93752,335.92,0.45,0.63,2023-05-11,714,N,VIIRS,l,2,310.16,2.96,D,0
15.33419,76.28648,306.28,0.57,0.52,2023-03-07,2000,N,VIIRS,n,2,293.08,0.79,N,2
23.47904,80.02366,333.79,0.37,0.58,2023-11-19,710,N,VIIRS,n,2,299.49,3.0,D,0
22.22256,84.7605,295.7,0.6,0.71,2023-01-31,2054,N,VIIRS,n,2,285.26,1.12,N,2
27.62868,82.70187,334.04,0.53,0.42,2023-04-12,757,N,VIIRS,l,2,308.31,2.15,D,0
24.54266,77.31454,351.79,0.51,0.66,2023-04-09,712,N,VIIRS,n,2,306.49,7.18,D,0
19.68503,83.64155,345.62,0.39,0.36,2023-03-12,735,N,VIIRS,n,2,312.44,11.08,D,0
22.0428,83.73332,317.92,0.41,0.37,2023-05-26,1958,N,VIIRS,n,2,298.15,1.65,N,0
16.23173,80.61353,317.79,0.49,0.49,2023-05-16,1947,N,VIIRS,n,2,294.58,7.61,N,0
22.32286,82.56532,296.93,0.45,0.47,2023-12-18,2034,N,VIIRS,n,2,286.11,0.8,N,2
17.69384,82.06453,301.3,0.39,0.36,2023-03-01,2012,N,VIIRS,n,2,290.46,1.15,N,0
31.82358,74.64062,345.9,0.47,0.48,2023-05-12,836,N,VIIRS,n,2,313.36,4.99,D,0
21.2042,84.52842,306.51,0.39,0.44,2023-03-11,2024,N,VIIRS,n,2,291.37,1.14,N,0
15.17661,76.67537,337.44,0.44,0.38,2023-12-13,758,N,VIIRS,n,2,305.49,3.74,D,2
23.24907,69.80923,344.75,0.46,0.47,2023-03-13,858,N,VIIRS,n,2,307.49,10.21,D,0
21.36309,81.65292,302.47,0.39,0.44,2023-02-14,1952,N,VIIRS,n,2,291.75,1.84,N,2
23.8283,84.93228,304.19,0.37,0.58,2023-11-05,2040,N,VIIRS,n,2,288.16,0.94,N,0
21.03709,85.32297,338.13,0.5,0.41,2023-03-22,748,N,VIIRS,n,2,302.63,4.95,D,0
22.95658,92.74682,330.14,0.5,0.41,2023-03-13,717,N,VIIRS,n,2,303.25,80.02,D,0
20.75972,85.2906,305.96,0.38,0.36,2023-10-17,1957,N,VIIRS,n,2,294.15,0.98,N,2
22.08125,82.54103,331.79,0.45,0.47,2023-01-16,807,N,VIIRS,n,2,298.62,4.58,D,0
26.83168,71.50562,339.18,0.41,0.37,2023-10-20,814,N,VIIRS,n,2,307.28,2.76,D,0
14.8611,79.147,345.97,0.39,0.36,2023-04-17,800,N,VIIRS,n,2,315.45,2.44,D,0
23.71627,86.44238,312.24,0.39,0.36,2023-08-30,1957,N,VIIRS,n,2,285.19,1.09,N,2
20.98008,85.14481,304.81,0.53,0.42,2023-12-19,2016,N,VIIRS,n,2,286.91,1.33,N,2
20.1743,83.75013,342.07,0.39,0.36,2023-04-18,742,N,VIIRS,n,2,310.68,4.15,D,0
31.20569,75.65276,333.51,0.63,0.72,2023-05-16,901,N,VIIRS,l,2,303.77,3.15,D,0
23.58086,80.25482,335.11,0.53,0.5,2023-04-16,821,N,VIIRS,l,2,308.16,4.66,D,0
19.33004,75.96019,299.23,0.44,0.38,2023-03-11,2024,N,VIIRS,n,2,288.38,0.59,N,0
29.94095,75.63728,331.89,0.44,0.39,2023-11-01,750,N,VIIRS,n,2,299.29,2.49,D,0
19.69344,84.52606,339.24,0.4,0.37,2023-04-18,742,N,VIIRS,l,2,309.65,3.5,D,0
23.78051,86.3428,312.65,0.44,0.62,2023-05-29,2041,N,VIIRS,n,2,290.69,1.15,N,2
21.41844,70.53564,343.25,0.42,0.45,2023-03-05,807,N,VIIRS,n,2,302.41,16.43,D,0
21.88435,84.35383,339.89,0.36,0.58,2023-02-22,813,N,VIIRS,n,2,309.44,3.21,D,0
18.79445,82.1464,334.12,0.54,0.51,2023-04-14,717,N,VIIRS,n,2,300.03,3.33,D,0
25.93621,91.93742,344.66,0.62,0.54,2023-03-28,737,N,VIIRS,n,2,300.17,20.81,D,0
23.88044,85.01066,297.01,0.51,0.41,2023-02-09,1945,N,VIIRS,n,2,284.78,1.03,N,0
29.84313,76.05188,345.15,0.5,0.49,2023-05-10,732,N,VIIRS,l,2,317.65,6.53,D,0
27.14032,83.41774,331.65,0.41,0.37,2023-02-13,743,N,VIIRS,n,2,297.94,1.24,D,0
28.02643,94.63597,367.0,0.54,0.68,2023-04-13,557,N,VIIRS,h,2,292.53,10.5,D,0
23.66281,91.74987,355.39,0.54,0.51,2023-04-11,634,N,VIIRS,l,2,295.85,13.78,D,0
19.4136,80.30927,341.69,0.41,0.37,2023-04-17,801,N,VIIRS,l,2,315.38,6.55,D,0
21.56437,85.60378,333.92,0.41,0.37,2023-03-02,723,N,VIIRS,n,2,306.89,2.47,D,0
20.8427,73.55159,335.46,0.4,0.37,2023-03-26,814,N,VIIRS,l,2,308.74,2.0,D,0
13.90332,78.12944,304.81,0.33,0.55,2023-02-16,2057,N,VIIRS,n,2,292.64,2.84,N,0
29.7331,79.25896,352.37,0.45,0.39,2023-06-04,803,N,VIIRS,n,2,318.19,7.31,D,0
17.82334,81.68211,307.47,0.44,0.46,2023-04-14,1948,N,VIIRS,n,2,294.87,3.43,N,0
31.19004,74.53414,342.9,0.34,0.56,2023-10-28,725,N,VIIRS,n,2,296.57,7.29,D,0
20.52194,85.21536,320.84,0.44,0.46,2023-03-11,2024,N,VIIRS,n,2,293.16,2.4,N,0
25.17718,84.06502,347.76,0.38,0.59,2023-04-11,815,N,VIIRS,n,2,312.91,3.43,D,0
19.88213,84.28947,304.27,0.41,0.45,2023-03-08,1940,N,VIIRS,n,2,290.58,0.73,N,0
21.38838,81.8233,331.06,0.5,0.49,2023-01-08,716,N,VIIRS,l,2,302.01,2.5,D,0
26.97098,83.66,339.27,0.39,0.44,2023-12-08,755,N,VIIRS,n,2,297.34,2.56,D,0
26.01085,81.06171,313.18,0.48,0.4,2023-05-24,2035,N,VIIRS,n,2,291.96,5.03,N,0
28.22924,80.94859,331.45,0.4,0.37,2023-12-19,749,N,VIIRS,n,2,296.23,2.27,D,0
20.96599,85.03009,306.72,0.47,0.4,2023-02-09,1946,N,VIIRS,n,2,290.13,1.79,N,0
22.31143,70.2373,332.63,0.48,0.64,2023-10-06,916,N,VIIRS,n,2,300.35,4.05,D,0
18.20274,73.62594,339.31,0.38,0.59,2023-05-04,742,N,VIIRS,n,2,298.04,5.95,D,0
21.39082,81.64776,306.67,0.63,0.72,2023-12-11,2106,N,VIIRS,n,2,286.15,2.13,N,2
23.7686,86.39227,315.82,0.42,0.61,2023-05-07,1914,N,VIIRS,n,2,296.9,3.12,N,2
20.6668,80.10671,335.72,0.61,0.71,2023-04-04,845,N,VIIRS,n,2,300.51,6.45,D,0
24.33578,92.98281,331.24,0.38,0.36,2023-03-14,659,N,VIIRS,n,2,299.81,30.5,D,0
27.69544,96.25534,344.64,0.39,0.44,2023-03-03,705,N,VIIRS,n,2,297.57,4.65,D,0
20.96607,86.01679,304.12,0.39,0.36,2023-12-20,1957,N,VIIRS,n,2,289.67,1.52,N,2
27.29025,83.19955,301.64,0.48,0.48,2023-04-11,2041,N,VIIRS,n,2,289.31,0.73,N,0
19.34451,76.21684,330.54,0.4,0.44,2023-03-22,748,N,VIIRS,l,2,304.66,0.99,D,0
29.72737,76.09149,340.71,0.39,0.36,2023-10-21,756,N,VIIRS,n,2,302.77,4.86,D,0
24.15616,74.43482,342.78,0.51,0.41,2023-04-28,756,N,VIIRS,n,2,309.58,8.55,D,0
23.97894,92.26156,334.52,0.61,0.53,2023-04-13,737,N,VIIRS,l,2,304.61,9.02,D,0
21.93137,85.22036,303.21,0.76,0.77,2023-05-29,1901,N,VIIRS,n,2,288.93,1.84,N,2
29.86824,74.91183,344.29,0.36,0.57,2023-05-05,726,N,VIIRS,n,2,302.63,3.71,D,0
23.0556,68.92847,340.39,0.39,0.36,2023-03-09,833,N,VIIRS,n,2,313.82,1.93,D,0
17.90896,73.27003,347.13,0.43,0.38,2023-04-10,832,N,VIIRS,n,2,310.42,11.27,D,0
22.45429,80.06344,341.47,0.39,0.6,2023-05-12,833,N,VIIRS,l,2,314.65,3.55,D,0
26.91868,82.79515,347.12,0.45,0.39,2023-04-19,725,N,VIIRS,l,2,319.33,22.35,D,0
19.43423,80.42249,344.8,0.53,0.5,2023-04-19,723,N,VIIRS,n,2,307.12,5.57,D,0
31.73788,74.69573,342.69,0.42,0.38,2023-05-13,817,N,VIIRS,l,2,313.56,5.72,D,0
19.26811,84.24639,342.96,0.61,0.54,2023-01-30,703,N,VIIRS,n,2,304.44,13.56,D,0
16.78561,78.67945,334.64,0.62,0.71,2023-04-09,710,N,VIIRS,l,2,305.12,2.42,D,0
23.48147,87.36055,307.09,0.46,0.39,2023-09-16,1938,N,VIIRS,n,2,293.64,1.32,N,2
26.27548,77.64605,338.77,0.59,0.53,2023-05-21,725,N,VIIRS,l,2,310.53,7.75,D,0
30.93001,76.10562,346.36,0.39,0.36,2023-05-19,804,N,VIIRS,n,2,312.88,6.9,D,0
22.33135,82.65227,330.11,0.46,0.63,2023-10-14,825,N,VIIRS,l,2,304.24,4.95,D,2
29.55472,74.26072,350.45,0.42,0.45,2023-05-12,835,N,VIIRS,n,2,318.78,3.11,D,0
25.86993,91.77344,302.86,0.46,0.47,2023-04-13,2004,N,VIIRS,n,2,292.2,0.82,N,0
23.7672,91.52517,339.04,0.44,0.46,2023-04-08,730,N,VIIRS,n,2,304.34,3.32,D,0
29.7251,79.70788,335.3,0.39,0.36,2023-06-10,750,N,VIIRS,l,2,306.65,4.62,D,0
12.9801,78.71506,332.38,0.45,0.47,2023-03-01,740,N,VIIRS,l,2,303.34,2.5,D,0
21.77338,81.89324,332.51,0.39,0.36,2023-12-14,741,N,VIIRS,n,2,300.89,2.75,D,0
20.29283,79.00375,303.92,0.56,0.43,2023-10-20,2042,N,VIIRS,n,2,292.46,0.48,N,0
16.27581,73.54871,339.63,0.51,0.49,2023-05-27,850,N,VIIRS,n,2,306.0,3.88,D,0
22.70238,85.13959,334.69,0.37,0.58,2023-04-26,653,N,VIIRS,n,2,300.32,3.12,D,0
22.67611,77.78233,348.0,0.46,0.47,2023-04-05,827,N,VIIRS,n,2,313.22,5.65,D,0
26.87862,82.84933,298.97,0.36,0.58,2023-04-21,2054,N,VIIRS,n,2,288.21,0.63,N,0
31.31237,74.55447,330.06,0.39,0.36,2023-10-26,803,N,VIIRS,l,2,302.19,2.14,D,0
16.66517,73.74996,333.1,0.51,0.41,2023-03-14,838,N,VIIRS,l,2,307.38,2.64,D,0
21.8361,82.39735,339.76,0.45,0.47,2023-01-24,717,N,VIIRS,n,2,305.24,3.3,D,0
13.89479,76.57393,342.32,0.46,0.39,2023-02-28,759,N,VIIRS,l,2,312.76,5.47,D,0
10.9915,76.37566,343.34,0.52,0.5,2023-03-03,842,N,VIIRS,n,2,313.64,4.64,D,0
15.31123,74.22984,347.21,0.44,0.38,2023-03-09,831,N,VIIRS,n,2,311.88,4.97,D,0
23.29739,77.02274,351.25,0.57,0.43,2023-04-18,743,N,VIIRS,n,2,321.34,20.55,D,0
17.33413,77.48326,305.0,0.32,0.55,2023-01-29,1953,N,VIIRS,n,2,291.99,0.39,N,0
19.77649,83.7515,302.38,0.41,0.37,2023-03-01,2011,N,VIIRS,n,2,290.47,0.66,N,0
17.80302,82.59337,336.09,0.49,0.4,2023-02-28,800,N,VIIRS,n,2,305.79,4.3,D,0
22.09744,86.35907,308.02,0.41,0.45,2023-03-03,1933,N,VIIRS,n,2,293.72,1.23,N,0
25.68657,92.68794,350.23,0.43,0.46,2023-04-11,634,N,VIIRS,n,2,307.67,24.17,D,0
24.07975,81.19562,351.11,0.42,0.38,2023-04-12,756,N,VIIRS,n,2,318.16,11.11,D,0
21.87638,83.49718,309.19,0.41,0.37,2023-11-18,1957,N,VIIRS,n,2,293.07,1.38,N,2
30.94028,75.20613,330.93,0.41,0.45,2023-11-15,828,N,VIIRS,n,2,298.91,1.78,D,0
21.07622,85.03941,312.38,0.57,0.43,2023-01-19,1939,N,VIIRS,n,2,291.93,2.15,N,2
21.28574,80.72205,339.11,0.44,0.38,2023-04-17,801,N,VIIRS,l,2,311.6,5.14,D,0
30.03018,74.77815,337.17,0.57,0.43,2023-11-12,744,N,VIIRS,n,2,300.32,5.15,D,0
20.78506,85.25697,295.07,0.69,0.74,2023-12-17,2053,N,VIIRS,n,2,284.95,1.27,N,2
25.29602,75.61482,337.72,0.55,0.42,2023-05-07,827,N,VIIRS,l,2,309.53,4.62,D,0
13.68544,76.21446,338.75,0.36,0.57,2023-01-03,849,N,VIIRS,n,2,301.67,1.43,D,0
22.96753,71.67836,302.08,0.46,0.39,2023-11-09,2106,N,VIIRS,n,2,289.35,0.36,N,0
30.29056,75.05896,342.17,0.39,0.44,2023-05-07,829,N,VIIRS,l,2,312.33,2.97,D,0
30.56112,75.58068,350.7,0.58,0.7,2023-05-06,708,N,VIIRS,n,2,300.43,5.82,D,0
24.73445,85.83952,335.92,0.4,0.44,2023-04-07,750,N,VIIRS,l,2,309.32,1.39,D,0
31.22502,75.15774,327.62,0.62,0.54,2023-11-09,840,N,VIIRS,n,2,292.99,2.39,D,0
15.68499,78.45789,304.82,0.39,0.36,2023-01-17,2019,N,VIIRS,n,2,293.2,0.91,N,2
23.76614,86.39288,317.27,0.47,0.4,2023-11-28,2009,N,VIIRS,n,2,295.04,2.69,N,2
21.45097,85.40569,337.85,0.42,0.45,2023-03-11,755,N,VIIRS,n,2,306.35,3.89,D,0
26.36385,94.96057,342.25,0.6,0.71,2023-01-12,743,N,VIIRS,n,2,287.8,8.27,D,0
23.79295,86.35574,335.57,0.41,0.37,2023-02-09,717,N,VIIRS,l,2,309.43,2.85,D,2
29.39903,76.78185,340.6,0.39,0.36,2023-05-19,803,N,VIIRS,n,2,309.83,2.48,D,0
23.20168,69.5135,344.0,0.44,0.46,2023-02-17,808,N,VIIRS,n,2,316.44,3.74,D,0
27.31944,83.10199,367.0,0.56,0.52,2023-04-06,809,N,VIIRS,h,2,318.23,11.87,D,0
21.91813,83.34898,313.27,0.39,0.59,2023-01-25,1927,N,VIIRS,n,2,289.82,2.01,N,2
23.74267,75.60452,349.59,0.68,0.74,2023-04-03,905,N,VIIRS,n,2,301.04,8.19,D,0
18.25238,79.40382,349.55,0.42,0.38,2023-05-24,806,N,VIIRS,n,2,310.37,6.45,D,0
15.14454,78.65998,339.89,0.39,0.36,2023-02-28,759,N,VIIRS,n,2,312.0,3.39,D,0
23.94254,88.38898,337.34,0.4,0.37,2023-03-18,724,N,VIIRS,n,2,297.79,4.24,D,0
15.05321,75.17327,354.73,0.44,0.62,2023-02-24,734,N,VIIRS,n,2,311.18,13.44,D,0
26.29461,94.38338,336.54,0.35,0.57,2023-03-07,730,N,VIIRS,n,2,301.02,8.53,D,0
21.80547,84.2858,340.99,0.44,0.46,2023-05-27,711,N,VIIRS,n,2,308.63,4.6,D,0
23.61487,75.56545,309.63,0.41,0.45,2023-04-23,2017,N,VIIRS,n,2,287.79,0.91,N,0
24.35893,92.49668,337.47,0.47,0.48,2023-04-11,634,N,VIIRS,n,2,301.23,23.65,D,0
14.00871,78.38279,307.61,0.34,0.56,2023-02-16,2057,N,VIIRS,n,2,292.46,0.99,N,0
22.51223,92.59183,319.58,0.43,0.38,2023-04-10,1921,N,VIIRS,n,2,295.61,2.71,N,0
26.75869,83.20123,306.66,0.4,0.44,2023-06-25,2034,N,VIIRS,n,2,289.04,2.28,N,2
15.18516,76.64268,310.03,0.4,0.44,2023-12-12,2049,N,VIIRS,n,2,293.6,1.87,N,2
25.17994,84.11168,311.38,0.38,0.59,2023-04-16,2048,N,VIIRS,n,2,291.85,1.21,N,0
27.65361,82.31437,340.84,0.39,0.36,2023-04-18,744,N,VIIRS,l,2,314.47,5.52,D,0
19.14496,83.4035,311.02,0.57,0.52,2023-03-05,2037,N,VIIRS,n,2,292.87,2.26,N,0
20.94236,86.06143,318.68,0.43,0.38,2023-01-08,1945,N,VIIRS,n,2,290.03,1.37,N,2
14.08336,79.0285,342.62,0.42,0.38,2023-04-12,753,N,VIIRS,l,2,315.05,4.17,D,0
18.62134,80.52214,332.9,0.62,0.71,2023-02-15,844,N,VIIRS,l,2,306.48,4.12,D,0
19.80911,84.44193,307.94,0.5,0.49,2023-03-03,1933,N,VIIRS,n,2,293.7,1.42,N,0
30.4167,74.80685,341.62,0.57,0.52,2023-05-10,732,N,VIIRS,n,2,312.14,4.09,D,0
23.4135,92.3782,333.09,0.38,0.59,2023-04-18,743,N,VIIRS,n,2,296.02,4.02,D,0
30.47813,74.95163,339.96,0.39,0.44,2023-11-15,828,N,VIIRS,n,2,301.97,2.76,D,0
20.96838,85.17573,335.24,0.4,0.44,2023-04-28,755,N,VIIRS,l,2,308.07,4.92,D,2
21.2331,79.63097,304.75,0.41,0.45,2023-11-02,1957,N,VIIRS,n,2,293.83,1.66,N,2
20.79399,85.25375,319.34,0.4,0.37,2023-01-29,1952,N,VIIRS,n,2,292.6,1.28,N,2
22.31727,82.70444,341.97,0.41,0.37,2023-02-18,748,N,VIIRS,n,2,305.23,2.61,D,0
21.70462,83.57409,330.11,0.33,0.55,2023-02-06,813,N,VIIRS,l,2,304.27,1.7,D,0
13.88577,75.9626,342.07,0.42,0.45,2023-02-26,837,N,VIIRS,n,2,308.73,3.61,D,0
21.87468,84.17379,334.91,0.54,0.42,2023-03-27,755,N,VIIRS,n,2,304.59,2.38,D,0
19.43072,83.74879,343.9,0.39,0.36,2023-02-13,741,N,VIIRS,n,2,310.22,4.32,D,0
26.54276,71.58944,339.08,0.41,0.37,2023-02-22,815,N,VIIRS,n,2,305.0,4.24,D,0
30.03995,76.07822,342.86,0.39,0.36,2023-11-06,756,N,VIIRS,n,2,303.5,8.23,D,0
23.53904,84.15456,339.34,0.44,0.38,2023-04-19,724,N,VIIRS,l,2,310.17,3.25,D,0
20.28498,83.91522,311.29,0.41,0.37,2023-04-18,2012,N,VIIRS,n,2,296.04,1.41,N,0
12.91362,78.05052,339.06,0.44,0.39,2023-03-15,818,N,VIIRS,l,2,312.65,3.54,D,0
19.33035,74.97834,310.07,0.53,0.5,2023-03-30,2109,N,VIIRS,n,2,288.93,0.93,N,0
21.86419,83.04105,331.02,0.48,0.4,2023-02-07,754,N,VIIRS,l,2,305.86,0.88,D,0
23.77769,86.37236,307.64,0.55,0.43,2023-05-25,2016,N,VIIRS,n,2,291.25,1.27,N,2
23.72152,86.44781,310.65,0.52,0.5,2023-01-09,1926,N,VIIRS,n,2,293.86,2.09,N,2
26.16578,93.16993,333.91,0.37,0.58,2023-03-28,737,N,VIIRS,n,2,294.73,3.22,D,0
19.10853,82.29325,342.93,0.52,0.67,2023-01-09,657,N,VIIRS,n,2,303.53,8.69,D,0
23.78041,86.37382,311.73,0.38,0.36,2023-02-03,1957,N,VIIRS,n,2,290.71,1.39,N,2
18.08986,78.64235,333.54,0.46,0.47,2023-05-31,735,N,VIIRS,l,2,303.9,3.47,D,0
18.99342,78.4826,343.33,0.54,0.42,2023-06-03,819,N,VIIRS,n,2,313.24,20.44,D,0
19.44314,82.6917,312.91,0.39,0.36,2023-03-01,2011,N,VIIRS,n,2,295.2,1.64,N,0
24.85705,77.07517,308.23,0.52,0.67,2023-04-14,1946,N,VIIRS,n,2,291.2,2.29,N,0
23.92224,92.08486,340.95,0.51,0.49,2023-04-11,634,N,VIIRS,n,2,302.34,6.92,D,0
19.94658,74.4701,340.75,0.42,0.38,2023-06-09,807,N,VIIRS,l,2,314.75,9.99,D,0
22.34733,79.51406,352.44,0.38,0.36,2023-04-12,756,N,VIIRS,n,2,320.04,9.07,D,0
25.20021,91.43762,340.05,0.4,0.37,2023-03-14,659,N,VIIRS,n,2,302.6,3.6,D,0
18.49983,73.12076,339.27,0.4,0.6,2023-04-02,742,N,VIIRS,n,2,307.09,4.96,D,0
21.35714,83.56784,336.32,0.39,0.36,2023-06-05,742,N,VIIRS,l,2,309.86,3.43,D,0
28.09696,80.89411,348.56,0.4,0.37,2023-05-09,750,N,VIIRS,n,2,315.38,8.37,D,0
23.38276,71.661,335.7,0.43,0.38,2023-11-21,813,N,VIIRS,n,2,304.87,3.06,D,0
15.3608,78.7209,340.44,0.51,0.41,2023-02-27,818,N,VIIRS,n,2,309.64,4.61,D,0
22.75248,78.82452,338.98,0.46,0.63,2023-04-25,712,N,VIIRS,n,2,301.91,5.66,D,0
22.16109,92.58833,318.04,0.48,0.48,2023-04-08,1958,N,VIIRS,n,2,295.52,2.26,N,0
22.72396,88.70996,304.7,0.73,0.76,2023-10-10,1847,N,VIIRS,n,2,291.39,1.44,N,0
27.38829,82.54749,329.12,0.4,0.37,2023-01-28,743,N,VIIRS,n,2,295.23,1.13,D,0
20.94109,70.39455,335.32,0.59,0.53,2023-02-14,904,N,VIIRS,n,2,307.8,4.17,D,0
23.72261,92.43838,339.92,0.62,0.54,2023-02-24,736,N,VIIRS,n,2,296.14,10.9,D,0
30.7854,75.57407,345.21,0.45,0.39,2023-11-05,815,N,VIIRS,n,2,305.31,8.38,D,0
15.17118,76.37569,304.37,0.44,0.46,2023-12-25,2005,N,VIIRS,n,2,293.83,1.53,N,2
20.96462,85.16976,297.2,0.37,0.58,2023-05-28,1921,N,VIIRS,n,2,271.55,0.65,N,2
25.44738,88.67403,337.42,0.48,0.4,2023-04-24,731,N,VIIRS,n,2,302.02,2.04,D,0
15.16936,76.64867,304.88,0.4,0.44,2023-02-11,2050,N,VIIRS,n,2,293.39,1.74,N,0
24.49306,84.75803,349.2,0.46,0.47,2023-04-20,706,N,VIIRS,n,2,312.28,15.2,D,0
22.6193,77.6144,314.12,0.37,0.58,2023-04-03,1952,N,VIIRS,n,2,289.44,1.18,N,0
29.29257,76.17014,341.02,0.4,0.37,2023-05-08,810,N,VIIRS,l,2,315.74,9.09,D,0
23.68664,87.12186,319.98,0.39,0.36,2023-07-24,1951,N,VIIRS,n,2,292.79,1.52,N,2
18.41673,80.01271,310.1,0.4,0.37,2023-04-12,2025,N,VIIRS,n,2,296.8,0.83,N,0
23.42575,82.22511,349.27,0.56,0.51,2023-04-11,815,N,VIIRS,n,2,310.55,7.35,D,0
19.20036,83.1581,308.0,0.38,0.36,2023-03-12,2005,N,VIIRS,n,2,291.34,0.87,N,0
21.31421,85.48407,303.77,0.54,0.42,2023-03-06,2017,N,VIIRS,n,2,292.59,0.45,N,0
25.33438,83.47557,344.44,0.56,0.52,2023-12-18,807,N,VIIRS,n,2,293.7,8.25,D,0
18.43976,78.64778,331.31,0.57,0.52,2023-04-08,729,N,VIIRS,l,2,304.49,2.65,D,0
15.56648,76.78179,346.61,0.53,0.5,2023-10-11,739,N,VIIRS,n,2,298.91,8.51,D,0
25.27262,76.03569,335.23,0.39,0.36,2023-10-10,801,N,VIIRS,l,2,309.92,2.95,D,0
20.49802,81.58862,347.5,0.41,0.37,2023-03-11,754,N,VIIRS,n,2,312.01,7.33,D,0
21.12097,73.8,318.42,0.39,0.44,2023-04-12,2025,N,VIIRS,n,2,296.09,2.54,N,0
13.62259,78.63172,338.27,0.53,0.42,2023-03-06,746,N,VIIRS,n,2,307.55,4.26,D,0
15.06669,78.7475,337.53,0.39,0.36,2023-02-28,759,N,VIIRS,n,2,305.94,3.9,D,0
15.45094,74.60693,302.29,0.56,0.43,2023-03-04,2057,N,VIIRS,n,2,292.16,1.0,N,0
9.41651,78.65534,342.47,0.32,0.55,2023-02-08,732,N,VIIRS,n,2,298.38,2.91,D,0
26.00368,91.63164,336.54,0.47,0.48,2023-04-08,731,N,VIIRS,n,2,301.59,2.72,D,0
20.59284,80.38868,330.7,0.63,0.54,2023-04-05,826,N,VIIRS,l,2,304.88,5.56,D,0
20.88638,84.98396,303.4,0.76,0.77,2023-01-21,1902,N,VIIRS,n,2,289.55,2.77,N,2
14.94512,77.6958,341.62,0.37,0.58,2023-10-29,842,N,VIIRS,n,2,296.84,4.49,D,0
20.66417,80.62521,306.8,0.4,0.37,2023-03-11,2024,N,VIIRS,n,2,293.45,1.68,N,0
24.05755,92.10847,331.53,0.39,0.36,2023-04-15,659,N,VIIRS,n,2,296.24,7.23,D,0
17.81922,80.48686,339.72,0.57,0.69,2023-03-03,703,N,VIIRS,n,2,300.7,3.08,D,0
20.9525,86.05153,331.87,0.45,0.39,2023-05-16,717,N,VIIRS,l,2,305.25,7.24,D,2
22.20583,82.25254,328.62,0.55,0.43,2023-12-31,722,N,VIIRS,n,2,297.8,4.06,D,0
21.10511,72.63702,317.88,0.55,0.68,2023-11-18,2138,N,VIIRS,n,2,293.39,2.41,N,2
23.5972,77.35529,345.15,0.4,0.37,2023-04-12,756,N,VIIRS,l,2,319.47,11.33,D,0
18.77858,80.62315,336.8,0.44,0.38,2023-04-18,742,N,VIIRS,l,2,307.68,4.87,D,0
17.96792,79.45634,330.06,0.41,0.61,2023-01-24,716,N,VIIRS,n,2,300.55,2.03,D,0
20.30676,83.65494,309.44,0.45,0.47,2023-04-17,2031,N,VIIRS,n,2,297.63,2.55,N,0
21.62366,81.98164,343.8,0.49,0.48,2023-03-13,717,N,VIIRS,n,2,311.68,7.59,D,0
19.15357,83.5276,341.07,0.47,0.48,2023-03-05,806,N,VIIRS,n,2,309.19,3.51,D,0
13.71525,77.0357,344.81,0.39,0.36,2023-02-22,811,N,VIIRS,n,2,315.71,4.37,D,0
23.37857,82.68979,339.03,0.38,0.58,2023-04-16,821,N,VIIRS,n,2,298.49,2.48,D,0
22.93009,70.10467,306.99,0.54,0.42,2023-02-20,2120,N,VIIRS,n,2,293.1,0.81,N,0
27.36331,84.32268,341.63,0.43,0.46,2023-04-12,757,N,VIIRS,n,2,308.98,5.86,D,0
30.31899,75.26847,340.2,0.33,0.55,2023-05-05,726,N,VIIRS,n,2,303.23,3.15,D,0
22.1909,79.43391,343.86,0.38,0.36,2023-11-22,754,N,VIIRS,n,2,307.78,8.29,D,0
18.38177,75.82309,346.62,0.47,0.48,2023-06-02,838,N,VIIRS,l,2,317.41,14.41,D,0
19.39953,80.8904,331.48,0.5,0.49,2023-04-19,723,N,VIIRS,l,2,304.66,6.51,D,0
19.29573,84.77843,332.91,0.45,0.39,2023-12-31,721,N,VIIRS,n,2,298.96,2.55,D,0
14.44999,77.42068,337.5,0.43,0.38,2023-02-11,818,N,VIIRS,l,2,309.69,3.15,D,0
14.25889,77.61744,310.25,0.48,0.65,2023-02-26,2109,N,VIIRS,n,2,290.84,1.56,N,0
14.21703,75.55517,339.68,0.55,0.68,2023-02-19,728,N,VIIRS,n,2,304.58,4.95,D,0
15.87411,75.83224,331.53,0.61,0.71,2023-01-29,722,N,VIIRS,l,2,305.15,4.4,D,0
31.11683,77.91791,325.8,0.59,0.53,2023-12-17,827,N,VIIRS,n,2,287.44,4.31,D,0
25.66,90.66713,305.24,0.48,0.4,2023-03-14,1926,N,VIIRS,n,2,288.94,1.28,N,0
17.72349,82.26697,346.25,0.4,0.37,2023-03-01,741,N,VIIRS,n,2,305.64,8.55,D,0
21.66378,78.92549,311.36,0.38,0.36,2023-03-11,2024,N,VIIRS,n,2,291.09,0.87,N,0
19.74791,82.59097,337.31,0.48,0.48,2023-12-26,715,N,VIIRS,n,2,300.62,3.18,D,0
20.07069,80.04115,342.6,0.56,0.43,2023-04-11,814,N,VIIRS,n,2,310.44,3.84,D,0
23.37836,72.01577,335.7,0.5,0.49,2023-03-08,852,N,VIIRS,l,2,309.36,2.71,D,0
31.90007,74.90826,331.49,0.38,0.36,2023-10-26,803,N,VIIRS,n,2,301.22,2.79,D,0
22.0763,81.60822,331.09,0.42,0.38,2023-11-23,735,N,VIIRS,n,2,299.25,2.86,D,0
24.47111,81.39682,333.06,0.39,0.36,2023-11-17,748,N,VIIRS,n,2,299.27,3.37,D,0
24.32789,84.2017,340.53,0.5,0.41,2023-04-14,718,N,VIIRS,l,2,314.58,6.11,D,0
18.96865,77.27774,335.37,0.43,0.62,2023-04-19,723,N,VIIRS,l,2,307.93,3.6,D,0
27.53026,71.96423,340.13,0.43,0.38,2023-11-16,808,N,VIIRS,n,2,303.89,2.34,D,0
15.33078,78.55914,338.32,0.42,0.38,2023-05-29,812,N,VIIRS,l,2,310.41,5.0,D,0
20.26662,79.97849,341.68,0.44,0.62,2023-05-11,711,N,VIIRS,n,2,302.07,3.38,D,0
20.8984,80.72227,340.76,0.42,0.45,2023-05-29,813,N,VIIRS,n,2,307.63,2.08,D,0
19.01856,74.81658,345.39,0.51,0.41,2023-03-25,832,N,VIIRS,l,2,320.34,10.76,D,0
19.26538,73.1499,340.83,0.39,0.36,2023-04-05,826,N,VIIRS,l,2,311.67,20.03,D,0
22.13177,85.38285,300.63,0.42,0.45,2023-03-11,2023,N,VIIRS,n,2,288.57,0.41,N,2
17.7091,79.29961,344.18,0.43,0.46,2023-02-24,735,N,VIIRS,l,2,315.45,7.01,D,0
18.3676,83.01919,304.28,0.47,0.39,2023-03-02,1953,N,VIIRS,n,2,292.01,0.61,N,0
21.70216,81.17249,333.41,0.41,0.37,2023-11-22,754,N,VIIRS,n,2,302.0,3.61,D,0
17.1269,80.13087,335.57,0.44,0.62,2023-05-17,838,N,VIIRS,n,2,304.44,7.7,D,0
23.77715,86.39597,317.75,0.39,0.37,2023-10-12,1950,N,VIIRS,n,2,299.28,2.48,N,2
18.03694,73.79829,333.81,0.59,0.53,2023-03-03,2115,N,VIIRS,n,2,292.16,7.76,N,0
20.96701,85.15318,304.44,0.54,0.67,2023-06-03,2048,N,VIIRS,n,2,292.66,3.18,N,2
19.01231,80.34096,308.33,0.38,0.36,2023-03-06,2018,N,VIIRS,n,2,294.64,1.28,N,0
31.36999,74.58081,351.31,0.45,0.47,2023-05-15,739,N,VIIRS,n,2,316.27,11.94,D,0
20.9387,80.92916,335.82,0.38,0.36,2023-12-19,747,N,VIIRS,n,2,300.22,3.72,D,0
27.32348,95.97796,332.18,0.57,0.52,2023-04-14,719,N,VIIRS,n,2,297.17,3.26,D,0
22.33016,82.65362,336.46,0.55,0.43,2023-04-17,2030,N,VIIRS,n,2,298.42,6.93,N,0
19.79188,84.18637,301.44,0.41,0.45,2023-03-08,1940,N,VIIRS,n,2,289.99,0.46,N,0
19.60276,83.80801,305.25,0.4,0.37,2023-03-07,1959,N,VIIRS,n,2,290.99,1.13,N,0
30.20515,77.31673,325.65,0.5,0.49,2023-11-29,725,N,VIIRS,n,2,294.91,2.74,D,0
19.88394,73.76775,344.14,0.47,0.48,2023-11-14,844,N,VIIRS,n,2,308.17,11.55,D,0
23.71802,86.44359,303.22,0.45,0.63,2023-10-20,2040,N,VIIRS,n,2,292.26,2.53,N,2
29.97187,75.02366,333.2,0.46,0.63,2023-11-03,853,N,VIIRS,n,2,293.31,5.66,D,0
30.53206,74.83191,367.0,0.45,0.63,2023-11-19,853,N,VIIRS,h,2,299.91,10.53,D,0
24.22041,79.41148,353.63,0.43,0.38,2023-04-02,743,N,VIIRS,n,2,316.24,13.94,D,0
23.29214,83.22983,333.16,0.48,0.48,2023-05-27,711,N,VIIRS,n,2,301.08,12.85,D,0
17.57262,81.50679,307.78,0.56,0.43,2023-04-17,2031,N,VIIRS,n,2,295.7,1.54,N,0
19.65125,80.36272,333.94,0.52,0.41,2023-04-13,736,N,VIIRS,l,2,306.16,3.16,D,0
15.78621,76.7522,342.15,0.42,0.45,2023-05-25,747,N,VIIRS,n,2,299.54,2.75,D,0
30.49045,74.87514,338.16,0.39,0.44,2023-11-15,828,N,VIIRS,n,2,300.56,3.14,D,0
28.46152,77.66811,301.38,0.4,0.37,2023-12-07,2039,N,VIIRS,n,2,285.22,0.69,N,0
18.61458,78.00176,337.75,0.42,0.45,2023-11-15,824,N,VIIRS,n,2,300.38,2.44,D,0
28.85279,76.94708,331.95,0.39,0.44,2023-12-12,821,N,VIIRS,n,2,294.98,3.98,D,0
11.18184,79.09937,302.14,0.34,0.56,2023-03-08,1942,N,VIIRS,n,2,291.38,0.54,N,0
24.78699,83.58847,349.02,0.45,0.47,2023-04-17,802,N,VIIRS,n,2,313.0,8.67,D,0
23.74489,86.42381,305.45,0.38,0.36,2023-10-17,1956,N,VIIRS,n,2,293.33,0.7,N,2
23.69355,91.90439,339.86,0.58,0.52,2023-03-28,736,N,VIIRS,n,2,290.83,3.27,D,0
28.20548,81.18501,330.75,0.46,0.39,2023-12-08,755,N,VIIRS,n,2,298.52,6.61,D,0
26.73314,88.24989,335.19,0.39,0.36,2023-04-14,719,N,VIIRS,n,2,301.84,2.8,D,0
21.91244,82.66759,337.18,0.55,0.51,2023-06-12,710,N,VIIRS,n,2,304.04,5.52,D,0
30.25072,76.03384,330.83,0.49,0.41,2023-10-27,744,N,VIIRS,n,2,302.19,2.82,D,0
30.38749,76.06081,333.48,0.46,0.39,2023-11-05,815,N,VIIRS,n,2,301.14,2.23,D,0
13.46941,78.69751,301.52,0.63,0.72,2023-02-26,1929,N,VIIRS,n,2,288.7,2.15,N,0
23.80852,86.31436,308.84,0.42,0.45,2023-10-29,1931,N,VIIRS,n,2,295.92,1.53,N,2
30.65153,75.43345,344.25,0.48,0.65,2023-05-11,714,N,VIIRS,n,2,311.12,8.37,D,0
22.57792,85.564,310.45,0.38,0.36,2023-03-07,1958,N,VIIRS,n,2,278.47,1.17,N,0
21.06426,85.03486,300.12,0.41,0.37,2023-12-15,1951,N,VIIRS,n,2,287.94,0.7,N,0
18.92937,76.19576,312.37,0.32,0.55,2023-03-07,1959,N,VIIRS,n,2,288.64,1.57,N,0
18.68365,73.03443,313.48,0.5,0.49,2023-04-23,2019,N,VIIRS,n,2,295.89,2.19,N,2
31.94766,75.6874,346.17,0.43,0.38,2023-05-09,752,N,VIIRS,l,2,316.75,7.05,D,0
22.67262,93.04528,339.78,0.41,0.37,2023-04-10,652,N,VIIRS,n,2,297.78,2.36,D,0
27.60444,95.40186,329.16,0.4,0.37,2023-11-26,639,N,VIIRS,n,2,297.81,2.33,D,2
30.43888,75.32043,335.79,0.39,0.59,2023-11-14,847,N,VIIRS,n,2,296.45,2.27,D,0
17.60833,83.20467,309.39,0.38,0.36,2023-01-23,2005,N,VIIRS,n,2,295.06,1.49,N,2
25.48273,91.2925,334.17,0.44,0.39,2023-02-05,652,N,VIIRS,n,2,300.9,5.01,D,0
24.11783,94.15789,334.71,0.48,0.4,2023-04-16,640,N,VIIRS,n,2,307.5,3.94,D,0
13.62967,75.77269,310.76,0.4,0.37,2023-03-11,2026,N,VIIRS,n,2,292.31,1.45,N,0
30.73167,74.33891,330.46,0.52,0.67,2023-05-16,900,N,VIIRS,l,2,300.75,2.72,D,0
19.66489,75.006,340.6,0.38,0.36,2023-02-06,813,N,VIIRS,l,2,312.35,4.48,D,0
22.37563,87.28043,311.46,0.56,0.52,2023-05-28,1920,N,VIIRS,n,2,294.42,1.97,N,2
23.78297,77.81068,305.75,0.36,0.58,2023-04-19,1952,N,VIIRS,n,2,290.57,0.58,N,0
19.0821,82.0303,331.61,0.41,0.37,2023-04-28,754,N,VIIRS,l,2,302.18,0.61,D,0
22.325,82.60126,304.03,0.55,0.42,2023-12-13,2028,N,VIIRS,n,2,287.51,2.09,N,0
22.36375,87.01984,297.64,0.53,0.5,2023-10-21,2022,N,VIIRS,n,2,272.75,1.28,N,2
24.95792,76.07918,332.44,0.6,0.71,2023-04-25,712,N,VIIRS,l,2,304.61,3.28,D,0
11.33011,77.24599,331.25,0.41,0.37,2023-10-25,816,N,VIIRS,l,2,301.48,4.09,D,0
23.4812,87.36119,314.56,0.4,0.37,2023-08-20,1945,N,VIIRS,n,2,286.65,2.48,N,2
29.76241,75.97871,333.24,0.34,0.56,2023-11-09,840,N,VIIRS,n,2,297.15,2.57,D,0
18.16311,80.22591,332.62,0.54,0.42,2023-03-10,813,N,VIIRS,l,2,304.05,3.4,D,0
11.92584,77.00764,302.2,0.4,0.37,2023-03-22,2020,N,VIIRS,n,2,283.93,0.36,N,0
29.22184,79.97325,336.92,0.39,0.44,2023-03-05,809,N,VIIRS,n,2,300.09,3.02,D,0
21.07912,85.03411,341.0,0.39,0.36,2023-05-31,735,N,VIIRS,n,2,308.14,4.53,D,2
24.24045,94.23386,296.59,0.38,0.36,2023-04-15,1926,N,VIIRS,n,2,260.62,0.52,N,0
19.7858,79.14586,307.22,0.52,0.41,2023-12-25,2004,N,VIIRS,n,2,291.63,1.51,N,2
18.16989,73.4139,344.12,0.43,0.38,2023-04-10,832,N,VIIRS,n,2,313.57,8.9,D,0
24.39606,93.01065,341.71,0.54,0.42,2023-03-15,640,N,VIIRS,n,2,298.65,212.21,D,0
21.25274,80.92643,332.07,0.38,0.36,2023-12-19,747,N,VIIRS,n,2,301.45,2.45,D,0
19.76193,81.0522,333.07,0.39,0.36,2023-05-14,754,N,VIIRS,n,2,305.72,2.1,D,0
21.7653,84.02486,308.77,0.54,0.42,2023-04-28,2024,N,VIIRS,n,2,293.75,2.09,N,2
12.79201,76.00291,348.35,0.42,0.45,2023-02-23,752,N,VIIRS,n,2,315.74,5.49,D,0
23.79531,86.2362,297.92,0.34,0.56,2023-02-05,1920,N,VIIRS,n,2,287.86,0.64,N,2
21.66639,82.88345,353.28,0.42,0.61,2023-02-10,658,N,VIIRS,n,2,315.32,9.95,D,0
14.88385,76.70582,367.0,0.44,0.46,2023-03-06,747,N,VIIRS,h,2,316.92,28.3,D,0
19.7805,81.10969,348.91,0.39,0.36,2023-03-11,754,N,VIIRS,n,2,313.2,24.35,D,0
23.67418,86.08841,329.54,0.54,0.42,2023-04-09,1939,N,VIIRS,n,2,294.33,4.61,N,2
20.36064,84.68009,302.73,0.39,0.44,2023-03-08,1940,N,VIIRS,n,2,291.09,1.4,N,0
29.9081,74.94564,300.21,0.59,0.7,2023-07-18,2143,N,VIIRS,n,2,279.6,1.83,N,2
22.78757,86.20947,303.34,0.59,0.53,2023-10-26,2028,N,VIIRS,n,2,292.28,2.93,N,0
21.30132,81.60544,304.25,0.32,0.55,2023-01-10,2048,N,VIIRS,n,2,286.67,0.83,N,2
27.4728,72.03387,340.85,0.43,0.38,2023-11-16,808,N,VIIRS,n,2,305.46,2.87,D,0
31.65931,75.19435,333.82,0.38,0.36,2023-10-26,803,N,VIIRS,n,2,303.47,3.11,D,0
26.58433,79.92858,349.3,0.4,0.37,2023-05-14,756,N,VIIRS,n,2,313.82,7.82,D,0
29.90685,74.94604,335.96,0.35,0.57,2023-04-19,726,N,VIIRS,n,2,299.25,8.89,D,2
23.58749,81.66615,342.37,0.47,0.48,2023-03-29,718,N,VIIRS,n,2,303.45,7.02,D,0
16.30009,77.36385,354.5,0.36,0.57,2023-03-03,843,N,VIIRS,n,2,308.01,8.73,D,0
18.83708,83.3745,334.05,0.46,0.39,2023-03-27,754,N,VIIRS,n,2,300.35,5.01,D,0
9.37255,78.65323,336.81,0.53,0.67,2023-02-14,720,N,VIIRS,n,2,303.79,3.87,D,0
25.69544,89.9337,335.26,0.56,0.43,2023-03-07,730,N,VIIRS,l,2,308.6,7.4,D,0
9.10179,78.01186,330.71,0.45,0.47,2023-03-06,745,N,VIIRS,l,2,301.9,6.18,D,0
14.47289,79.17722,340.05,0.63,0.54,2023-03-07,728,N,VIIRS,n,2,299.61,4.84,D,0
16.2167,80.71216,346.96,0.47,0.64,2023-05-27,709,N,VIIRS,n,2,300.24,6.17,D,0
29.80857,79.4977,311.64,0.34,0.56,2023-03-02,1950,N,VIIRS,n,2,284.2,1.29,N,0
22.68993,74.9145,307.93,0.53,0.42,2023-04-12,2024,N,VIIRS,n,2,291.56,0.8,N,0
21.97396,83.4035,345.27,0.5,0.66,2023-03-04,826,N,VIIRS,n,2,306.25,4.78,D,0
16.07906,75.89703,349.98,0.38,0.36,2023-03-10,812,N,VIIRS,n,2,323.16,32.7,D,0
24.84892,93.28326,367.0,0.36,0.58,2023-04-13,737,N,VIIRS,h,2,305.8,16.63,D,0
22.78032,75.59993,352.52,0.42,0.45,2023-04-10,834,N,VIIRS,n,2,306.93,7.76,D,0
29.12533,75.77515,302.82,0.57,0.52,2023-02-13,2009,N,VIIRS,n,2,282.81,1.68,N,2
12.90316,77.85227,338.65,0.35,0.57,2023-04-20,843,N,VIIRS,n,2,302.83,3.06,D,0
26.73595,78.57888,332.71,0.38,0.36,2023-02-23,756,N,VIIRS,l,2,304.57,2.39,D,0
14.04988,78.31359,305.28,0.41,0.45,2023-02-19,2000,N,VIIRS,n,2,292.91,1.44,N,0
30.41186,74.7849,354.44,0.36,0.57,2023-11-14,847,N,VIIRS,n,2,296.83,4.38,D,0
15.29072,75.01795,340.56,0.39,0.37,2023-12-23,811,N,VIIRS,n,2,308.56,3.33,D,0
29.79253,75.20457,333.58,0.49,0.4,2023-10-25,821,N,VIIRS,n,2,303.51,9.95,D,0
21.64165,83.06171,346.13,0.33,0.55,2023-03-03,704,N,VIIRS,n,2,308.23,3.76,D,0
22.5588,76.20232,319.04,0.57,0.52,2023-02-24,2004,N,VIIRS,n,2,288.94,3.81,N,0
23.77463,86.38477,313.58,0.52,0.41,2023-02-04,1939,N,VIIRS,n,2,290.69,2.97,N,2
23.7083,78.09599,353.09,0.48,0.65,2023-04-09,712,N,VIIRS,n,2,303.54,7.6,D,0
22.55084,86.69122,331.13,0.39,0.36,2023-02-03,729,N,VIIRS,l,2,304.95,2.53,D,0
21.14423,82.96828,334.76,0.54,0.51,2023-03-08,711,N,VIIRS,n,2,301.71,4.25,D,0
31.6053,75.29291,343.81,0.51,0.49,2023-05-12,836,N,VIIRS,n,2,313.01,8.1,D,0
17.10221,74.08414,367.0,0.4,0.37,2023-03-04,825,N,VIIRS,h,2,314.94,7.32,D,0
14.27035,80.12973,304.54,0.55,0.51,2023-03-26,2045,N,VIIRS,n,2,281.73,0.91,N,0
22.30535,79.74404,347.63,0.32,0.55,2023-11-08,716,N,VIIRS,n,2,301.55,2.85,D,0
30.76787,75.25987,346.11,0.6,0.7,2023-11-08,859,N,VIIRS,n,2,291.23,8.62,D,0
24.29942,92.06838,333.65,0.43,0.38,2023-04-10,653,N,VIIRS,n,2,301.84,4.15,D,0
17.85329,82.26495,339.06,0.38,0.59,2023-02-16,825,N,VIIRS,n,2,307.41,4.06,D,0
25.87601,92.18431,333.92,0.63,0.72,2023-03-27,756,N,VIIRS,n,2,285.46,5.99,D,0
22.49506,85.3051,347.3,0.52,0.41,2023-03-06,748,N,VIIRS,n,2,305.53,7.52,D,0
19.28118,75.62975,341.34,0.48,0.48,2023-12-27,837,N,VIIRS,n,2,303.16,3.7,D,0
21.49607,85.03136,333.04,0.49,0.41,2023-03-13,717,N,VIIRS,l,2,307.36,3.81,D,0
25.28465,94.49677,298.92,0.34,0.56,2023-03-16,1848,N,VIIRS,n,2,279.44,0.71,N,0
25.53689,76.74171,348.92,0.44,0.46,2023-04-13,738,N,VIIRS,n,2,318.01,8.78,D,0
21.04215,83.2418,340.03,0.39,0.44,2023-02-12,801,N,VIIRS,n,2,307.98,4.36,D,0
24.66325,74.63443,302.15,0.41,0.37,2023-02-01,2035,N,VIIRS,n,2,286.96,0.9,N,2
21.07596,85.04226,337.36,0.32,0.55,2023-06-18,657,N,VIIRS,n,2,299.77,4.61,D,2
22.79077,86.19477,306.83,0.53,0.5,2023-05-01,1927,N,VIIRS,n,2,292.73,1.71,N,2
16.79534,73.82304,333.25,0.52,0.41,2023-03-14,838,N,VIIRS,l,2,307.9,3.88,D,0
29.90911,74.95494,310.25,0.38,0.36,2023-05-18,2047,N,VIIRS,n,2,296.75,13.29,N,2
29.35357,73.95152,346.31,0.51,0.41,2023-11-15,827,N,VIIRS,n,2,301.36,9.12,D,0
22.93146,83.50108,313.31,0.4,0.44,2023-05-16,1945,N,VIIRS,n,2,295.19,2.18,N,0
17.14177,76.44093,306.14,0.48,0.65,2023-02-25,1947,N,VIIRS,n,2,287.77,1.83,N,0
15.17525,76.6544,306.1,0.41,0.6,2023-02-10,2109,N,VIIRS,n,2,293.96,1.11,N,2
16.78473,76.26214,342.05,0.43,0.46,2023-02-02,747,N,VIIRS,n,2,305.09,3.55,D,0
23.66574,86.91773,302.41,0.39,0.36,2023-01-13,1951,N,VIIRS,n,2,289.42,0.59,N,2
27.34599,92.56375,313.58,0.39,0.36,2023-02-15,1931,N,VIIRS,n,2,274.88,1.29,N,0
22.04701,84.5239,301.86,0.42,0.45,2023-03-08,1939,N,VIIRS,n,2,291.17,0.84,N,0
12.51169,77.37854,356.39,0.4,0.44,2023-01-04,830,N,VIIRS,n,2,299.14,7.27,D,0
30.63813,74.1665,336.96,0.4,0.37,2023-11-21,815,N,VIIRS,n,2,304.93,18.72,D,0
29.88169,75.02132,344.24,0.45,0.47,2023-11-07,737,N,VIIRS,n,2,299.76,5.04,D,0
17.17447,80.08025,346.09,0.34,0.56,2023-05-28,831,N,VIIRS,n,2,303.94,2.63,D,0
30.48965,74.1217,337.33,0.53,0.42,2023-11-15,828,N,VIIRS,n,2,302.48,4.35,D,0
30.84669,75.25323,348.85,0.45,0.39,2023-05-09,751,N,VIIRS,n,2,316.11,6.62,D,0
23.67833,80.48001,331.19,0.4,0.37,2023-03-17,743,N,VIIRS,l,2,303.53,3.55,D,0
22.17422,92.66473,330.21,0.41,0.45,2023-03-15,639,N,VIIRS,n,2,296.62,5.33,D,0
23.17244,70.19939,330.18,0.39,0.36,2023-12-06,832,N,VIIRS,l,2,304.23,2.91,D,0
20.80626,85.25903,306.46,0.55,0.68,2023-04-16,2049,N,VIIRS,n,2,294.9,2.5,N,2
23.78498,86.33212,316.21,0.41,0.37,2023-03-28,2004,N,VIIRS,n,2,295.26,2.26,N,2
20.95643,85.14513,307.27,0.4,0.37,2023-08-09,1952,N,VIIRS,n,2,292.91,0.7,N,2
22.97105,87.51614,336.66,0.38,0.43,2023-11-28,741,N,VIIRS,n,2,299.37,2.68,D,0
30.28052,75.56165,340.3,0.63,0.54,2023-11-13,725,N,VIIRS,n,2,299.51,9.46,D,0
20.52074,80.72486,308.32,0.55,0.43,2023-03-05,2036,N,VIIRS,n,2,292.46,2.34,N,0
23.40897,82.19115,319.61,0.4,0.44,2023-04-06,2036,N,VIIRS,n,2,290.39,1.62,N,0
22.71467,77.77777,367.0,0.66,0.73,2023-04-04,706,N,VIIRS,h,2,304.66,55.59,D,0
30.99792,75.49911,340.6,0.42,0.45,2023-10-30,828,N,VIIRS,n,2,299.63,4.8,D,0
21.26921,79.18433,310.78,0.38,0.36,2023-01-06,2023,N,VIIRS,n,2,287.74,1.17,N,0
23.8767,77.26044,351.06,0.38,0.36,2023-04-17,802,N,VIIRS,l,2,323.54,9.51,D,0
31.60625,74.70695,330.76,0.45,0.63,2023-11-03,853,N,VIIRS,n,2,293.82,4.16,D,0
23.74304,86.42605,297.7,0.44,0.38,2023-01-08,1945,N,VIIRS,n,2,286.29,1.02,N,2
20.63354,80.11495,342.19,0.38,0.59,2023-04-10,833,N,VIIRS,n,2,302.59,5.99,D,0
11.51947,79.2056,336.12,0.55,0.51,2023-02-24,733,N,VIIRS,l,2,306.76,8.31,D,0
23.63834,85.36249,305.43,0.4,0.44,2023-06-15,2022,N,VIIRS,n,2,280.36,0.97,N,0
22.33356,86.52419,307.95,0.4,0.44,2023-03-03,1933,N,VIIRS,n,2,291.67,1.13,N,0
23.30341,77.79323,331.1,0.42,0.45,2023-10-22,735,N,VIIRS,n,2,305.03,2.37,D,0
19.86542,80.60516,331.55,0.64,0.72,2023-06-02,658,N,VIIRS,l,2,303.49,5.11,D,0
19.3449,80.61563,343.17,0.42,0.37,2023-04-17,801,N,VIIRS,n,2,307.97,5.1,D,0
22.5042,87.32597,340.62,0.4,0.37,2023-03-13,717,N,VIIRS,n,2,307.33,5.06,D,0
30.03053,75.59904,367.0,0.62,0.71,2023-11-08,859,N,VIIRS,h,2,294.19,14.05,D,0
20.12539,77.9211,345.56,0.41,0.37,2023-12-24,753,N,VIIRS,n,2,302.87,3.17,D,0
30.42401,74.37657,356.63,0.34,0.56,2023-10-29,847,N,VIIRS,n,2,296.64,5.78,D,0
21.11284,72.63506,310.57,0.35,0.56,2023-04-30,2127,N,VIIRS,n,2,291.63,3.92,N,2
27.89854,95.44022,350.54,0.38,0.36,2023-03-04,647,N,VIIRS,n,2,304.24,19.5,D,0
21.26939,81.90765,333.35,0.39,0.36,2023-01-01,748,N,VIIRS,n,2,301.54,2.51,D,0
23.69111,87.12003,301.75,0.41,0.37,2023-11-24,1944,N,VIIRS,n,2,291.57,1.38,N,2
25.14963,93.13802,338.0,0.57,0.52,2023-03-07,730,N,VIIRS,n,2,296.9,5.16,D,0
23.28106,92.93776,355.89,0.47,0.47,2023-03-10,633,N,VIIRS,n,2,290.35,22.64,D,0
26.59101,84.49129,333.35,0.43,0.46,2023-03-11,756,N,VIIRS,l,2,306.69,2.68,D,0
29.57498,75.27331,342.04,0.48,0.48,2023-05-12,835,N,VIIRS,l,2,314.78,2.68,D,0
10.97619,78.92549,338.52,0.48,0.48,2023-03-25,830,N,VIIRS,n,2,291.44,2.26,D,0
22.71755,75.37202,298.25,0.42,0.38,2023-04-16,2049,N,VIIRS,n,2,286.69,0.64,N,0
30.08992,78.05625,332.79,0.39,0.36,2023-05-14,757,N,VIIRS,n,2,301.78,2.93,D,0
19.57012,83.00951,339.21,0.45,0.47,2023-04-06,807,N,VIIRS,n,2,297.23,3.36,D,0
21.01896,81.19159,336.47,0.35,0.57,2023-02-04,710,N,VIIRS,n,2,309.47,2.71,D,0
17.18867,73.99143,340.97,0.47,0.4,2023-02-17,806,N,VIIRS,l,2,314.67,5.46,D,0
21.30935,82.73326,327.9,0.44,0.62,2023-11-09,657,N,VIIRS,n,2,298.06,1.98,D,0
20.39858,81.74754,332.56,0.39,0.44,2023-01-16,807,N,VIIRS,n,2,302.35,1.85,D,0
23.81717,93.35902,350.75,0.71,0.75,2023-03-11,755,N,VIIRS,n,2,294.47,16.18,D,0
20.79348,85.2505,307.81,0.36,0.57,2023-09-17,1920,N,VIIRS,n,2,286.38,2.4,N,2
20.96162,85.17122,314.39,0.4,0.37,2023-05-15,2005,N,VIIRS,n,2,292.56,1.68,N,2
30.26436,75.67362,352.31,0.7,0.75,2023-11-09,700,N,VIIRS,n,2,289.41,10.07,D,0
23.19662,79.70326,339.04,0.39,0.36,2023-11-17,748,N,VIIRS,n,2,303.5,2.75,D,0
25.92412,94.56392,328.38,0.39,0.36,2023-01-31,646,N,VIIRS,n,2,293.1,1.83,D,0
19.06008,77.78207,341.85,0.39,0.36,2023-04-06,807,N,VIIRS,l,2,312.85,8.34,D,0
31.55987,75.20147,345.3,0.45,0.39,2023-05-09,751,N,VIIRS,l,2,315.37,4.88,D,0
14.35319,78.54298,334.21,0.5,0.49,2023-02-21,830,N,VIIRS,l,2,307.46,3.85,D,0
17.60725,82.26246,305.72,0.39,0.36,2023-03-01,2012,N,VIIRS,n,2,292.36,1.45,N,0
25.65541,94.2639,329.1,0.8,0.78,2023-04-08,551,N,VIIRS,n,2,291.85,6.18,D,0
15.96576,78.89365,367.0,0.39,0.36,2023-04-17,800,N,VIIRS,l,2,326.17,15.38,D,0
18.2452,81.99167,306.59,0.43,0.46,2023-03-13,1947,N,VIIRS,n,2,291.55,1.37,N,0
24.17312,80.57977,335.55,0.46,0.39,2023-02-12,801,N,VIIRS,n,2,308.34,3.2,D,0
16.05555,75.23772,342.4,0.42,0.38,2023-02-16,825,N,VIIRS,l,2,316.78,4.53,D,0
15.33717,76.27715,314.8,0.6,0.53,2023-05-28,2103,N,VIIRS,n,2,291.22,2.61,N,2
18.92107,80.14547,334.63,0.45,0.39,2023-03-05,806,N,VIIRS,l,2,309.43,3.29,D,0
14.13621,75.47124,336.76,0.52,0.41,2023-02-12,759,N,VIIRS,l,2,310.75,6.28,D,0
14.10324,78.37663,340.02,0.73,0.76,2023-03-08,709,N,VIIRS,n,2,299.09,7.55,D,0
22.30196,85.87313,337.76,0.38,0.36,2023-03-07,729,N,VIIRS,l,2,309.74,4.61,D,0
15.47552,78.94231,335.64,0.5,0.66,2023-02-09,715,N,VIIRS,n,2,300.07,2.48,D,0
21.37377,81.7339,339.84,0.48,0.4,2023-06-04,801,N,VIIRS,n,2,307.28,11.39,D,0
31.47113,75.33295,340.56,0.38,0.36,2023-05-19,804,N,VIIRS,l,2,311.51,6.03,D,0
29.8854,74.9799,346.21,0.36,0.57,2023-05-06,848,N,VIIRS,n,2,302.08,5.52,D,0
24.79116,87.81305,349.37,0.44,0.38,2023-04-08,731,N,VIIRS,n,2,309.58,4.43,D,0
17.61218,83.20407,309.65,0.35,0.57,2023-11-09,1927,N,VIIRS,n,2,291.1,0.58,N,2
22.14652,85.21166,306.85,0.43,0.38,2023-04-18,2011,N,VIIRS,n,2,294.83,1.65,N,0
25.77585,76.35247,349.91,0.4,0.6,2023-05-06,846,N,VIIRS,n,2,305.52,8.18,D,0
24.71317,76.88736,353.8,0.35,0.57,2023-05-21,724,N,VIIRS,n,2,313.18,7.77,D,0
14.99929,78.07263,345.07,0.41,0.37,2023-02-22,812,N,VIIRS,l,2,317.25,6.97,D,0
25.9999,93.30476,340.75,0.39,0.36,2023-04-10,653,N,VIIRS,n,2,309.09,9.36,D,0
22.85501,92.50206,317.89,0.4,0.37,2023-03-14,1926,N,VIIRS,n,2,288.41,1.11,N,0
22.39895,69.01753,306.35,0.39,0.6,2023-09-03,2023,N,VIIRS,n,2,292.97,1.4,N,0
29.24113,79.97686,331.89,0.46,0.63,2023-06-13,834,N,VIIRS,n,2,294.61,7.75,D,0
14.04555,76.4185,342.84,0.37,0.58,2023-02-04,849,N,VIIRS,n,2,301.73,4.2,D,0
25.27257,77.7856,347.03,0.49,0.4,2023-04-27,815,N,VIIRS,n,2,316.17,21.63,D,0
25.71679,90.53309,329.63,0.49,0.65,2023-03-27,756,N,VIIRS,n,2,297.09,2.87,D,0
23.54404,80.19567,344.57,0.42,0.45,2023-04-11,815,N,VIIRS,n,2,314.71,4.17,D,0
21.1527,75.29839,330.66,0.51,0.41,2023-09-03,754,N,VIIRS,n,2,297.64,1.26,D,0
32.46867,75.08043,332.96,0.55,0.68,2023-02-15,708,N,VIIRS,n,2,293.58,9.26,D,0
17.90091,78.46271,341.69,0.44,0.38,2023-05-29,813,N,VIIRS,n,2,304.42,4.07,D,0
23.84288,92.02646,338.47,0.43,0.38,2023-04-10,653,N,VIIRS,n,2,301.68,5.29,D,0
21.14969,72.74013,304.4,0.69,0.75,2023-04-13,2146,N,VIIRS,n,2,291.29,1.1,N,2
17.53198,74.82958,343.71,0.42,0.38,2023-04-05,826,N,VIIRS,l,2,315.95,13.34,D,0
27.66463,78.27264,306.93,0.39,0.36,2023-09-29,2034,N,VIIRS,n,2,293.74,0.55,N,0
31.12315,74.83501,350.72,0.43,0.38,2023-11-05,815,N,VIIRS,n,2,301.28,13.87,D,0
22.76486,84.49217,307.01,0.54,0.51,2023-03-03,1933,N,VIIRS,n,2,293.36,1.54,N,0
23.60837,92.47164,335.22,0.49,0.49,2023-03-07,730,N,VIIRS,n,2,301.18,14.3,D,0
21.18093,81.37947,310.52,0.39,0.36,2023-02-13,2011,N,VIIRS,n,2,289.53,1.69,N,2
25.2457,76.99986,304.33,0.54,0.51,2023-04-13,2004,N,VIIRS,n,2,291.16,1.19,N,0
25.11029,87.71272,333.91,0.57,0.52,2023-04-05,647,N,VIIRS,n,2,305.81,2.35,D,0
18.1498,80.45753,344.72,0.57,0.69,2023-03-03,703,N,VIIRS,n,2,299.39,5.97,D,0
15.71324,79.12936,330.7,0.36,0.57,2023-02-26,837,N,VIIRS,n,2,304.29,5.3,D,0
15.61649,76.94108,332.14,0.33,0.56,2023-01-14,843,N,VIIRS,n,2,306.94,2.22,D,0
18.87172,78.18819,339.27,0.38,0.43,2023-04-18,742,N,VIIRS,l,2,311.9,6.94,D,0
25.79639,93.95029,339.06,0.42,0.45,2023-04-14,718,N,VIIRS,n,2,298.18,6.06,D,0
31.12455,74.71326,328.44,0.44,0.46,2023-11-23,738,N,VIIRS,n,2,294.75,1.38,D,0
25.65115,93.74718,342.16,0.43,0.38,2023-03-03,705,N,VIIRS,n,2,302.27,4.81,D,0
19.5373,80.13052,341.27,0.35,0.57,2023-04-14,717,N,VIIRS,n,2,293.37,4.54,D,0
20.78626,85.25804,319.84,0.46,0.47,2023-06-07,1933,N,VIIRS,n,2,294.8,3.51,N,2
26.09209,83.70112,345.76,0.38,0.59,2023-05-12,653,N,VIIRS,n,2,312.21,2.47,D,0
20.97436,86.00602,328.23,0.39,0.36,2023-05-10,1959,N,VIIRS,n,2,295.34,3.63,N,2
20.64109,81.78126,336.61,0.43,0.38,2023-03-28,736,N,VIIRS,l,2,310.86,3.78,D,0
24.79416,93.26826,367.0,0.71,0.75,2023-03-11,755,N,VIIRS,h,2,292.64,26.45,D,0
31.75909,74.96114,340.21,0.4,0.44,2023-09-28,828,N,VIIRS,n,2,303.09,3.73,D,0
17.36311,74.68671,300.84,0.39,0.59,2023-03-07,2000,N,VIIRS,n,2,288.13,0.62,N,0
31.87535,75.20248,339.62,0.44,0.38,2023-05-13,817,N,VIIRS,l,2,313.32,5.49,D,0
20.88796,84.97705,307.14,0.6,0.71,2023-02-11,1908,N,VIIRS,n,2,290.82,1.91,N,0
21.61472,84.7613,311.59,0.39,0.36,2023-03-12,2005,N,VIIRS,n,2,294.76,1.76,N,0
24.20337,93.986,331.78,0.6,0.53,2023-04-17,621,N,VIIRS,n,2,299.49,7.79,D,0
22.67108,77.59043,347.35,0.45,0.39,2023-11-01,748,N,VIIRS,n,2,311.1,7.08,D,0
21.83138,82.32831,349.76,0.53,0.42,2023-01-11,801,N,VIIRS,n,2,310.07,9.97,D,0
30.17707,74.89648,335.86,0.42,0.38,2023-11-05,815,N,VIIRS,n,2,304.02,10.12,D,0
22.69027,81.70987,346.94,0.39,0.36,2023-04-18,743,N,VIIRS,n,2,307.7,5.66,D,0
15.3438,74.57203,305.73,0.37,0.58,2023-03-03,2115,N,VIIRS,n,2,293.42,1.16,N,0
14.88091,75.77665,311.04,0.41,0.37,2023-01-06,2025,N,VIIRS,n,2,290.77,1.0,N,0
22.68557,87.06059,337.07,0.4,0.37,2023-02-25,717,N,VIIRS,n,2,306.89,2.05,D,0
14.97284,75.63624,352.46,0.51,0.41,2023-04-10,831,N,VIIRS,n,2,312.0,21.07,D,0
24.78844,85.61185,344.89,0.42,0.37,2023-04-13,737,N,VIIRS,l,2,315.62,4.33,D,0
19.0437,83.43554,334.18,0.53,0.42,2023-11-29,721,N,VIIRS,n,2,297.06,4.79,D,0
20.55044,85.93732,332.14,0.4,0.37,2023-01-07,735,N,VIIRS,n,2,304.69,1.6,D,0
22.85627,86.05752,299.75,0.56,0.68,2023-02-11,2048,N,VIIRS,n,2,288.67,1.08,N,2
19.79141,77.2503,341.02,0.48,0.4,2023-03-31,820,N,VIIRS,l,2,315.03,11.72,D,0
21.80107,72.7204,344.64,0.41,0.37,2023-11-05,813,N,VIIRS,n,2,310.93,7.77,D,0
28.11069,79.05302,340.56,0.41,0.37,2023-02-13,744,N,VIIRS,n,2,295.36,4.52,D,0
13.52274,75.50981,343.29,0.49,0.49,2023-03-03,843,N,VIIRS,n,2,309.88,6.03,D,0
26.07308,94.28934,332.5,0.51,0.66,2023-01-28,602,N,VIIRS,n,2,288.38,17.03,D,0
29.45541,79.17413,313.88,0.43,0.38,2023-06-14,2040,N,VIIRS,n,2,293.65,2.2,N,0
30.37742,75.16773,332.3,0.4,0.44,2023-11-15,828,N,VIIRS,n,2,301.35,6.88,D,0
25.45834,76.61773,332.39,0.41,0.37,2023-11-06,755,N,VIIRS,n,2,298.01,1.51,D,0
29.13574,79.89068,340.38,0.42,0.38,2023-04-12,757,N,VIIRS,n,2,301.38,2.81,D,0
22.66574,87.08677,344.46,0.35,0.57,2023-02-12,801,N,VIIRS,n,2,301.77,5.89,D,0
14.1661,78.94241,341.74,0.33,0.55,2023-03-07,728,N,VIIRS,n,2,296.58,12.47,D,0
17.76345,79.16046,342.95,0.61,0.53,2023-02-21,831,N,VIIRS,n,2,313.24,10.17,D,0
13.46813,76.3931,300.45,0.43,0.38,2023-02-02,2019,N,VIIRS,n,2,285.73,0.52,N,0
25.40645,94.13935,330.25,0.53,0.5,2023-01-29,724,N,VIIRS,l,2,301.79,7.58,D,0
30.40835,74.45741,350.37,0.43,0.62,2023-11-19,853,N,VIIRS,n,2,296.62,6.97,D,0
18.29719,82.63309,339.15,0.49,0.41,2023-05-19,800,N,VIIRS,n,2,308.49,50.55,D,0
31.61202,77.5542,335.65,0.67,0.74,2023-12-21,853,N,VIIRS,n,2,294.17,10.83,D,0
15.12016,79.20962,331.07,0.45,0.47,2023-04-21,825,N,VIIRS,n,2,299.72,2.28,D,0
23.24156,79.79897,330.28,0.5,0.49,2023-05-05,724,N,VIIRS,l,2,301.67,2.26,D,0
23.73258,80.52409,349.56,0.45,0.39,2023-03-28,737,N,VIIRS,n,2,313.57,8.91,D,0
23.32481,75.73045,348.65,0.53,0.42,2023-04-21,827,N,VIIRS,n,2,315.6,19.61,D,0
23.96909,76.76949,345.27,0.32,0.55,2023-04-15,840,N,VIIRS,n,2,312.74,6.06,D,0
19.26319,78.63158,336.89,0.4,0.37,2023-03-27,755,N,VIIRS,l,2,311.24,2.58,D,0
16.12779,78.71326,339.66,0.56,0.68,2023-03-08,850,N,VIIRS,n,2,299.76,5.61,D,0
23.41177,78.02102,313.99,0.45,0.39,2023-04-23,2017,N,VIIRS,n,2,290.12,1.49,N,0
17.65718,77.87252,347.93,0.49,0.4,2023-02-11,819,N,VIIRS,n,2,319.76,9.17,D,0
23.24298,78.17079,305.98,0.44,0.39,2023-04-23,2017,N,VIIRS,n,2,292.74,0.86,N,0
31.4982,74.65318,345.09,0.39,0.36,2023-10-26,803,N,VIIRS,n,2,304.71,5.87,D,0
18.51626,78.01828,332.81,0.43,0.38,2023-11-21,812,N,VIIRS,l,2,304.21,3.07,D,0
27.91168,79.83492,343.68,0.5,0.49,2023-05-16,719,N,VIIRS,n,2,304.62,6.8,D,0
23.77998,86.20673,330.65,0.4,0.37,2023-12-09,2003,N,VIIRS,n,2,294.73,4.37,N,2
27.04711,83.56818,301.99,0.32,0.55,2023-04-16,2048,N,VIIRS,n,2,291.93,0.43,N,0
15.73679,76.98537,345.92,0.5,0.41,2023-03-20,825,N,VIIRS,n,2,318.44,13.47,D,0
26.3279,93.20287,340.52,0.39,0.44,2023-04-11,634,N,VIIRS,n,2,303.8,5.13,D,0
26.80629,94.95447,367.0,0.39,0.36,2023-01-31,646,N,VIIRS,h,2,305.06,19.78,D,0
20.17179,83.7262,331.65,0.32,0.55,2023-04-20,705,N,VIIRS,n,2,299.78,5.3,D,0
15.43344,74.89878,304.85,0.44,0.46,2023-01-28,2013,N,VIIRS,n,2,285.26,1.02,N,0
13.34574,79.58603,334.17,0.49,0.48,2023-04-29,734,N,VIIRS,n,2,285.18,2.79,D,0
28.65468,80.02489,333.43,0.42,0.38,2023-10-21,755,N,VIIRS,l,2,305.23,3.46,D,0
18.07414,74.14043,337.25,0.38,0.36,2023-01-10,819,N,VIIRS,n,2,309.39,3.71,D,0
30.54252,74.40342,331.27,0.66,0.73,2023-11-13,906,N,VIIRS,n,2,295.05,3.25,D,0
22.83555,71.5703,339.49,0.44,0.38,2023-03-26,815,N,VIIRS,l,2,312.48,2.45,D,0
24.15042,92.58949,347.0,0.47,0.48,2023-04-11,634,N,VIIRS,n,2,306.93,49.97,D,0
26.02575,93.96594,331.47,0.33,0.55,2023-03-07,730,N,VIIRS,n,2,300.19,0.84,D,0
30.35357,75.22129,341.67,0.4,0.44,2023-05-07,829,N,VIIRS,l,2,313.85,20.56,D,0
30.49783,75.05617,342.84,0.39,0.36,2023-05-08,810,N,VIIRS,l,2,313.84,3.79,D,0
20.79603,85.25475,348.6,0.42,0.38,2023-05-04,742,N,VIIRS,n,2,305.01,11.74,D,2
21.33668,81.30706,331.0,0.54,0.51,2023-01-08,716,N,VIIRS,n,2,300.35,2.3,D,0
20.86966,84.99548,342.72,0.39,0.36,2023-01-07,735,N,VIIRS,n,2,308.34,4.58,D,2
21.68316,84.04247,302.79,0.54,0.42,2023-02-25,1945,N,VIIRS,n,2,291.0,0.51,N,2
28.45503,80.44596,344.47,0.46,0.39,2023-12-20,730,N,VIIRS,n,2,278.88,7.69,D,0
18.46013,78.32607,337.88,0.53,0.42,2023-03-31,820,N,VIIRS,l,2,308.67,3.09,D,0
20.10453,83.58216,336.17,0.39,0.36,2023-05-15,735,N,VIIRS,l,2,307.84,3.07,D,0
23.31962,80.11437,304.31,0.47,0.48,2023-04-16,2049,N,VIIRS,n,2,293.37,1.1,N,0
21.64759,84.81583,338.64,0.41,0.37,2023-03-01,742,N,VIIRS,n,2,305.19,3.18,D,0
23.279,80.15278,354.09,0.51,0.41,2023-04-06,808,N,VIIRS,n,2,314.71,9.36,D,0
27.76554,96.33498,325.0,0.39,0.36,2023-01-31,646,N,VIIRS,n,2,299.76,1.79,D,0
30.01974,74.54536,339.16,0.49,0.4,2023-11-17,750,N,VIIRS,n,2,293.33,5.46,D,0
22.71787,72.56583,344.17,0.52,0.42,2023-04-15,840,N,VIIRS,l,2,318.73,13.66,D,0
20.95372,85.01617,300.17,0.44,0.38,2023-12-30,2010,N,VIIRS,n,2,288.81,0.36,N,2
30.7384,74.35342,340.93,0.59,0.53,2023-05-10,733,N,VIIRS,n,2,313.47,2.91,D,0
31.25399,74.98234,338.68,0.38,0.36,2023-10-26,803,N,VIIRS,n,2,302.17,2.95,D,0
29.96954,75.98042,332.43,0.61,0.54,2023-05-05,726,N,VIIRS,l,2,304.23,2.76,D,0
18.47395,80.40638,352.0,0.35,0.57,2023-06-01,716,N,VIIRS,n,2,307.15,7.31,D,0
21.10301,83.66388,351.45,0.39,0.59,2023-06-02,658,N,VIIRS,n,2,307.29,5.12,D,0
31.51326,75.18735,335.14,0.44,0.38,2023-11-05,815,N,VIIRS,n,2,303.86,7.06,D,0
30.0429,74.41045,338.64,0.54,0.42,2023-11-15,828,N,VIIRS,n,2,301.01,5.07,D,0
22.21078,84.86391,339.99,0.39,0.36,2023-10-17,728,N,VIIRS,n,2,304.79,4.53,D,2
22.10777,83.56011,307.48,0.39,0.44,2023-02-09,1945,N,VIIRS,n,2,286.67,1.18,N,0
23.77782,82.01502,311.53,0.42,0.38,2023-04-12,2024,N,VIIRS,n,2,295.46,2.28,N,0
21.32591,84.74827,308.67,0.4,0.44,2023-03-11,2024,N,VIIRS,n,2,291.44,1.17,N,0
24.99825,84.20296,326.56,0.42,0.38,2023-12-31,723,N,VIIRS,n,2,294.52,2.26,D,0
27.68223,96.22976,331.01,0.47,0.47,2023-10-21,614,N,VIIRS,n,2,298.42,3.04,D,0
30.90538,75.37894,337.12,0.39,0.59,2023-05-22,848,N,VIIRS,n,2,304.99,4.97,D,0
24.29271,93.3339,337.48,0.36,0.57,2023-03-12,736,N,VIIRS,n,2,299.72,2.77,D,0
21.76756,82.80199,347.18,0.44,0.46,2023-06-01,717,N,VIIRS,n,2,316.38,13.03,D,0
24.01243,82.37981,307.41,0.43,0.38,2023-04-12,2023,N,VIIRS,n,2,294.73,1.15,N,0
10.82995,78.3883,313.92,0.46,0.47,2023-04-03,1956,N,VIIRS,n,2,292.4,1.17,N,0
21.79413,86.80876,336.31,0.6,0.53,2023-03-09,652,N,VIIRS,n,2,294.49,3.71,D,0
26.03734,94.31023,333.36,0.52,0.42,2023-01-21,633,N,VIIRS,n,2,299.75,12.95,D,0
22.48571,87.26038,296.38,0.4,0.37,2023-02-03,1958,N,VIIRS,n,2,283.91,0.14,N,0
30.38375,75.06437,345.13,0.48,0.48,2023-05-12,835,N,VIIRS,l,2,316.51,16.67,D,0
25.05547,86.43521,343.79,0.4,0.37,2023-04-08,731,N,VIIRS,n,2,309.18,4.09,D,0
25.1254,76.10095,302.95,0.76,0.77,2023-04-25,1939,N,VIIRS,n,2,288.17,1.5,N,0
21.90521,86.41353,334.28,0.43,0.38,2023-04-14,717,N,VIIRS,l,2,303.6,4.39,D,0
17.82982,81.78485,311.51,0.4,0.37,2023-02-24,2006,N,VIIRS,n,2,291.9,1.38,N,0
23.66537,86.92081,309.85,0.39,0.36,2023-09-26,1950,N,VIIRS,n,2,292.41,0.91,N,2
22.41054,93.13155,308.18,0.48,0.48,2023-03-10,1901,N,VIIRS,n,2,280.13,1.07,N,0
13.18832,76.09769,337.5,0.32,0.55,2023-02-13,740,N,VIIRS,n,2,304.1,2.36,D,0
22.13193,78.91973,367.0,0.53,0.5,2023-02-16,826,N,VIIRS,h,2,310.98,19.26,D,0
22.31239,92.58284,346.13,0.39,0.36,2023-03-14,658,N,VIIRS,n,2,310.87,31.98,D,0
17.43104,82.33226,341.36,0.48,0.48,2023-04-11,813,N,VIIRS,n,2,302.28,6.53,D,0
31.10966,78.19521,296.46,0.5,0.41,2023-12-17,2051,N,VIIRS,n,2,274.44,1.08,N,0
24.05089,92.10973,334.86,0.39,0.36,2023-04-15,659,N,VIIRS,l,2,293.96,3.69,D,0
19.29381,83.74506,315.55,0.38,0.36,2023-03-12,2005,N,VIIRS,n,2,294.22,1.04,N,0
20.93097,81.90372,339.61,0.39,0.44,2023-05-24,807,N,VIIRS,n,2,307.6,3.77,D,0
24.82473,81.89001,345.35,0.44,0.46,2023-04-06,809,N,VIIRS,l,2,316.14,9.53,D,0
20.86704,84.98985,306.02,0.47,0.48,2023-10-13,1932,N,VIIRS,n,2,294.15,1.59,N,2
18.68278,73.03983,306.88,0.4,0.44,2023-01-22,2024,N,VIIRS,n,2,290.5,2.16,N,2
26.47796,95.00576,327.35,0.4,0.44,2023-01-03,711,N,VIIRS,n,2,289.37,2.43,D,0
24.59565,76.89568,334.44,0.44,0.62,2023-10-23,717,N,VIIRS,n,2,302.34,2.25,D,0
20.04494,75.27528,306.81,0.38,0.59,2023-04-08,2000,N,VIIRS,n,2,287.32,0.45,N,0
21.18768,73.67788,339.72,0.47,0.4,2023-06-13,832,N,VIIRS,n,2,301.85,5.08,D,0
19.32331,83.11102,341.06,0.46,0.47,2023-03-13,716,N,VIIRS,n,2,310.3,3.37,D,0
26.01029,83.77805,330.87,0.38,0.59,2023-04-26,654,N,VIIRS,l,2,304.03,5.39,D,0
30.21058,75.29723,337.68,0.74,0.76,2023-11-13,905,N,VIIRS,n,2,293.88,7.95,D,0
26.34478,93.25706,341.58,0.39,0.44,2023-04-14,718,N,VIIRS,n,2,301.13,6.26,D,0
21.6659,87.01054,331.04,0.39,0.37,2023-02-03,729,N,VIIRS,l,2,305.03,1.18,D,0
23.04857,69.66052,335.19,0.56,0.69,2023-04-02,924,N,VIIRS,n,2,304.45,3.41,D,0
14.22241,77.60806,343.96,0.63,0.54,2023-02-08,734,N,VIIRS,n,2,300.83,8.02,D,0
14.53534,77.96637,342.15,0.46,0.39,2023-03-31,818,N,VIIRS,n,2,309.21,7.39,D,0
28.40765,80.45367,329.6,0.39,0.36,2023-02-18,750,N,VIIRS,n,2,300.39,2.61,D,0
21.90023,87.33197,326.47,0.45,0.39,2023-12-21,709,N,VIIRS,n,2,287.41,1.55,D,0
17.16503,78.03505,334.3,0.53,0.67,2023-06-01,716,N,VIIRS,n,2,299.43,10.96,D,0
21.65343,84.07964,333.25,0.4,0.37,2023-01-12,742,N,VIIRS,l,2,306.13,3.3,D,0
14.06837,79.42747,348.98,0.38,0.36,2023-04-17,800,N,VIIRS,n,2,314.77,6.06,D,0
19.69547,83.70872,343.48,0.39,0.36,2023-04-13,736,N,VIIRS,l,2,309.65,3.99,D,0
24.41237,92.76552,341.27,0.53,0.5,2023-03-07,730,N,VIIRS,n,2,289.42,4.9,D,0
16.29524,73.48793,342.84,0.39,0.36,2023-03-04,825,N,VIIRS,l,2,314.11,4.9,D,0
23.76815,77.84304,301.45,0.4,0.37,2023-04-22,2036,N,VIIRS,n,2,289.24,0.64,N,0
31.20837,75.95902,339.82,0.47,0.4,2023-11-05,815,N,VIIRS,n,2,303.68,4.03,D,0
29.90673,74.94144,342.79,0.63,0.72,2023-06-06,1950,N,VIIRS,n,2,289.45,4.36,N,2
25.1717,83.45737,334.13,0.4,0.37,2023-12-04,729,N,VIIRS,n,2,299.49,2.98,D,0
23.77847,86.37277,305.98,0.39,0.36,2023-08-30,1957,N,VIIRS,n,2,283.91,0.96,N,2
18.18427,73.7793,347.38,0.56,0.52,2023-04-25,851,N,VIIRS,n,2,307.68,8.34,D,0
18.8436,77.40829,349.66,0.43,0.46,2023-02-13,741,N,VIIRS,n,2,316.72,8.46,D,0
23.38225,77.46358,310.25,0.39,0.36,2023-04-22,2036,N,VIIRS,n,2,291.89,0.79,N,0
23.77489,86.21039,307.96,0.67,0.74,2023-05-07,2054,N,VIIRS,n,2,290.57,4.63,N,2
24.55794,85.78062,341.72,0.48,0.48,2023-04-12,756,N,VIIRS,l,2,313.34,4.81,D,0
22.34673,77.43698,335.58,0.68,0.74,2023-03-29,858,N,VIIRS,n,2,303.76,3.31,D,0
13.56719,75.5741,309.44,0.46,0.39,2023-03-26,2045,N,VIIRS,n,2,286.57,1.5,N,0
25.92418,93.86874,335.53,0.41,0.37,2023-02-16,646,N,VIIRS,n,2,302.22,13.17,D,0
14.16899,79.01909,344.41,0.54,0.5,2023-04-10,831,N,VIIRS,n,2,309.86,9.36,D,0
21.30154,78.78442,342.95,0.49,0.4,2023-06-14,813,N,VIIRS,n,2,310.27,11.78,D,0
19.29049,83.24297,332.96,0.46,0.47,2023-04-22,807,N,VIIRS,n,2,301.55,3.08,D,0
29.91249,74.94518,330.78,0.52,0.42,2023-01-11,2027,N,VIIRS,n,2,282.38,16.62,N,2
14.68447,76.38592,335.75,0.48,0.65,2023-03-13,856,N,VIIRS,l,2,308.58,3.05,D,0
23.76,86.3941,302.44,0.42,0.61,2023-02-16,1913,N,VIIRS,n,2,290.91,1.06,N,2
17.6106,79.07146,336.92,0.41,0.37,2023-05-24,806,N,VIIRS,l,2,308.06,2.09,D,0
30.97347,74.99702,367.0,0.61,0.71,2023-05-06,708,N,VIIRS,h,2,297.76,9.19,D,0
20.41417,84.24917,334.68,0.56,0.43,2023-03-13,717,N,VIIRS,n,2,307.29,2.73,D,0
17.86044,80.29783,339.93,0.71,0.75,2023-02-21,1922,N,VIIRS,n,2,294.69,8.62,N,0
13.49074,75.51019,304.31,0.5,0.66,2023-02-25,1948,N,VIIRS,n,2,291.51,1.63,N,0
22.77383,75.33308,301.81,0.42,0.37,2023-04-16,2049,N,VIIRS,n,2,288.69,0.64,N,0
29.11297,78.37502,330.36,0.37,0.58,2023-02-05,834,N,VIIRS,n,2,296.75,2.22,D,0
24.96837,87.63763,338.72,0.39,0.36,2023-03-29,718,N,VIIRS,l,2,308.82,3.72,D,0
17.06221,79.76003,334.35,0.52,0.5,2023-12-01,824,N,VIIRS,n,2,299.77,4.59,D,0
18.484,80.07092,336.99,0.35,0.57,2023-05-28,832,N,VIIRS,n,2,305.33,3.57,D,0
29.73358,75.35442,341.65,0.4,0.44,2023-11-15,827,N,VIIRS,n,2,304.2,14.28,D,0
12.62803,79.5216,330.41,0.66,0.73,2023-06-12,708,N,VIIRS,n,2,287.19,5.81,D,0
24.10285,85.67487,344.77,0.47,0.4,2023-04-18,743,N,VIIRS,l,2,314.97,9.23,D,0
18.90549,75.59208,315.52,0.59,0.7,2023-06-01,2127,N,VIIRS,n,2,291.01,2.1,N,0
25.1725,86.36317,333.52,0.4,0.37,2023-03-13,718,N,VIIRS,n,2,307.46,1.36,D,0
22.79672,86.08947,300.39,0.45,0.63,2023-01-21,2041,N,VIIRS,n,2,287.06,0.78,N,2
21.08106,82.83118,341.61,0.45,0.47,2023-02-17,807,N,VIIRS,n,2,305.27,3.91,D,0
22.75026,85.88061,342.18,0.42,0.45,2023-05-22,705,N,VIIRS,n,2,310.44,3.51,D,0
19.65129,84.02888,344.13,0.4,0.44,2023-03-13,716,N,VIIRS,n,2,308.81,7.24,D,0
23.78047,86.20673,346.31,0.42,0.37,2023-11-24,716,N,VIIRS,n,2,309.24,8.5,D,2
25.20733,84.0136,299.1,0.39,0.44,2023-04-14,1945,N,VIIRS,n,2,271.27,0.44,N,0
16.05495,79.04558,350.37,0.41,0.37,2023-04-12,754,N,VIIRS,l,2,312.85,4.05,D,0
23.9849,92.90802,349.73,0.55,0.43,2023-03-15,640,N,VIIRS,n,2,293.04,212.22,D,0
21.47392,83.26537,337.02,0.4,0.6,2023-01-09,658,N,VIIRS,n,2,299.95,1.59,D,0
21.65144,83.15784,367.0,0.51,0.66,2023-02-21,652,N,VIIRS,h,2,311.83,15.19,D,0
28.1216,77.59805,332.51,0.54,0.42,2023-10-06,737,N,VIIRS,n,2,307.19,3.67,D,0
16.87078,80.02213,307.59,0.39,0.36,2023-03-22,2019,N,VIIRS,n,2,295.37,1.98,N,2
20.96766,85.16782,302.41,0.47,0.64,2023-12-17,1913,N,VIIRS,n,2,288.0,1.34,N,2
30.73589,75.20112,341.24,0.32,0.55,2023-11-13,725,N,VIIRS,n,2,297.61,3.75,D,0
18.69022,73.03918,323.02,0.4,0.44,2023-05-30,2025,N,VIIRS,n,2,297.22,5.17,N,2
23.59229,84.17525,337.25,0.51,0.41,2023-04-14,718,N,VIIRS,l,2,308.32,5.16,D,0
19.87917,84.31666,336.54,0.57,0.43,2023-03-13,716,N,VIIRS,l,2,307.49,4.92,D,0
18.72606,79.53658,305.17,0.49,0.49,2023-01-29,1953,N,VIIRS,n,2,292.55,1.81,N,2
12.42211,77.87714,367.0,0.44,0.62,2023-03-08,849,N,VIIRS,h,2,300.28,7.89,D,0
19.53822,82.61312,367.0,0.42,0.61,2023-02-16,825,N,VIIRS,h,2,307.33,9.03,D,0
25.81159,84.73163,345.91,0.44,0.46,2023-06-07,705,N,VIIRS,n,2,313.5,7.01,D,0
31.93209,75.2803,337.02,0.46,0.63,2023-05-11,714,N,VIIRS,n,2,306.65,1.48,D,0
20.78702,83.82324,333.45,0.48,0.4,2023-12-15,722,N,VIIRS,n,2,302.77,5.57,D,0
20.30462,81.35208,306.97,0.43,0.38,2023-01-22,2024,N,VIIRS,n,2,287.89,0.8,N,0
12.3881,76.09026,333.35,0.33,0.56,2023-03-08,849,N,VIIRS,l,2,305.1,1.43,D,0
25.62207,73.69616,343.35,0.43,0.46,2023-02-18,750,N,VIIRS,n,2,315.17,3.84,D,0
25.10791,92.95772,354.35,0.43,0.46,2023-04-11,634,N,VIIRS,n,2,312.81,23.5,D,0
23.64774,77.95448,353.77,0.39,0.44,2023-04-16,821,N,VIIRS,n,2,321.58,15.07,D,0
23.8327,84.95426,301.07,0.36,0.58,2023-04-11,2042,N,VIIRS,n,2,290.75,0.67,N,0
23.71573,86.44299,304.98,0.52,0.67,2023-12-12,1906,N,VIIRS,n,2,287.18,1.75,N,2
16.47097,75.40226,330.91,0.5,0.66,2023-01-18,728,N,VIIRS,n,2,302.66,1.62,D,0
23.51204,77.18822,302.39,0.4,0.6,2023-04-19,1952,N,VIIRS,n,2,289.0,0.57,N,0
22.79654,86.20867,303.31,0.57,0.69,2023-01-10,2048,N,VIIRS,n,2,286.49,1.12,N,2
24.69265,93.99686,332.12,0.47,0.4,2023-01-26,639,N,VIIRS,n,2,297.34,4.25,D,0
21.76387,84.02114,307.65,0.45,0.47,2023-05-11,1940,N,VIIRS,n,2,280.45,3.65,N,2
21.26334,77.2447,333.73,0.49,0.4,2023-02-02,748,N,VIIRS,l,2,308.17,9.86,D,0
25.98185,92.03545,342.95,0.47,0.48,2023-03-10,634,N,VIIRS,n,2,301.44,12.33,D,0
24.74522,87.55954,295.02,0.51,0.49,2023-02-23,2022,N,VIIRS,n,2,284.96,1.03,N,0
27.94775,79.7377,332.32,0.72,0.76,2023-02-16,648,N,VIIRS,n,2,293.35,6.14,D,0
15.36865,75.01375,342.36,0.41,0.37,2023-02-16,824,N,VIIRS,l,2,314.35,4.73,D,0
25.48639,93.96745,343.33,0.39,0.36,2023-03-14,659,N,VIIRS,n,2,310.39,12.1,D,0
31.2743,75.29126,347.76,0.4,0.37,2023-05-08,810,N,VIIRS,n,2,312.22,3.46,D,0
30.81363,77.85328,334.7,0.34,0.56,2023-02-04,713,N,VIIRS,n,2,298.64,2.92,D,0
19.1643,77.54114,356.99,0.41,0.61,2023-01-29,723,N,VIIRS,n,2,302.37,11.71,D,0
20.08522,76.09016,334.7,0.48,0.65,2023-11-13,722,N,VIIRS,n,2,303.36,4.05,D,0
15.08354,77.71976,340.86,0.45,0.39,2023-02-27,818,N,VIIRS,l,2,314.43,4.86,D,0
30.49091,74.32017,343.17,0.4,0.37,2023-05-13,816,N,VIIRS,l,2,316.96,3.62,D,0
26.12258,83.5649,341.7,0.57,0.69,2023-04-21,828,N,VIIRS,n,2,298.68,8.08,D,0
30.59694,75.48637,351.73,0.4,0.37,2023-05-08,810,N,VIIRS,n,2,318.12,11.56,D,0
21.09686,76.29627,346.71,0.4,0.37,2023-04-11,814,N,VIIRS,n,2,314.41,13.59,D,0
13.38586,76.32267,347.0,0.48,0.4,2023-02-28,759,N,VIIRS,n,2,309.55,9.64,D,0
27.3348,81.91906,332.33,0.42,0.38,2023-11-18,730,N,VIIRS,n,2,299.95,2.75,D,0
29.59132,79.79324,332.42,0.35,0.57,2023-03-03,707,N,VIIRS,n,2,295.49,3.17,D,0
22.20139,87.25986,339.79,0.35,0.57,2023-02-12,801,N,VIIRS,n,2,302.24,5.15,D,0
22.7913,86.20853,299.59,0.42,0.45,2023-03-19,1933,N,VIIRS,n,2,288.04,1.05,N,2
21.42505,86.23463,334.72,0.37,0.58,2023-03-05,807,N,VIIRS,n,2,304.11,3.35,D,0
18.73677,79.53181,336.57,0.5,0.41,2023-05-29,813,N,VIIRS,n,2,304.62,4.17,D,2
20.96768,85.0138,300.98,0.38,0.58,2023-01-20,1920,N,VIIRS,n,2,290.04,0.55,N,0
29.50634,74.8498,339.45,0.68,0.74,2023-05-05,907,N,VIIRS,n,2,298.14,3.86,D,0
24.89761,77.15594,336.59,0.4,0.37,2023-10-15,807,N,VIIRS,l,2,306.7,4.08,D,0
30.35395,74.02841,344.43,0.51,0.41,2023-11-01,750,N,VIIRS,n,2,302.18,16.05,D,0
31.21573,74.53142,349.71,0.41,0.37,2023-05-13,816,N,VIIRS,n,2,311.73,8.9,D,0
30.35703,75.16127,344.02,0.46,0.39,2023-05-09,751,N,VIIRS,l,2,318.43,8.53,D,0
14.53819,75.1389,337.65,0.41,0.37,2023-04-21,825,N,VIIRS,n,2,307.11,2.74,D,0
17.57375,82.09988,333.62,0.46,0.39,2023-02-28,800,N,VIIRS,n,2,303.08,2.18,D,0
25.55176,76.61,335.91,0.41,0.61,2023-10-29,845,N,VIIRS,n,2,302.07,3.91,D,0
30.60945,75.04402,338.15,0.39,0.36,2023-10-26,802,N,VIIRS,n,2,302.06,2.99,D,0
25.23047,76.37057,347.43,0.4,0.44,2023-05-07,827,N,VIIRS,n,2,311.6,7.41,D,0
23.29422,79.73219,348.8,0.49,0.4,2023-11-23,735,N,VIIRS,n,2,299.68,5.33,D,0
19.63482,77.30811,342.84,0.51,0.41,2023-03-22,748,N,VIIRS,n,2,302.83,9.22,D,0
24.20875,82.71207,301.62,0.53,0.5,2023-11-21,2040,N,VIIRS,n,2,290.03,0.89,N,0
21.25609,81.47913,341.38,0.42,0.45,2023-01-29,723,N,VIIRS,n,2,301.52,6.54,D,0
25.68102,76.56158,303.22,0.41,0.37,2023-04-17,2029,N,VIIRS,n,2,291.85,0.72,N,0
21.31866,85.5601,304.12,0.45,0.39,2023-03-01,2011,N,VIIRS,n,2,292.44,1.31,N,0
21.90209,82.88229,367.0,0.47,0.64,2023-02-16,826,N,VIIRS,h,2,303.18,18.69,D,0
24.76096,81.17752,341.96,0.4,0.45,2023-11-16,807,N,VIIRS,n,2,300.79,4.38,D,0
31.4546,75.18296,341.68,0.63,0.54,2023-10-24,840,N,VIIRS,n,2,298.14,8.44,D,0
22.91063,76.45215,335.02,0.42,0.45,2023-03-01,742,N,VIIRS,n,2,306.43,2.59,D,0
22.33763,82.64937,306.66,0.4,0.37,2023-01-17,2017,N,VIIRS,n,2,288.38,0.88,N,2
23.76091,86.39938,335.21,0.51,0.41,2023-11-12,741,N,VIIRS,n,2,303.45,8.52,D,2
17.0531,80.83391,330.37,0.41,0.37,2023-10-26,758,N,VIIRS,n,2,302.53,1.0,D,0
18.35843,82.21098,335.82,0.47,0.4,2023-04-17,801,N,VIIRS,l,2,306.86,4.07,D,0
28.01411,72.97793,339.65,0.4,0.37,2023-02-17,809,N,VIIRS,l,2,314.42,8.81,D,0
30.70846,75.45385,342.05,0.4,0.37,2023-05-08,810,N,VIIRS,l,2,314.02,3.7,D,0
21.36852,81.64381,303.2,0.39,0.36,2023-01-28,2011,N,VIIRS,n,2,291.97,0.69,N,2
25.60853,93.74385,346.95,0.39,0.36,2023-03-14,659,N,VIIRS,n,2,303.53,13.94,D,0
30.10472,76.63789,328.96,0.52,0.67,2023-09-27,706,N,VIIRS,n,2,296.99,4.26,D,0
23.78818,86.33298,320.49,0.4,0.37,2023-05-21,1951,N,VIIRS,n,2,300.41,5.32,N,2
22.04285,85.96635,330.62,0.42,0.61,2023-03-04,645,N,VIIRS,l,2,303.41,3.0,D,0
19.14623,75.03886,340.07,0.44,0.38,2023-06-24,825,N,VIIRS,n,2,302.08,8.37,D,0
21.46829,80.58543,306.59,0.4,0.37,2023-04-18,2012,N,VIIRS,n,2,293.11,1.28,N,0
30.46604,75.45147,334.12,0.42,0.45,2023-11-15,828,N,VIIRS,n,2,299.51,1.54,D,0
30.53089,75.72402,332.11,0.45,0.39,2023-11-05,815,N,VIIRS,n,2,301.33,5.67,D,0
22.32626,82.60315,329.13,0.53,0.42,2023-10-28,722,N,VIIRS,l,2,304.04,3.84,D,0
34.1218,74.97289,338.27,0.51,0.5,2023-12-26,2122,N,VIIRS,n,2,274.67,3.49,N,0
22.44359,87.42737,328.2,0.38,0.36,2023-12-15,722,N,VIIRS,l,2,298.36,1.41,D,0
23.95308,79.83017,353.49,0.39,0.36,2023-04-07,750,N,VIIRS,n,2,315.84,4.5,D,0
22.19669,82.57028,339.05,0.54,0.68,2023-02-21,652,N,VIIRS,n,2,304.59,4.86,D,0
10.92316,77.06084,303.51,0.48,0.4,2023-02-17,2039,N,VIIRS,n,2,292.2,0.7,N,0
17.76554,80.41161,337.87,0.57,0.52,2023-03-04,825,N,VIIRS,n,2,306.06,3.03,D,0
15.47962,78.65998,367.0,0.42,0.45,2023-02-16,824,N,VIIRS,h,2,309.71,8.94,D,0
30.21466,76.56063,334.23,0.39,0.36,2023-10-26,802,N,VIIRS,n,2,302.58,7.91,D,0
22.78806,86.1984,319.33,0.59,0.52,2023-12-29,2028,N,VIIRS,n,2,289.0,4.62,N,2
21.13174,85.67446,303.97,0.47,0.39,2023-04-18,2011,N,VIIRS,n,2,289.32,1.06,N,0
17.45031,81.6476,332.93,0.48,0.4,2023-05-31,735,N,VIIRS,n,2,301.22,2.52,D,0
30.9278,74.87492,340.43,0.42,0.38,2023-05-13,816,N,VIIRS,l,2,314.12,5.41,D,0
20.96466,85.17439,324.0,0.34,0.56,2023-05-08,2036,N,VIIRS,n,2,294.66,2.52,N,2
24.07871,92.37405,329.15,0.4,0.44,2023-02-14,723,N,VIIRS,n,2,299.61,3.48,D,0
21.74425,84.8542,344.5,0.5,0.41,2023-03-13,717,N,VIIRS,n,2,308.51,7.75,D,0
22.33734,92.99219,307.69,0.39,0.36,2023-04-15,1927,N,VIIRS,n,2,295.54,1.17,N,0
22.13988,82.08838,356.17,0.42,0.45,2023-03-05,807,N,VIIRS,n,2,315.13,22.42,D,0
26.40283,83.26979,344.23,0.56,0.51,2023-04-22,809,N,VIIRS,n,2,310.95,9.38,D,0
16.25323,80.66743,367.0,0.48,0.64,2023-05-27,709,N,VIIRS,h,2,301.21,13.54,D,0
19.96936,85.26173,304.3,0.4,0.37,2023-03-12,2005,N,VIIRS,n,2,292.78,0.9,N,0
14.11099,77.61295,337.8,0.4,0.44,2023-02-18,746,N,VIIRS,l,2,312.09,5.08,D,0
19.92977,79.37392,339.34,0.48,0.4,2023-04-02,742,N,VIIRS,n,2,310.81,5.75,D,0
29.88983,75.87205,337.9,0.45,0.39,2023-11-05,815,N,VIIRS,n,2,304.94,10.34,D,0
23.5869,78.78214,344.17,0.55,0.68,2023-05-06,705,N,VIIRS,n,2,302.07,6.26,D,0
19.27168,83.14355,350.52,0.4,0.37,2023-04-13,736,N,VIIRS,l,2,307.48,11.21,D,0
20.52415,86.52812,336.18,0.41,0.37,2023-02-08,735,N,VIIRS,n,2,303.0,2.05,D,0
23.69673,92.08548,345.98,0.43,0.38,2023-04-10,653,N,VIIRS,n,2,304.12,12.01,D,0
19.68375,80.63038,333.41,0.5,0.49,2023-04-16,820,N,VIIRS,l,2,306.46,4.46,D,0
22.04069,84.16456,342.99,0.56,0.52,2023-04-22,808,N,VIIRS,n,2,304.99,6.74,D,0
18.19963,79.1748,334.83,0.43,0.46,2023-06-16,735,N,VIIRS,l,2,305.9,3.58,D,0
21.10665,72.6465,332.67,0.6,0.7,2023-11-18,729,N,VIIRS,n,2,300.06,9.62,D,2
23.12646,78.11585,334.82,0.48,0.4,2023-03-10,814,N,VIIRS,l,2,308.2,2.86,D,0
22.97674,72.56413,307.42,0.42,0.37,2023-05-29,2042,N,VIIRS,n,2,295.11,0.67,N,0
20.85591,82.38432,334.77,0.48,0.48,2023-03-13,717,N,VIIRS,l,2,306.66,3.43,D,0
23.89471,92.43101,341.34,0.62,0.54,2023-04-13,737,N,VIIRS,n,2,301.56,8.14,D,0
30.76152,75.90298,340.59,0.45,0.63,2023-05-11,714,N,VIIRS,l,2,313.6,6.27,D,0
18.07302,78.17087,344.75,0.39,0.36,2023-11-16,805,N,VIIRS,n,2,305.57,11.41,D,0
21.32472,82.29325,333.58,0.4,0.37,2023-03-06,2017,N,VIIRS,n,2,294.32,4.53,N,0
24.45014,92.73438,333.27,0.41,0.37,2023-04-10,653,N,VIIRS,l,2,301.92,3.05,D,0
23.79465,87.07536,306.51,0.39,0.36,2023-03-23,1958,N,VIIRS,n,2,296.48,1.91,N,0
29.69069,79.23795,338.1,0.38,0.36,2023-03-06,751,N,VIIRS,n,2,306.59,3.02,D,0
24.85147,94.11968,344.46,0.47,0.4,2023-02-27,639,N,VIIRS,n,2,310.89,19.78,D,0
20.87148,83.11838,333.45,0.56,0.43,2023-03-16,801,N,VIIRS,n,2,299.37,7.5,D,0
25.41541,86.02863,304.08,0.41,0.37,2023-03-02,1951,N,VIIRS,n,2,294.02,1.81,N,0
27.62844,96.26659,331.62,0.48,0.4,2023-09-29,627,N,VIIRS,n,2,297.52,3.76,D,0
20.33981,83.38555,337.54,0.38,0.43,2023-04-17,801,N,VIIRS,l,2,310.92,5.29,D,0
17.06176,76.97933,305.36,0.54,0.51,2023-12-20,1958,N,VIIRS,n,2,285.66,2.18,N,2
25.73161,84.6747,334.13,0.66,0.73,2023-04-21,828,N,VIIRS,n,2,299.58,9.59,D,0
23.77749,82.46257,295.19,0.41,0.37,2023-04-13,2005,N,VIIRS,n,2,274.78,0.52,N,0
27.07862,73.81786,303.08,0.48,0.65,2023-10-01,2136,N,VIIRS,n,2,292.47,0.64,N,2
30.18797,75.36916,335.59,0.39,0.37,2023-10-31,809,N,VIIRS,n,2,298.97,3.03,D,0
21.2441,76.60129,338.53,0.46,0.39,2023-02-11,820,N,VIIRS,l,2,310.55,2.77,D,0
31.28164,75.12983,331.1,0.42,0.45,2023-11-07,738,N,VIIRS,n,2,296.66,2.55,D,0
21.59792,82.62444,334.38,0.44,0.62,2023-03-14,658,N,VIIRS,n,2,303.29,2.17,D,0
20.16535,82.73194,304.16,0.39,0.36,2023-03-01,2011,N,VIIRS,n,2,293.24,1.01,N,0
22.14013,83.65996,345.59,0.42,0.45,2023-04-17,802,N,VIIRS,n,2,311.58,5.13,D,0
21.60113,85.2416,335.01,0.5,0.41,2023-03-06,748,N,VIIRS,n,2,302.01,3.56,D,0
19.75129,79.84531,351.41,0.55,0.43,2023-03-28,736,N,VIIRS,n,2,314.59,13.1,D,0
22.79038,77.38048,303.96,0.51,0.49,2023-04-10,2102,N,VIIRS,n,2,289.58,0.76,N,0
30.85464,75.09409,333.93,0.71,0.75,2023-05-21,907,N,VIIRS,l,2,304.87,5.99,D,0
17.95796,80.8018,311.88,0.39,0.36,2023-01-01,2018,N,VIIRS,n,2,295.62,1.26,N,2
19.50592,75.4058,338.75,0.37,0.58,2023-12-21,849,N,VIIRS,n,2,300.43,4.29,D,0
21.58618,83.26875,336.04,0.39,0.36,2023-12-14,741,N,VIIRS,n,2,298.27,3.39,D,0
23.36393,79.80009,336.1,0.5,0.66,2023-11-25,838,N,VIIRS,n,2,299.84,4.16,D,0
16.06267,78.09783,331.51,0.43,0.46,2023-06-05,741,N,VIIRS,l,2,302.9,0.74,D,0
18.09142,73.75336,343.99,0.41,0.37,2023-04-11,813,N,VIIRS,l,2,318.27,13.41,D,0
20.28037,78.17773,309.06,0.42,0.38,2023-02-18,2018,N,VIIRS,n,2,291.76,1.61,N,0
25.32877,92.80096,338.67,0.38,0.36,2023-03-30,659,N,VIIRS,n,2,301.37,10.76,D,0
18.81792,80.1328,334.28,0.57,0.52,2023-04-19,723,N,VIIRS,l,2,307.03,3.47,D,0
21.62894,83.27752,328.4,0.4,0.6,2023-12-27,657,N,VIIRS,n,2,297.45,5.39,D,0
22.82365,76.78304,336.39,0.5,0.49,2023-03-25,833,N,VIIRS,l,2,309.51,3.84,D,0
20.98096,84.68936,337.12,0.52,0.42,2023-03-13,717,N,VIIRS,n,2,304.75,4.91,D,0
31.02981,77.44373,332.78,0.39,0.36,2023-12-03,750,N,VIIRS,n,2,295.74,9.97,D,0
32.00248,75.03452,343.02,0.47,0.64,2023-05-11,714,N,VIIRS,n,2,299.67,4.65,D,0
22.31978,87.07175,333.85,0.45,0.39,2023-03-12,736,N,VIIRS,l,2,306.4,2.67,D,0
23.70562,82.64952,331.08,0.41,0.45,2023-04-14,718,N,VIIRS,l,2,303.12,3.58,D,0
19.98933,73.33956,337.78,0.4,0.37,2023-04-05,826,N,VIIRS,l,2,312.63,2.99,D,0
15.57733,78.85053,333.84,0.55,0.51,2023-04-10,831,N,VIIRS,l,2,306.83,4.4,D,0
23.97721,93.83083,337.35,0.39,0.59,2023-02-23,614,N,VIIRS,n,2,294.27,4.53,D,0
9.52997,78.06099,367.0,0.32,0.55,2023-03-19,842,N,VIIRS,h,2,296.18,4.33,D,0
15.61523,78.92947,367.0,0.35,0.57,2023-02-26,837,N,VIIRS,h,2,309.0,6.65,D,0
21.36976,80.65122,312.78,0.45,0.39,2023-04-17,2030,N,VIIRS,n,2,297.54,2.1,N,0
25.72588,88.21545,344.24,0.56,0.51,2023-05-09,749,N,VIIRS,n,2,301.9,6.19,D,0
26.36094,93.31432,333.34,0.39,0.36,2023-04-10,653,N,VIIRS,l,2,303.97,3.43,D,0
17.87037,73.6078,330.97,0.48,0.4,2023-05-24,807,N,VIIRS,l,2,303.41,3.71,D,0
18.88223,80.0725,339.0,0.54,0.42,2023-04-11,813,N,VIIRS,n,2,308.85,2.93,D,0
23.95055,86.09979,304.33,0.53,0.42,2023-03-06,2016,N,VIIRS,n,2,293.67,1.63,N,0
17.11898,73.97189,310.28,0.39,0.36,2023-02-17,2037,N,VIIRS,n,2,292.22,3.3,N,0
31.72477,77.23744,301.21,0.38,0.59,2023-12-20,1954,N,VIIRS,n,2,279.08,1.13,N,0
25.79576,76.55151,338.97,0.44,0.38,2023-10-20,814,N,VIIRS,n,2,305.11,3.14,D,0
30.71527,75.39823,347.0,0.38,0.36,2023-05-19,804,N,VIIRS,n,2,309.03,7.75,D,0
31.61793,75.59908,345.65,0.43,0.46,2023-05-07,829,N,VIIRS,n,2,308.48,6.05,D,0
24.81987,73.09372,305.45,0.39,0.36,2023-12-28,2047,N,VIIRS,n,2,288.93,1.09,N,2
17.02486,75.82653,341.22,0.4,0.37,2023-02-01,806,N,VIIRS,n,2,302.42,3.82,D,0
20.9675,85.16999,304.82,0.74,0.76,2023-10-20,1901,N,VIIRS,n,2,288.83,4.31,N,2
14.81647,76.79668,343.27,0.54,0.51,2023-01-28,740,N,VIIRS,n,2,305.71,6.14,D,0
19.80079,78.86613,305.05,0.46,0.47,2023-03-31,2050,N,VIIRS,n,2,290.36,1.87,N,0
21.10299,72.63647,335.87,0.4,0.37,2023-06-08,2055,N,VIIRS,n,2,299.48,8.31,N,0
29.62343,78.72752,334.11,0.33,0.55,2023-04-25,714,N,VIIRS,n,2,296.16,4.12,D,0
23.5211,79.79048,355.74,0.39,0.36,2023-04-12,756,N,VIIRS,n,2,317.46,25.17,D,0
21.67622,87.69215,326.97,0.41,0.37,2023-12-20,728,N,VIIRS,n,2,299.98,1.94,D,0
14.65044,77.8873,341.83,0.45,0.39,2023-02-27,818,N,VIIRS,l,2,315.44,7.53,D,0
26.79224,78.44323,338.3,0.41,0.37,2023-12-29,801,N,VIIRS,n,2,289.75,4.23,D,0
12.81175,75.72036,367.0,0.39,0.36,2023-04-16,818,N,VIIRS,h,2,315.06,13.13,D,0
20.32327,83.58171,312.0,0.4,0.37,2023-04-18,2012,N,VIIRS,n,2,294.79,3.63,N,0
25.30741,94.22231,349.61,0.38,0.36,2023-01-20,652,N,VIIRS,n,2,297.04,15.82,D,0
23.73531,85.01226,300.34,0.4,0.6,2023-01-20,1920,N,VIIRS,n,2,288.29,2.31,N,2
19.77529,81.69362,338.21,0.35,0.57,2023-05-27,710,N,VIIRS,n,2,302.93,3.77,D,0
27.33065,83.99109,331.43,0.51,0.49,2023-02-12,802,N,VIIRS,n,2,298.23,3.54,D,0
21.37505,74.0141,306.8,0.57,0.43,2023-02-23,2024,N,VIIRS,n,2,290.56,1.2,N,0
20.04491,83.53658,343.49,0.39,0.44,2023-04-17,801,N,VIIRS,n,2,306.31,10.17,D,0
23.2713,77.58472,367.0,0.53,0.67,2023-04-25,712,N,VIIRS,h,2,310.58,20.24,D,0
23.68861,86.38602,300.17,0.47,0.4,2023-11-28,2009,N,VIIRS,n,2,289.52,1.22,N,2
20.54555,84.4902,312.98,0.42,0.38,2023-04-18,2012,N,VIIRS,n,2,299.83,3.09,N,0
21.89424,82.64626,332.94,0.54,0.42,2023-06-06,723,N,VIIRS,l,2,303.58,7.14,D,0
24.46416,93.99667,351.09,0.37,0.58,2023-03-11,615,N,VIIRS,n,2,296.68,16.52,D,0
21.68201,84.04237,309.49,0.46,0.39,2023-04-07,2018,N,VIIRS,n,2,295.17,1.92,N,2
23.89049,92.26514,356.14,0.42,0.38,2023-04-09,711,N,VIIRS,n,2,311.64,9.92,D,0
29.69164,80.13192,298.3,0.46,0.39,2023-04-11,2041,N,VIIRS,n,2,287.13,0.37,N,0
21.0181,81.58901,343.29,0.44,0.38,2023-05-31,736,N,VIIRS,l,2,310.17,5.37,D,0
14.45687,78.03268,305.91,0.54,0.51,2023-02-14,1954,N,VIIRS,n,2,294.23,2.49,N,0
22.06291,83.38452,331.76,0.42,0.38,2023-03-07,730,N,VIIRS,n,2,306.0,1.41,D,0
15.51827,78.74198,351.61,0.7,0.75,2023-02-25,856,N,VIIRS,n,2,303.51,10.18,D,0
29.86887,75.58255,344.9,0.45,0.39,2023-11-01,750,N,VIIRS,n,2,301.3,4.86,D,0
23.30551,85.66716,344.4,0.46,0.63,2023-02-22,814,N,VIIRS,n,2,309.82,4.7,D,0
24.15319,80.18633,331.59,0.55,0.68,2023-02-10,659,N,VIIRS,l,2,303.45,4.49,D,0
29.20997,77.53664,335.66,0.4,0.37,2023-12-13,802,N,VIIRS,n,2,296.07,4.12,D,0
11.83749,75.94415,332.35,0.49,0.4,2023-03-09,830,N,VIIRS,n,2,300.53,2.5,D,0
20.36794,80.41772,343.15,0.4,0.44,2023-04-11,814,N,VIIRS,n,2,306.77,6.9,D,0
23.31574,70.4884,307.18,0.41,0.37,2023-03-30,2108,N,VIIRS,n,2,292.77,0.88,N,2
18.62777,78.07605,345.09,0.54,0.51,2023-11-20,831,N,VIIRS,n,2,305.24,6.5,D,0
24.74604,86.86847,344.2,0.52,0.5,2023-04-10,653,N,VIIRS,n,2,311.52,3.5,D,0
15.39825,78.6981,338.12,0.43,0.38,2023-02-22,812,N,VIIRS,l,2,311.9,4.55,D,0
21.44118,84.85274,330.88,0.51,0.41,2023-02-25,717,N,VIIRS,l,2,305.48,2.8,D,0
24.86571,75.16142,339.02,0.42,0.45,2023-12-22,832,N,VIIRS,n,2,284.55,3.55,D,0
17.54976,82.13618,302.47,0.39,0.36,2023-03-01,2012,N,VIIRS,n,2,292.39,0.77,N,0
21.90265,82.93116,337.9,0.52,0.42,2023-05-21,723,N,VIIRS,l,2,311.06,2.11,D,0
14.72763,75.4511,335.59,0.39,0.36,2023-01-10,818,N,VIIRS,n,2,310.06,3.05,D,0
25.41599,84.15991,332.04,0.37,0.58,2023-04-26,653,N,VIIRS,l,2,305.73,5.91,D,0
19.73033,83.00275,312.72,0.39,0.44,2023-04-14,1947,N,VIIRS,n,2,296.84,3.21,N,0
18.44539,80.00424,344.08,0.44,0.39,2023-06-09,806,N,VIIRS,n,2,312.07,6.86,D,0
15.89945,74.39553,338.04,0.45,0.39,2023-02-05,831,N,VIIRS,l,2,310.38,4.34,D,0
20.50048,84.50152,304.23,0.49,0.41,2023-03-13,1946,N,VIIRS,n,2,289.16,0.93,N,0
31.88984,75.2501,347.85,0.41,0.45,2023-05-15,739,N,VIIRS,n,2,316.41,6.75,D,0
22.9217,70.10825,334.2,0.48,0.48,2023-01-24,858,N,VIIRS,n,2,298.42,5.97,D,0
22.79062,86.19997,311.25,0.47,0.4,2023-07-23,2010,N,VIIRS,n,2,292.22,1.61,N,2
15.17694,76.65393,317.36,0.49,0.4,2023-12-23,2043,N,VIIRS,n,2,294.96,2.64,N,2
22.36419,79.86859,346.14,0.49,0.48,2023-11-10,819,N,VIIRS,n,2,303.73,6.8,D,0
21.10742,72.63634,305.53,0.35,0.56,2023-02-09,2127,N,VIIRS,n,2,295.42,1.11,N,2
23.76075,86.41586,302.11,0.42,0.45,2023-12-16,1931,N,VIIRS,n,2,287.01,1.09,N,2
17.46338,80.65522,308.2,0.49,0.4,2023-08-14,1959,N,VIIRS,n,2,286.49,0.98,N,0
21.3114,83.19437,330.02,0.39,0.36,2023-01-12,742,N,VIIRS,l,2,304.5,1.95,D,0
23.77927,86.20522,317.94,0.4,0.37,2023-12-15,1950,N,VIIRS,n,2,292.71,2.28,N,2
24.5955,80.86231,308.54,0.39,0.36,2023-10-05,2022,N,VIIRS,n,2,297.22,0.66,N,2
25.42458,93.18569,345.02,0.47,0.4,2023-04-09,712,N,VIIRS,n,2,306.84,18.05,D,0
30.63548,76.52717,332.67,0.39,0.36,2023-10-26,802,N,VIIRS,n,2,302.45,1.31,D,0
25.60312,76.7105,347.72,0.42,0.61,2023-10-23,717,N,VIIRS,n,2,296.55,4.65,D,0
25.48755,90.93971,340.39,0.46,0.39,2023-03-09,653,N,VIIRS,n,2,303.12,4.55,D,0
25.51286,94.65559,309.45,0.4,0.37,2023-04-10,1920,N,VIIRS,n,2,283.72,1.47,N,0
21.18915,81.19764,300.15,0.39,0.36,2023-12-14,2010,N,VIIRS,n,2,288.12,0.38,N,2
22.21031,77.43004,339.59,0.46,0.47,2023-02-24,736,N,VIIRS,n,2,312.14,2.58,D,0
20.81445,80.78242,327.21,0.38,0.59,2023-12-21,709,N,VIIRS,n,2,295.13,1.84,D,0
25.02837,94.51324,348.58,0.53,0.42,2023-04-11,634,N,VIIRS,n,2,309.46,23.27,D,0
17.99355,73.49633,318.44,0.56,0.52,2023-03-03,2115,N,VIIRS,n,2,288.55,1.53,N,0
26.09588,93.62151,307.93,0.56,0.69,2023-04-12,2022,N,VIIRS,n,2,288.75,2.68,N,0
24.16814,83.83178,353.19,0.52,0.42,2023-05-16,718,N,VIIRS,n,2,318.5,18.61,D,0
23.01092,76.3657,367.0,0.47,0.64,2023-05-11,852,N,VIIRS,h,2,318.64,8.38,D,0
24.64219,78.836,303.77,0.51,0.5,2023-05-26,1958,N,VIIRS,n,2,292.99,1.19,N,0
30.64485,75.68739,353.24,0.41,0.61,2023-11-14,847,N,VIIRS,n,2,301.22,17.13,D,0
22.50961,86.32629,331.54,0.49,0.65,2023-02-27,639,N,VIIRS,n,2,299.32,3.27,D,0
25.95357,82.29266,351.61,0.42,0.38,2023-04-23,750,N,VIIRS,n,2,319.07,10.54,D,0
30.1201,74.40748,336.73,0.37,0.58,2023-05-05,726,N,VIIRS,n,2,301.19,3.41,D,0
20.66359,85.37265,352.27,0.49,0.49,2023-04-20,705,N,VIIRS,n,2,309.28,23.69,D,0
15.83297,75.57898,309.65,0.53,0.5,2023-01-20,2103,N,VIIRS,n,2,286.03,1.16,N,0
18.39367,79.98618,336.22,0.6,0.71,2023-03-03,704,N,VIIRS,n,2,297.6,4.34,D,0
22.41204,80.82116,330.14,0.45,0.39,2023-01-11,801,N,VIIRS,n,2,305.09,2.27,D,0
18.94489,73.37487,303.74,0.79,0.78,2023-06-01,1947,N,VIIRS,n,2,291.0,1.84,N,0
21.29245,75.49532,304.57,0.38,0.59,2023-02-19,1958,N,VIIRS,n,2,294.33,1.3,N,0
23.46598,84.60999,332.96,0.41,0.37,2023-04-18,2011,N,VIIRS,n,2,299.81,6.25,N,0
30.0951,78.07454,333.46,0.57,0.43,2023-05-13,816,N,VIIRS,l,2,304.11,3.65,D,0
26.3023,78.17211,352.25,0.33,0.55,2023-11-08,717,N,VIIRS,n,2,297.87,6.01,D,0
22.72483,76.68851,336.13,0.49,0.4,2023-02-11,820,N,VIIRS,l,2,309.04,8.7,D,0
25.20581,85.18727,335.14,0.41,0.37,2023-05-15,737,N,VIIRS,l,2,306.93,3.96,D,0
29.70028,75.22499,335.23,0.34,0.56,2023-05-05,726,N,VIIRS,n,2,303.63,0.83,D,0
23.77594,93.3632,356.36,0.55,0.43,2023-03-13,717,N,VIIRS,n,2,319.2,20.98,D,0
21.80226,82.02027,330.15,0.39,0.36,2023-12-19,747,N,VIIRS,n,2,295.82,2.3,D,0
30.72077,75.28086,333.3,0.44,0.38,2023-11-21,815,N,VIIRS,n,2,299.28,1.64,D,0
23.76526,86.3968,308.74,0.39,0.36,2023-11-13,1950,N,VIIRS,n,2,297.89,1.32,N,2
22.53123,85.3923,310.99,0.33,0.55,2023-03-05,2035,N,VIIRS,n,2,290.01,0.88,N,0
30.71546,75.43916,342.99,0.44,0.39,2023-11-01,750,N,VIIRS,n,2,302.27,8.05,D,0
30.17267,74.64786,349.72,0.68,0.74,2023-11-13,905,N,VIIRS,n,2,297.47,12.95,D,0
31.06033,74.86264,333.94,0.41,0.37,2023-11-22,756,N,VIIRS,n,2,299.77,4.12,D,0
30.72163,75.70775,339.06,0.43,0.46,2023-05-07,829,N,VIIRS,l,2,310.88,3.21,D,0
26.15549,94.65971,325.01,0.57,0.43,2023-01-19,711,N,VIIRS,n,2,298.48,4.03,D,0
18.45864,79.94946,348.96,0.38,0.36,2023-04-12,754,N,VIIRS,n,2,311.09,6.95,D,0
31.42365,77.63721,340.53,0.54,0.68,2023-12-16,846,N,VIIRS,n,2,293.79,8.53,D,0
25.84879,78.16685,347.02,0.4,0.37,2023-11-11,801,N,VIIRS,n,2,302.23,7.32,D,0
25.77384,80.83219,333.98,0.39,0.44,2023-12-18,807,N,VIIRS,n,2,298.41,5.68,D,0
21.18568,81.38793,313.55,0.5,0.41,2023-06-11,1958,N,VIIRS,n,2,298.26,3.86,N,3
21.05578,83.96155,341.77,0.39,0.36,2023-03-12,736,N,VIIRS,n,2,306.96,2.8,D,0
29.8394,78.83654,308.33,0.41,0.37,2023-06-14,2040,N,VIIRS,n,2,290.03,0.52,N,0
26.99191,84.1948,331.51,0.38,0.36,2023-02-19,731,N,VIIRS,n,2,301.82,1.99,D,0
10.53929,76.42218,347.9,0.33,0.55,2023-03-08,848,N,VIIRS,n,2,302.21,6.37,D,0
15.56225,78.97156,307.95,0.41,0.37,2023-02-13,2013,N,VIIRS,n,2,294.03,1.54,N,0
21.19187,84.58798,302.65,0.39,0.36,2023-03-07,1958,N,VIIRS,n,2,287.69,0.53,N,0
23.90191,84.49584,349.86,0.42,0.38,2023-05-21,724,N,VIIRS,n,2,321.53,8.1,D,0
31.67563,75.58058,349.28,0.45,0.39,2023-05-13,817,N,VIIRS,n,2,319.0,14.69,D,0
24.33322,92.6134,345.02,0.32,0.55,2023-03-28,737,N,VIIRS,n,2,289.15,4.63,D,0
29.99006,79.3898,335.5,0.42,0.38,2023-01-07,738,N,VIIRS,n,2,291.47,4.72,D,0
24.49368,87.48434,300.01,0.43,0.38,2023-02-24,2003,N,VIIRS,n,2,277.81,0.83,N,0
9.47219,76.92048,308.38,0.52,0.42,2023-02-24,2008,N,VIIRS,n,2,293.34,1.45,N,0
29.9965,75.0475,336.0,0.55,0.43,2023-11-12,744,N,VIIRS,n,2,302.22,9.58,D,0
13.11392,75.24011,333.91,0.46,0.39,2023-02-21,830,N,VIIRS,n,2,298.61,3.87,D,0
14.2215,77.62106,349.9,0.42,0.37,2023-02-28,759,N,VIIRS,n,2,317.5,5.99,D,0
23.72576,86.43974,305.94,0.33,0.55,2023-01-20,1920,N,VIIRS,n,2,289.26,0.98,N,2
22.08418,84.80141,341.45,0.5,0.41,2023-04-14,718,N,VIIRS,n,2,311.29,3.31,D,0
21.12684,86.44134,334.03,0.42,0.37,2023-01-07,735,N,VIIRS,n,2,306.13,5.85,D,0
26.15792,87.84219,333.47,0.53,0.42,2023-06-02,659,N,VIIRS,l,2,308.4,4.11,D,0
22.53926,77.53018,336.23,0.44,0.46,2023-10-30,825,N,VIIRS,l,2,306.86,1.73,D,0
21.85855,83.9678,310.95,0.4,0.37,2023-10-11,2009,N,VIIRS,n,2,296.7,1.02,N,0
23.26254,87.25321,333.56,0.38,0.36,2023-02-14,723,N,VIIRS,n,2,302.71,2.98,D,0
29.90663,74.95184,314.8,0.39,0.6,2023-08-25,2130,N,VIIRS,n,2,291.09,1.43,N,2
26.42656,77.79179,346.74,0.57,0.52,2023-05-21,725,N,VIIRS,n,2,313.22,5.43,D,0
19.45823,83.23338,341.81,0.46,0.47,2023-04-22,807,N,VIIRS,n,2,301.56,7.31,D,0
22.05317,88.12773,337.64,0.39,0.36,2023-01-24,717,N,VIIRS,n,2,305.46,3.1,D,2
21.65296,85.66111,345.21,0.35,0.57,2023-02-01,807,N,VIIRS,n,2,302.08,5.1,D,0
18.13441,80.82362,351.37,0.5,0.66,2023-03-14,838,N,VIIRS,n,2,304.85,4.84,D,0
23.50514,75.97959,303.87,0.41,0.45,2023-04-10,2101,N,VIIRS,n,2,287.83,0.78,N,0
27.55653,96.0395,298.67,0.39,0.36,2023-12-22,1917,N,VIIRS,n,2,283.78,0.33,N,2
19.98798,84.09428,303.8,0.43,0.38,2023-04-19,1953,N,VIIRS,n,2,293.0,0.64,N,0
20.50856,81.47096,334.99,0.46,0.47,2023-02-22,813,N,VIIRS,l,2,309.42,3.18,D,0
21.10397,72.6434,322.64,0.57,0.69,2023-11-18,1958,N,VIIRS,n,2,293.99,5.27,N,2
15.96382,79.04955,330.75,0.74,0.76,2023-10-23,855,N,VIIRS,n,2,301.39,5.46,D,0
25.09238,93.95665,339.83,0.58,0.52,2023-03-16,621,N,VIIRS,n,2,298.67,7.54,D,0
28.3257,77.67133,331.36,0.41,0.6,2023-04-25,713,N,VIIRS,l,2,304.04,2.08,D,0
14.08886,77.08636,347.65,0.39,0.36,2023-02-17,805,N,VIIRS,l,2,317.65,7.72,D,0
28.95997,76.32575,330.56,0.49,0.49,2023-12-20,730,N,VIIRS,n,2,294.49,2.73,D,0
31.53174,75.13103,345.36,0.51,0.49,2023-10-01,732,N,VIIRS,n,2,303.24,6.85,D,0
25.81705,91.83146,326.57,0.47,0.64,2023-03-27,615,N,VIIRS,n,2,294.52,2.02,D,0
21.63643,82.49976,337.38,0.55,0.43,2023-12-15,722,N,VIIRS,n,2,301.76,5.09,D,0
22.81417,87.45001,340.85,0.59,0.53,2023-02-07,755,N,VIIRS,n,2,304.81,4.08,D,0
23.30794,79.94958,337.78,0.39,0.36,2023-11-22,754,N,VIIRS,n,2,300.42,2.24,D,0
15.21167,78.74643,333.72,0.39,0.36,2023-03-21,806,N,VIIRS,l,2,307.16,2.75,D,0
24.20576,82.71076,335.73,0.46,0.39,2023-11-02,1957,N,VIIRS,n,2,293.42,5.13,N,2
16.8522,80.96896,339.92,0.41,0.37,2023-06-04,759,N,VIIRS,n,2,307.78,4.69,D,0
20.97063,85.13136,304.09,0.66,0.73,2023-03-04,2055,N,VIIRS,n,2,291.11,2.72,N,0
20.86844,84.07374,343.6,0.38,0.36,2023-01-23,735,N,VIIRS,n,2,309.68,3.55,D,0
21.04919,79.33431,333.01,0.38,0.36,2023-11-22,753,N,VIIRS,n,2,301.99,1.16,D,0
23.2724,79.74358,347.72,0.4,0.44,2023-11-21,813,N,VIIRS,n,2,302.16,8.35,D,0
25.38438,87.58912,340.91,0.79,0.78,2023-06-03,821,N,VIIRS,n,2,300.93,7.98,D,0
18.68262,73.03411,306.92,0.42,0.38,2023-10-15,2036,N,VIIRS,n,2,294.55,1.85,N,2
30.63769,74.43377,346.17,0.41,0.37,2023-11-05,815,N,VIIRS,n,2,302.45,7.97,D,0
19.8858,84.03513,331.44,0.43,0.38,2023-05-09,748,N,VIIRS,n,2,299.17,3.64,D,0
22.24724,79.59939,305.18,0.41,0.37,2023-04-17,2030,N,VIIRS,n,2,292.11,0.96,N,0
30.43579,75.65061,350.74,0.44,0.38,2023-11-17,750,N,VIIRS,n,2,311.0,19.04,D,0
21.0884,83.59368,336.38,0.4,0.44,2023-06-01,717,N,VIIRS,n,2,305.65,2.39,D,0
30.25189,74.29447,332.46,0.5,0.41,2023-11-01,750,N,VIIRS,n,2,299.9,2.39,D,0
26.99679,79.18924,333.35,0.47,0.4,2023-10-22,736,N,VIIRS,n,2,300.77,2.59,D,0
20.76631,77.09126,346.36,0.41,0.45,2023-04-02,743,N,VIIRS,l,2,319.99,9.36,D,0
23.74082,85.00856,296.69,0.41,0.37,2023-12-14,2009,N,VIIRS,n,2,285.97,1.13,N,2
22.30217,84.00065,344.2,0.45,0.47,2023-03-24,711,N,VIIRS,n,2,301.37,7.68,D,0
23.11415,70.08589,300.82,0.38,0.36,2023-02-21,2101,N,VIIRS,n,2,290.79,0.56,N,2
30.46325,75.83832,334.73,0.39,0.36,2023-11-06,756,N,VIIRS,n,2,295.23,3.5,D,0
20.76209,85.29208,307.93,0.4,0.37,2023-03-02,1952,N,VIIRS,n,2,295.0,1.14,N,0
25.72739,90.84444,341.2,0.42,0.45,2023-03-07,730,N,VIIRS,n,2,303.64,6.47,D,0
23.98218,75.50305,340.25,0.44,0.62,2023-05-05,725,N,VIIRS,n,2,305.87,19.92,D,0
31.00743,75.36996,332.1,0.63,0.54,2023-05-05,726,N,VIIRS,l,2,303.27,4.25,D,0
18.4124,81.71204,340.34,0.4,0.37,2023-03-11,754,N,VIIRS,l,2,312.22,3.3,D,0
22.96561,75.58171,355.18,0.41,0.37,2023-04-17,802,N,VIIRS,n,2,319.52,8.6,D,0
24.5067,94.12301,367.0,0.46,0.63,2023-03-06,608,N,VIIRS,h,2,304.56,12.78,D,0
25.30566,92.99368,332.78,0.33,0.55,2023-04-17,622,N,VIIRS,n,2,300.86,1.86,D,0
23.83968,82.89721,333.09,0.74,0.76,2023-06-03,640,N,VIIRS,n,2,301.52,3.5,D,0
14.05179,79.00326,334.02,0.42,0.38,2023-07-17,752,N,VIIRS,l,2,289.54,4.3,D,0
11.48585,76.89728,345.32,0.57,0.52,2023-03-03,842,N,VIIRS,n,2,301.92,6.51,D,0
16.26704,77.78027,345.01,0.46,0.39,2023-05-18,819,N,VIIRS,n,2,311.45,8.87,D,0
22.39158,79.6852,341.31,0.48,0.48,2023-11-10,819,N,VIIRS,n,2,301.48,6.44,D,0
14.96627,79.14762,367.0,0.38,0.36,2023-04-17,800,N,VIIRS,h,2,324.4,17.73,D,0
13.41279,75.08492,332.82,0.38,0.36,2023-04-16,818,N,VIIRS,n,2,300.16,5.46,D,0
14.08743,78.89345,367.0,0.33,0.55,2023-02-26,836,N,VIIRS,h,2,311.36,6.28,D,0
21.87858,83.55477,308.02,0.47,0.4,2023-01-13,1952,N,VIIRS,n,2,289.16,1.43,N,2
31.98414,74.9751,337.52,0.41,0.45,2023-10-30,828,N,VIIRS,n,2,298.91,2.86,D,0
19.65523,83.81561,305.09,0.38,0.36,2023-03-12,2005,N,VIIRS,n,2,292.89,0.79,N,0
21.81798,83.99394,304.13,0.38,0.36,2023-02-24,2004,N,VIIRS,n,2,292.18,1.51,N,0
22.32588,85.43008,341.71,0.44,0.39,2023-04-18,743,N,VIIRS,l,2,313.76,3.32,D,0
19.90692,83.51382,334.96,0.52,0.41,2023-04-19,723,N,VIIRS,l,2,307.12,2.89,D,0
31.46859,75.524,338.93,0.37,0.58,2023-10-23,719,N,VIIRS,n,2,297.9,2.35,D,0
25.19776,92.25386,348.45,0.39,0.36,2023-03-14,659,N,VIIRS,n,2,298.51,12.83,D,0
18.68511,73.03265,305.69,0.43,0.38,2023-07-10,2056,N,VIIRS,n,2,289.8,2.36,N,2
18.16314,73.26437,337.63,0.39,0.36,2023-12-12,818,N,VIIRS,n,2,304.43,4.06,D,0
25.71547,90.80296,345.42,0.39,0.36,2023-03-08,711,N,VIIRS,n,2,303.67,5.12,D,0
23.80252,84.84282,304.5,0.44,0.63,2023-02-27,2048,N,VIIRS,n,2,285.52,0.73,N,2
22.31464,69.85989,343.19,0.45,0.47,2023-10-23,857,N,VIIRS,n,2,306.93,2.26,D,0
19.48093,83.84352,304.47,0.54,0.51,2023-03-03,1934,N,VIIRS,n,2,292.71,1.43,N,0
25.81975,83.1596,341.13,0.43,0.46,2023-04-17,803,N,VIIRS,n,2,310.99,5.48,D,0
18.47389,73.68923,307.01,0.59,0.7,2023-02-14,1953,N,VIIRS,n,2,289.73,1.23,N,0
23.65282,84.13273,355.39,0.41,0.37,2023-05-20,743,N,VIIRS,n,2,319.7,37.88,D,0
18.68768,84.11373,336.85,0.39,0.36,2023-04-18,742,N,VIIRS,n,2,308.36,2.99,D,0
13.41786,76.28086,304.81,0.71,0.75,2023-02-15,1936,N,VIIRS,n,2,291.45,2.6,N,0
9.73657,78.74024,337.88,0.44,0.39,2023-03-15,817,N,VIIRS,n,2,305.63,3.88,D,0
23.62575,85.47732,302.54,0.39,0.44,2023-03-08,1939,N,VIIRS,n,2,286.46,0.75,N,0
25.22313,92.95569,338.49,0.54,0.42,2023-03-13,718,N,VIIRS,n,2,298.63,6.21,D,0
25.9219,93.54564,341.5,0.39,0.44,2023-06-01,718,N,VIIRS,n,2,289.3,3.92,D,0
22.69592,70.96934,354.68,0.47,0.4,2023-05-13,814,N,VIIRS,n,2,326.01,37.74,D,0
21.18473,81.89857,334.54,0.5,0.66,2023-02-10,658,N,VIIRS,n,2,302.11,3.98,D,0
21.92436,82.7174,326.53,0.54,0.68,2023-12-22,651,N,VIIRS,n,2,293.83,2.24,D,0
25.66162,93.52737,346.81,0.42,0.38,2023-03-03,705,N,VIIRS,n,2,300.37,8.53,D,0
20.95962,85.17333,312.74,0.58,0.52,2023-04-15,1928,N,VIIRS,n,2,273.62,2.17,N,2
20.58808,82.42026,344.5,0.48,0.4,2023-03-07,729,N,VIIRS,n,2,302.64,8.34,D,0
25.69153,84.63363,346.71,0.46,0.39,2023-06-17,718,N,VIIRS,n,2,305.66,10.96,D,0
31.71808,75.21793,345.87,0.51,0.41,2023-05-18,823,N,VIIRS,n,2,309.45,4.51,D,0
29.91082,77.26465,338.66,0.44,0.38,2023-05-08,810,N,VIIRS,n,2,305.7,3.14,D,0
23.36447,77.42902,332.07,0.67,0.74,2023-05-06,705,N,VIIRS,n,2,294.56,7.56,D,0
17.90413,79.67487,339.12,0.5,0.41,2023-06-14,812,N,VIIRS,n,2,307.75,6.73,D,0
24.78431,93.3283,344.06,0.4,0.6,2023-03-11,615,N,VIIRS,n,2,295.64,27.42,D,0
31.45065,77.68338,304.59,0.34,0.56,2023-12-21,2116,N,VIIRS,n,2,280.39,1.74,N,0
27.19544,84.02045,330.09,0.5,0.66,2023-03-15,821,N,VIIRS,n,2,298.7,3.51,D,0
14.33956,78.16862,348.56,0.41,0.37,2023-04-11,812,N,VIIRS,n,2,314.02,8.02,D,0
23.08918,91.59103,367.0,0.55,0.68,2023-04-12,615,N,VIIRS,h,2,300.97,12.78,D,0
22.1856,79.85326,341.16,0.43,0.38,2023-04-18,743,N,VIIRS,n,2,313.42,5.43,D,0
23.77127,86.20441,307.06,0.45,0.39,2023-03-29,1946,N,VIIRS,n,2,292.45,1.15,N,2
31.67538,74.93534,336.66,0.43,0.38,2023-05-13,817,N,VIIRS,l,2,310.85,2.81,D,0
22.28467,93.16129,301.57,0.38,0.59,2023-02-28,1848,N,VIIRS,n,2,285.12,5.32,N,0
22.22229,84.75343,303.54,0.61,0.54,2023-10-31,2035,N,VIIRS,n,2,292.13,1.81,N,2
23.56067,87.23734,313.36,0.37,0.58,2023-05-07,1914,N,VIIRS,n,2,294.01,2.34,N,2
29.946,77.4035,327.79,0.33,0.55,2023-02-05,835,N,VIIRS,n,2,295.76,1.06,D,0
17.31855,79.27509,343.97,0.44,0.46,2023-05-15,735,N,VIIRS,n,2,307.92,4.54,D,0
30.64959,74.34332,336.02,0.55,0.43,2023-11-15,828,N,VIIRS,n,2,300.63,6.37,D,0
21.18136,79.88828,333.34,0.37,0.58,2023-05-28,832,N,VIIRS,l,2,303.49,2.63,D,0
17.57056,73.92396,303.85,0.52,0.42,2023-02-23,2025,N,VIIRS,n,2,286.9,0.68,N,0
21.27565,83.82591,331.72,0.6,0.7,2023-06-08,645,N,VIIRS,n,2,296.63,2.18,D,0
10.10258,78.08121,335.2,0.43,0.38,2023-01-11,757,N,VIIRS,n,2,305.14,4.94,D,0
22.06894,72.01922,343.38,0.42,0.37,2023-04-10,833,N,VIIRS,l,2,317.67,8.35,D,0
20.6685,79.7696,333.13,0.45,0.39,2023-03-17,742,N,VIIRS,l,2,304.19,3.86,D,0
21.53871,83.68146,314.1,0.43,0.62,2023-04-16,2049,N,VIIRS,n,2,296.13,3.65,N,0
17.53736,75.87546,320.56,0.51,0.49,2023-02-08,2006,N,VIIRS,n,2,289.0,2.86,N,0
23.28222,78.2385,330.25,0.6,0.71,2023-04-04,706,N,VIIRS,n,2,296.37,7.61,D,0
31.44769,75.40763,335.37,0.45,0.39,2023-11-05,815,N,VIIRS,n,2,302.69,3.72,D,0
31.2171,75.07964,334.39,0.45,0.39,2023-07-12,751,N,VIIRS,l,2,298.7,3.81,D,0
19.62943,75.75298,335.88,0.51,0.41,2023-03-11,754,N,VIIRS,l,2,309.8,3.24,D,0
23.82591,85.49942,309.26,0.42,0.37,2023-06-06,1951,N,VIIRS,n,2,283.27,1.47,N,2
29.78974,75.65778,335.01,0.42,0.45,2023-10-30,827,N,VIIRS,n,2,299.6,5.22,D,0
17.42491,73.48162,367.0,0.4,0.6,2023-02-13,741,N,VIIRS,h,2,312.08,7.12,D,0
21.93694,85.25345,346.22,0.42,0.45,2023-04-12,755,N,VIIRS,n,2,312.78,5.76,D,0
27.21287,84.18285,349.89,0.41,0.6,2023-03-10,815,N,VIIRS,n,2,305.81,3.85,D,0
31.05934,74.81513,326.65,0.61,0.71,2023-11-14,706,N,VIIRS,n,2,295.69,3.17,D,0
18.13337,79.54377,334.1,0.43,0.38,2023-12-02,805,N,VIIRS,n,2,297.38,2.73,D,0
30.12014,74.89912,340.73,0.39,0.36,2023-10-31,809,N,VIIRS,n,2,301.54,3.55,D,0
27.17562,71.84715,353.8,0.4,0.37,2023-02-06,815,N,VIIRS,n,2,306.44,9.61,D,0
21.56925,81.70157,335.98,0.39,0.36,2023-10-27,741,N,VIIRS,n,2,302.83,3.67,D,0
17.03207,79.95092,338.98,0.42,0.45,2023-06-03,818,N,VIIRS,l,2,309.2,5.71,D,0
21.46394,70.37324,343.98,0.39,0.36,2023-03-20,827,N,VIIRS,n,2,302.89,8.21,D,0
22.32096,84.24635,337.84,0.4,0.37,2023-03-07,730,N,VIIRS,n,2,306.63,2.38,D,0
23.89326,85.79295,303.22,0.38,0.36,2023-03-07,1958,N,VIIRS,n,2,286.88,0.41,N,0
9.5119,76.49225,352.18,0.33,0.55,2023-03-24,848,N,VIIRS,n,2,275.24,8.14,D,0
23.54279,88.51087,341.8,0.34,0.56,2023-03-15,640,N,VIIRS,n,2,304.52,4.88,D,0
18.60627,72.94888,336.97,0.33,0.55,2023-04-07,749,N,VIIRS,n,2,300.0,2.18,D,0
23.41194,80.46756,335.09,0.56,0.51,2023-03-29,718,N,VIIRS,n,2,302.88,3.27,D,0
21.5794,84.75817,334.08,0.39,0.36,2023-03-23,730,N,VIIRS,n,2,304.18,3.23,D,0
20.96647,72.86255,333.7,0.39,0.36,2023-05-02,820,N,VIIRS,l,2,305.61,4.84,D,0
18.10401,80.12303,309.75,0.45,0.39,2023-02-24,2006,N,VIIRS,n,2,295.39,2.34,N,0
14.29583,78.29613,353.79,0.41,0.37,2023-03-26,812,N,VIIRS,n,2,307.24,17.72,D,0
22.01422,92.94669,348.92,0.5,0.41,2023-04-14,717,N,VIIRS,n,2,313.49,16.71,D,0
26.00338,94.99511,339.76,0.59,0.53,2023-02-07,615,N,VIIRS,n,2,295.96,9.44,D,0
22.86034,78.25338,347.71,0.49,0.4,2023-04-11,815,N,VIIRS,n,2,312.2,6.04,D,0
22.76003,77.65492,334.22,0.44,0.46,2023-04-13,737,N,VIIRS,l,2,308.07,2.08,D,0
18.47343,73.7073,339.27,0.44,0.46,2023-02-15,844,N,VIIRS,l,2,313.83,5.18,D,0
23.06534,77.71103,342.01,0.53,0.67,2023-04-25,712,N,VIIRS,n,2,306.3,7.9,D,0
19.53578,73.88906,339.46,0.44,0.46,2023-05-30,754,N,VIIRS,n,2,309.17,7.95,D,0
23.48964,80.09102,327.24,0.52,0.5,2023-12-12,819,N,VIIRS,n,2,297.63,3.17,D,0
17.75051,73.51902,336.51,0.39,0.36,2023-04-16,820,N,VIIRS,l,2,308.13,4.6,D,0
21.60243,80.59811,334.92,0.53,0.5,2023-04-16,820,N,VIIRS,l,2,309.2,5.04,D,0
22.10124,70.20728,340.35,0.47,0.48,2023-03-13,858,N,VIIRS,l,2,313.85,4.16,D,0
19.07675,80.38677,333.79,0.53,0.42,2023-04-13,736,N,VIIRS,l,2,306.68,4.61,D,0
23.81361,81.99983,346.56,0.45,0.39,2023-05-14,755,N,VIIRS,n,2,315.53,5.64,D,0
22.21438,84.86754,314.36,0.42,0.38,2023-12-14,2009,N,VIIRS,n,2,286.65,1.83,N,2
17.88049,82.2675,338.98,0.4,0.37,2023-03-01,741,N,VIIRS,n,2,310.27,3.08,D,0
21.75741,84.02312,321.57,0.56,0.52,2023-05-06,1933,N,VIIRS,n,2,296.73,2.5,N,2
18.09446,82.95513,341.14,0.39,0.36,2023-03-06,747,N,VIIRS,n,2,305.98,2.74,D,0
26.98716,95.13744,350.74,0.5,0.41,2023-03-03,705,N,VIIRS,n,2,301.46,14.57,D,0
21.30032,81.98472,333.0,0.49,0.4,2023-01-18,729,N,VIIRS,n,2,299.74,1.9,D,0
25.82596,94.97417,334.63,0.43,0.38,2023-03-04,1913,N,VIIRS,n,2,282.12,4.35,N,0
23.70326,73.65476,350.91,0.41,0.45,2023-04-15,840,N,VIIRS,n,2,317.49,7.73,D,0
16.00654,79.09728,331.43,0.38,0.59,2023-04-19,722,N,VIIRS,l,2,305.52,2.87,D,0
19.01809,83.81465,338.78,0.63,0.72,2023-04-10,832,N,VIIRS,n,2,295.08,5.32,D,0
21.24305,79.22241,301.13,0.7,0.75,2023-04-15,1928,N,VIIRS,n,2,288.81,1.56,N,2
13.94172,75.92686,307.78,0.38,0.36,2023-02-28,2032,N,VIIRS,n,2,291.88,0.58,N,0
16.01068,78.65757,336.5,0.4,0.6,2023-01-29,722,N,VIIRS,n,2,301.24,4.62,D,0
19.95543,86.14121,336.08,0.56,0.52,2023-02-12,800,N,VIIRS,n,2,309.57,4.88,D,0
23.55912,92.28111,346.19,0.5,0.49,2023-04-11,634,N,VIIRS,n,2,312.57,197.91,D,0
13.20798,76.30471,346.07,0.44,0.38,2023-02-16,824,N,VIIRS,l,2,316.92,11.06,D,0
19.59789,75.90076,337.54,0.39,0.36,2023-03-21,807,N,VIIRS,l,2,312.26,4.32,D,0
24.2033,74.58411,308.38,0.39,0.36,2023-05-13,2042,N,VIIRS,n,2,297.77,1.9,N,0
25.43105,94.00928,328.52,0.41,0.6,2023-02-24,736,N,VIIRS,n,2,298.7,2.43,D,0
21.61618,84.39944,331.42,0.56,0.43,2023-03-27,755,N,VIIRS,l,2,304.41,4.17,D,0
21.86896,83.645,340.61,0.33,0.55,2023-03-10,814,N,VIIRS,n,2,302.1,3.86,D,0
21.04106,82.36724,331.89,0.44,0.38,2023-11-22,753,N,VIIRS,n,2,300.46,3.45,D,0
17.37027,73.75521,337.32,0.39,0.36,2023-05-07,825,N,VIIRS,n,2,301.91,4.04,D,0
22.83815,86.73345,334.01,0.39,0.36,2023-03-07,730,N,VIIRS,l,2,305.87,2.16,D,0
24.1191,93.9945,367.0,0.4,0.6,2023-04-13,737,N,VIIRS,h,2,308.53,78.69,D,0
21.59153,86.41925,301.86,0.42,0.38,2023-03-13,1946,N,VIIRS,n,2,286.71,0.62,N,0
24.01257,92.15599,367.0,0.5,0.49,2023-04-11,634,N,VIIRS,h,2,304.47,13.15,D,0
22.11143,79.56728,330.65,0.33,0.56,2023-11-24,716,N,VIIRS,n,2,295.2,1.08,D,0
22.23474,78.95759,329.89,0.36,0.58,2023-01-08,717,N,VIIRS,n,2,301.28,3.11,D,0
22.00371,82.67266,309.25,0.43,0.46,2023-05-16,1946,N,VIIRS,n,2,297.37,2.95,N,2
23.72958,86.44814,308.38,0.38,0.36,2023-04-08,1958,N,VIIRS,n,2,295.71,1.21,N,2
21.07405,75.87157,345.41,0.39,0.36,2023-06-09,807,N,VIIRS,l,2,316.34,9.0,D,0
23.26409,78.77074,349.28,0.4,0.37,2023-04-17,802,N,VIIRS,l,2,322.75,16.64,D,0
24.06937,74.85964,349.72,0.49,0.4,2023-04-21,828,N,VIIRS,n,2,317.83,15.61,D,0
26.67014,94.05891,335.42,0.38,0.36,2023-02-05,653,N,VIIRS,n,2,297.13,5.0,D,0
23.68729,76.68743,354.17,0.39,0.36,2023-04-17,802,N,VIIRS,l,2,324.45,16.18,D,0
13.97491,79.09174,326.62,0.45,0.39,2023-04-13,2008,N,VIIRS,n,2,297.51,4.9,N,0
23.77891,86.37394,309.79,0.39,0.37,2023-01-13,1951,N,VIIRS,n,2,291.11,1.63,N,2
20.3418,78.41985,344.1,0.4,0.37,2023-03-27,755,N,VIIRS,l,2,317.62,5.86,D,0
27.66583,76.1303,305.38,0.34,0.56,2023-08-31,2118,N,VIIRS,n,2,292.4,0.88,N,2
22.52106,87.22947,334.31,0.54,0.42,2023-02-13,742,N,VIIRS,l,2,304.98,5.51,D,0
17.04235,73.73329,344.83,0.42,0.37,2023-04-11,813,N,VIIRS,l,2,309.66,7.02,D,0
30.57323,74.8809,344.53,0.56,0.51,2023-05-10,732,N,VIIRS,n,2,313.83,8.59,D,0
20.93103,82.82271,335.4,0.54,0.42,2023-06-20,800,N,VIIRS,n,2,301.57,8.09,D,0
19.06183,76.4648,332.91,0.76,0.77,2023-03-24,711,N,VIIRS,n,2,302.11,6.09,D,0
29.64546,79.11208,329.13,0.4,0.37,2023-02-13,744,N,VIIRS,n,2,293.32,1.35,D,0
23.67354,73.88537,306.45,0.51,0.5,2023-04-23,2017,N,VIIRS,n,2,292.27,1.54,N,0
19.02355,82.66803,337.15,0.54,0.68,2023-01-04,831,N,VIIRS,n,2,296.45,6.33,D,0
23.61493,86.86225,303.41,0.43,0.38,2023-11-23,2003,N,VIIRS,n,2,289.91,0.83,N,2
23.66917,86.42331,304.99,0.41,0.37,2023-12-09,2003,N,VIIRS,n,2,289.01,0.82,N,2
19.82119,81.5189,333.01,0.45,0.47,2023-03-02,723,N,VIIRS,n,2,303.37,2.72,D,0
15.50462,78.73331,304.26,0.32,0.55,2023-02-25,1947,N,VIIRS,n,2,292.83,0.58,N,0
16.2782,78.79242,337.8,0.49,0.48,2023-03-12,735,N,VIIRS,n,2,307.28,6.94,D,0
23.79418,86.34969,323.99,0.45,0.63,2023-10-20,2040,N,VIIRS,n,2,294.11,4.83,N,2
22.4787,85.55331,301.51,0.4,0.37,2023-03-12,2004,N,VIIRS,n,2,290.96,0.81,N,0
25.39877,88.2588,342.12,0.45,0.47,2023-05-20,743,N,VIIRS,n,2,304.89,5.57,D,0
21.05255,85.6571,353.23,0.43,0.46,2023-03-11,754,N,VIIRS,n,2,305.08,4.35,D,0
19.6088,73.70543,309.46,0.59,0.53,2023-05-20,2012,N,VIIRS,n,2,293.53,1.47,N,0
21.0319,80.85547,331.93,0.37,0.58,2023-03-08,711,N,VIIRS,l,2,304.66,4.49,D,0
21.84164,84.24653,342.26,0.34,0.56,2023-02-10,658,N,VIIRS,n,2,306.36,2.35,D,0
21.8396,82.52306,331.68,0.45,0.47,2023-02-09,717,N,VIIRS,l,2,306.26,4.13,D,0
18.29418,78.5021,333.18,0.4,0.37,2023-11-16,805,N,VIIRS,n,2,303.48,3.06,D,0
21.52876,79.54639,337.44,0.4,0.37,2023-04-07,749,N,VIIRS,l,2,311.39,1.94,D,0
30.63476,74.28245,342.49,0.38,0.36,2023-05-08,810,N,VIIRS,l,2,312.71,3.71,D,0
25.36453,93.69827,352.6,0.58,0.69,2023-03-01,602,N,VIIRS,n,2,297.12,8.75,D,0
13.82234,78.91721,348.35,0.39,0.36,2023-03-05,805,N,VIIRS,n,2,314.3,7.55,D,0
20.96808,85.17429,306.76,0.46,0.47,2023-07-09,1933,N,VIIRS,n,2,289.62,1.98,N,2
25.57939,76.68266,338.88,0.66,0.73,2023-05-06,706,N,VIIRS,n,2,302.9,4.28,D,0
18.38078,79.51985,338.46,0.66,0.73,2023-05-27,850,N,VIIRS,n,2,301.36,6.08,D,0
19.39303,74.6256,337.41,0.62,0.54,2023-04-18,742,N,VIIRS,n,2,304.4,4.02,D,0
11.42138,79.40189,345.75,0.41,0.45,2023-03-04,823,N,VIIRS,n,2,306.21,14.53,D,0
16.33844,80.64261,350.99,0.4,0.37,2023-06-04,759,N,VIIRS,n,2,308.72,4.01,D,0
22.79694,86.20794,339.11,0.47,0.47,2023-01-22,2023,N,VIIRS,n,2,291.47,5.11,N,2
31.24016,75.14587,343.43,0.48,0.64,2023-10-02,853,N,VIIRS,n,2,301.27,6.99,D,0
29.51895,74.9021,332.9,0.57,0.43,2023-11-15,827,N,VIIRS,n,2,301.44,4.73,D,0
19.57867,84.40092,347.15,0.57,0.43,2023-03-13,716,N,VIIRS,n,2,302.95,9.64,D,0
11.8917,76.5882,347.48,0.39,0.36,2023-02-22,811,N,VIIRS,l,2,320.33,16.19,D,0
23.75273,73.99943,343.56,0.34,0.56,2023-04-25,853,N,VIIRS,n,2,309.35,2.77,D,0
22.15575,84.97997,306.57,0.42,0.38,2023-04-03,1952,N,VIIRS,n,2,295.3,1.2,N,0
12.92289,76.29356,367.0,0.32,0.55,2023-04-18,741,N,VIIRS,h,2,305.47,2.97,D,0
26.64454,84.41515,333.49,0.38,0.36,2023-03-07,731,N,VIIRS,n,2,303.8,1.31,D,0
14.24811,78.84632,338.46,0.42,0.61,2023-02-14,721,N,VIIRS,n,2,303.13,9.05,D,0
21.75364,82.75997,350.51,0.46,0.64,2023-01-31,826,N,VIIRS,n,2,296.8,14.25,D,0
17.56682,81.85561,344.91,0.38,0.36,2023-03-06,747,N,VIIRS,n,2,307.42,4.58,D,0
29.99989,75.71765,337.45,0.38,0.59,2023-11-08,719,N,VIIRS,n,2,297.57,5.55,D,0
20.75467,84.85574,313.12,0.44,0.38,2023-04-18,2012,N,VIIRS,n,2,299.16,3.8,N,0
14.00238,79.20052,353.89,0.4,0.44,2023-04-18,741,N,VIIRS,n,2,314.82,9.14,D,0
22.54906,76.21941,335.64,0.42,0.61,2023-04-03,724,N,VIIRS,n,2,304.71,3.92,D,0
23.93082,91.7807,343.67,0.45,0.63,2023-04-07,749,N,VIIRS,n,2,297.04,6.04,D,0
21.17858,81.49979,340.52,0.53,0.5,2023-01-24,717,N,VIIRS,n,2,299.23,9.23,D,0
18.96297,82.7355,353.45,0.43,0.38,2023-04-12,755,N,VIIRS,n,2,310.12,6.76,D,0
21.77852,83.82942,307.22,0.44,0.46,2023-10-26,2028,N,VIIRS,n,2,292.09,2.72,N,0
25.84593,84.52043,346.72,0.52,0.41,2023-04-23,750,N,VIIRS,n,2,309.12,7.74,D,0
29.57589,76.87154,332.18,0.34,0.56,2023-02-25,719,N,VIIRS,n,2,299.07,2.95,D,0
13.09235,77.91274,367.0,0.4,0.6,2023-04-08,728,N,VIIRS,h,2,306.6,6.1,D,0
18.60979,82.15485,336.9,0.38,0.43,2023-02-17,806,N,VIIRS,n,2,308.59,2.92,D,0
13.71781,79.52673,336.5,0.39,0.59,2023-04-19,722,N,VIIRS,n,2,305.41,2.32,D,0
23.80061,87.04996,313.77,0.48,0.4,2023-10-18,1937,N,VIIRS,n,2,298.69,2.84,N,2
32.60142,74.8215,341.62,0.45,0.39,2023-05-09,752,N,VIIRS,l,2,312.66,4.24,D,0
22.10186,82.29924,348.01,0.45,0.47,2023-01-24,717,N,VIIRS,n,2,306.8,10.49,D,0
16.88849,78.96498,330.8,0.46,0.39,2023-12-23,811,N,VIIRS,n,2,300.49,0.56,D,0
30.53611,76.11824,331.34,0.59,0.52,2023-05-05,726,N,VIIRS,l,2,301.44,2.6,D,0
26.30698,83.42136,336.33,0.46,0.47,2023-04-17,803,N,VIIRS,n,2,310.44,3.87,D,0
23.21637,92.35009,337.59,0.48,0.48,2023-04-08,730,N,VIIRS,n,2,304.62,4.97,D,0
23.44275,82.05502,346.44,0.44,0.39,2023-05-30,755,N,VIIRS,n,2,308.93,8.11,D,0
17.52991,77.32217,338.31,0.58,0.7,2023-02-25,716,N,VIIRS,n,2,311.02,3.03,D,0
23.55153,82.01369,314.28,0.39,0.36,2023-04-18,2011,N,VIIRS,n,2,296.9,1.95,N,0
21.86034,87.46606,327.79,0.4,0.37,2023-12-20,728,N,VIIRS,l,2,299.54,3.57,D,0
31.76873,74.82323,341.11,0.43,0.38,2023-05-13,817,N,VIIRS,n,2,310.73,5.23,D,0
24.28807,92.43971,337.8,0.47,0.48,2023-04-11,634,N,VIIRS,n,2,300.5,5.25,D,0
25.6797,91.92483,335.58,0.39,0.36,2023-02-26,659,N,VIIRS,n,2,304.29,1.84,D,0
31.33822,75.15929,330.45,0.38,0.59,2023-05-22,848,N,VIIRS,n,2,297.07,4.5,D,0
25.56087,93.80215,326.99,0.41,0.37,2023-01-31,646,N,VIIRS,n,2,298.17,1.69,D,0
21.63083,86.44268,336.29,0.39,0.36,2023-02-14,723,N,VIIRS,n,2,302.88,3.57,D,0
26.83147,83.17938,345.37,0.55,0.43,2023-04-12,757,N,VIIRS,n,2,312.55,59.49,D,0
25.59003,92.13165,335.25,0.39,0.36,2023-02-26,659,N,VIIRS,l,2,308.76,4.54,D,0
22.7283,81.19101,306.54,0.4,0.37,2023-04-18,2011,N,VIIRS,n,2,292.94,1.37,N,0
23.81316,84.92619,334.53,0.33,0.55,2023-05-24,808,N,VIIRS,n,2,302.53,1.68,D,0
9.78862,76.97808,302.2,0.52,0.5,2023-01-10,2052,N,VIIRS,n,2,286.99,0.48,N,0
10.52526,76.43161,346.65,0.43,0.38,2023-03-05,804,N,VIIRS,n,2,303.32,5.56,D,0
18.44527,77.52689,301.24,0.39,0.36,2023-10-26,2030,N,VIIRS,n,2,288.6,0.56,N,0
21.96869,92.88227,318.86,0.5,0.41,2023-04-14,1946,N,VIIRS,n,2,299.61,5.38,N,0
21.04983,81.14018,350.11,0.45,0.39,2023-06-04,801,N,VIIRS,n,2,313.36,17.94,D,0
13.85938,75.43325,303.08,0.44,0.46,2023-03-04,2057,N,VIIRS,n,2,291.57,0.93,N,0
19.47197,72.93486,334.92,0.42,0.38,2023-04-11,814,N,VIIRS,l,2,308.3,2.25,D,0
21.86039,79.34441,339.71,0.46,0.39,2023-03-17,742,N,VIIRS,n,2,307.62,4.82,D,0
25.77149,90.96615,332.58,0.53,0.67,2023-03-27,615,N,VIIRS,n,2,293.08,13.61,D,0
13.23661,78.86523,349.1,0.39,0.36,2023-03-05,805,N,VIIRS,n,2,309.48,5.12,D,0
30.19169,75.82015,331.8,0.38,0.58,2023-11-08,719,N,VIIRS,n,2,295.04,3.24,D,0
23.77461,86.38737,308.73,0.41,0.37,2023-05-31,2004,N,VIIRS,n,2,281.99,0.91,N,2
14.59135,78.86607,306.02,0.4,0.37,2023-02-23,2025,N,VIIRS,n,2,293.84,1.42,N,0
28.20582,80.92924,337.64,0.45,0.39,2023-04-08,732,N,VIIRS,n,2,311.05,6.18,D,0
24.88719,86.11192,332.64,0.39,0.36,2023-04-08,731,N,VIIRS,l,2,303.87,2.72,D,0
14.18194,78.03819,350.67,0.38,0.58,2023-02-15,843,N,VIIRS,n,2,306.92,7.09,D,0
21.51089,83.16261,346.65,0.47,0.4,2023-05-14,755,N,VIIRS,n,2,314.56,5.9,D,0
22.58683,85.90562,299.05,0.53,0.42,2023-01-19,1939,N,VIIRS,n,2,287.5,1.44,N,2
17.42519,77.15609,331.9,0.41,0.37,2023-03-16,800,N,VIIRS,n,2,301.79,1.43,D,0
25.88256,76.65863,332.5,0.42,0.61,2023-10-29,845,N,VIIRS,l,2,303.52,3.25,D,0
12.98412,74.85114,323.63,0.42,0.38,2023-10-05,2025,N,VIIRS,n,2,293.86,1.72,N,0
22.3554,82.2068,338.96,0.56,0.43,2023-03-02,723,N,VIIRS,n,2,304.27,7.29,D,0
24.53428,81.1507,343.66,0.49,0.49,2023-05-13,814,N,VIIRS,l,2,317.01,6.52,D,0
23.7743,86.21081,325.11,0.39,0.36,2023-12-20,728,N,VIIRS,l,2,299.65,3.26,D,2
23.87885,82.1797,335.65,0.56,0.68,2023-05-12,833,N,VIIRS,l,2,308.88,3.03,D,0
25.14473,83.27384,326.12,0.52,0.67,2023-12-17,645,N,VIIRS,n,2,294.5,2.21,D,0
22.92935,70.10723,318.42,0.45,0.39,2023-03-03,2114,N,VIIRS,n,2,293.27,1.68,N,0
18.10599,80.00957,338.49,0.53,0.42,2023-04-11,813,N,VIIRS,n,2,308.49,3.49,D,0
15.17533,76.65768,314.36,0.51,0.41,2023-12-14,2012,N,VIIRS,n,2,293.56,2.27,N,2
32.67989,74.77015,340.28,0.4,0.37,2023-05-14,758,N,VIIRS,l,2,310.22,11.25,D,0
27.40766,81.21513,330.87,0.38,0.36,2023-02-13,744,N,VIIRS,n,2,296.25,5.58,D,0
24.93375,74.63388,303.88,0.4,0.44,2023-12-11,2105,N,VIIRS,n,2,288.26,1.11,N,2
22.39062,77.29152,309.03,0.48,0.48,2023-03-28,2005,N,VIIRS,n,2,289.08,1.38,N,0
23.68132,86.39172,315.09,0.38,0.36,2023-05-10,1958,N,VIIRS,n,2,301.64,2.21,N,2
20.63128,82.0737,332.89,0.32,0.54,2023-05-27,710,N,VIIRS,l,2,307.73,1.74,D,0
17.68839,82.05608,305.95,0.39,0.36,2023-03-01,2012,N,VIIRS,n,2,291.57,1.11,N,0
23.05068,83.5185,334.07,0.42,0.61,2023-03-15,820,N,VIIRS,n,2,299.04,2.8,D,0
22.14408,85.95037,335.9,0.38,0.36,2023-03-07,729,N,VIIRS,l,2,307.37,3.91,D,0
21.07936,85.03577,342.4,0.43,0.38,2023-05-21,723,N,VIIRS,l,2,309.03,6.65,D,2
23.98079,81.28477,335.5,0.42,0.38,2023-04-29,737,N,VIIRS,l,2,305.71,1.54,D,0
25.57188,94.7831,338.22,0.76,0.77,2023-05-10,550,N,VIIRS,n,2,294.73,11.67,D,0
19.53567,83.41264,347.3,0.44,0.46,2023-03-13,716,N,VIIRS,n,2,305.08,9.9,D,0
20.3881,79.7436,331.96,0.57,0.69,2023-04-04,845,N,VIIRS,n,2,301.72,2.55,D,0
30.14143,75.14925,334.3,0.43,0.38,2023-11-05,815,N,VIIRS,n,2,302.11,24.74,D,0
18.09074,81.52644,347.09,0.52,0.42,2023-03-05,806,N,VIIRS,n,2,311.48,5.95,D,0
31.52884,75.42658,334.64,0.38,0.58,2023-05-16,720,N,VIIRS,n,2,306.0,5.18,D,0
23.66931,86.09417,298.0,0.54,0.68,2023-11-26,2047,N,VIIRS,n,2,287.55,1.02,N,0
30.31678,76.04282,327.45,0.59,0.53,2023-10-28,725,N,VIIRS,n,2,286.77,4.91,D,0
15.34912,78.4999,331.74,0.67,0.73,2023-02-25,856,N,VIIRS,l,2,306.62,6.87,D,0
30.18317,76.09064,367.0,0.56,0.68,2023-10-13,706,N,VIIRS,h,2,299.32,11.59,D,0
13.89998,77.64838,341.5,0.42,0.37,2023-02-12,759,N,VIIRS,l,2,312.72,8.37,D,0
30.76796,75.52094,335.42,0.42,0.45,2023-11-15,828,N,VIIRS,n,2,302.24,4.05,D,0
18.48322,80.649,343.77,0.48,0.4,2023-02-17,806,N,VIIRS,n,2,306.69,3.13,D,0
15.93864,80.08865,342.9,0.39,0.36,2023-05-19,759,N,VIIRS,n,2,310.01,6.41,D,0
31.80898,75.28761,334.98,0.56,0.69,2023-05-06,708,N,VIIRS,n,2,296.83,6.06,D,0
30.09091,75.24218,334.29,0.73,0.76,2023-11-13,905,N,VIIRS,n,2,295.54,7.89,D,0
16.43828,80.15324,367.0,0.5,0.66,2023-04-09,710,N,VIIRS,h,2,299.14,12.19,D,0
27.34658,84.35855,343.95,0.33,0.55,2023-04-10,654,N,VIIRS,n,2,305.58,6.61,D,0
14.65227,77.66008,342.43,0.62,0.54,2023-02-24,734,N,VIIRS,n,2,313.7,4.57,D,0
22.78883,86.1989,336.73,0.49,0.41,2023-02-04,711,N,VIIRS,l,2,308.37,3.38,D,2
32.03567,75.112,342.23,0.44,0.38,2023-05-13,817,N,VIIRS,l,2,313.31,6.42,D,0
18.56824,79.5939,335.0,0.4,0.6,2023-06-01,716,N,VIIRS,l,2,305.51,1.89,D,0
21.07819,85.03664,334.8,0.51,0.66,2023-05-07,646,N,VIIRS,l,2,306.14,4.82,D,2
29.92322,75.70309,340.61,0.44,0.39,2023-11-01,750,N,VIIRS,n,2,300.94,6.82,D,0
23.19852,92.4071,341.67,0.48,0.4,2023-03-13,717,N,VIIRS,n,2,308.64,32.76,D,0
18.02136,80.36484,334.42,0.58,0.52,2023-02-16,825,N,VIIRS,n,2,308.0,5.28,D,0
30.46814,74.13842,337.52,0.33,0.55,2023-11-14,847,N,VIIRS,n,2,297.3,6.93,D,0
31.15167,75.6491,340.16,0.48,0.48,2023-11-18,731,N,VIIRS,n,2,298.97,7.27,D,0
22.31517,85.38123,297.05,0.59,0.53,2023-03-14,1927,N,VIIRS,n,2,276.45,1.19,N,0
26.68847,90.90263,327.79,0.41,0.61,2023-02-28,621,N,VIIRS,n,2,291.75,4.0,D,0
22.91381,77.02641,348.98,0.39,0.36,2023-02-12,801,N,VIIRS,n,2,310.14,3.46,D,0
21.65646,83.29867,353.19,0.39,0.36,2023-12-30,741,N,VIIRS,n,2,301.2,5.18,D,0
25.61842,78.72133,339.57,0.56,0.52,2023-05-07,827,N,VIIRS,l,2,312.92,12.1,D,0
21.65189,81.64288,330.59,0.5,0.66,2023-12-11,657,N,VIIRS,n,2,295.95,3.3,D,0
14.26099,75.74104,299.99,0.56,0.43,2023-01-28,2013,N,VIIRS,n,2,289.76,1.51,N,0
23.9383,81.90556,307.94,0.41,0.6,2023-05-22,1933,N,VIIRS,n,2,293.65,2.16,N,0
20.59043,82.90108,335.11,0.36,0.57,2023-02-11,819,N,VIIRS,n,2,309.9,1.94,D,0
21.20563,74.14159,307.58,0.44,0.39,2023-02-16,2055,N,VIIRS,n,2,291.75,0.8,N,0
24.31654,82.38101,347.42,0.51,0.41,2023-05-21,724,N,VIIRS,l,2,318.65,11.44,D,0
20.97292,85.146,307.65,0.37,0.58,2023-01-20,1920,N,VIIRS,n,2,290.57,1.77,N,2
16.39408,73.96272,341.15,0.41,0.37,2023-03-26,813,N,VIIRS,l,2,311.58,5.72,D,0
17.41271,73.56437,337.06,0.39,0.36,2023-03-31,819,N,VIIRS,l,2,310.3,5.19,D,0
18.23665,80.34866,338.12,0.47,0.64,2023-03-14,838,N,VIIRS,n,2,298.47,6.52,D,0
19.17322,80.02702,308.22,0.47,0.39,2023-02-24,2005,N,VIIRS,n,2,297.84,2.01,N,0
20.36942,84.49232,342.39,0.4,0.37,2023-03-07,729,N,VIIRS,n,2,307.75,3.31,D,0
20.93426,81.88503,331.17,0.39,0.36,2023-10-27,741,N,VIIRS,n,2,300.71,1.98,D,0
20.19225,82.15804,333.11,0.39,0.36,2023-03-06,748,N,VIIRS,l,2,306.86,1.78,D,0
20.97092,86.00082,299.25,0.65,0.73,2023-12-23,1900,N,VIIRS,n,2,288.43,1.18,N,2
23.33233,92.40826,349.65,0.48,0.4,2023-03-13,717,N,VIIRS,n,2,314.19,36.8,D,0
19.20447,78.56473,307.69,0.38,0.36,2023-02-23,2024,N,VIIRS,n,2,294.44,0.92,N,0
24.12293,85.2552,331.29,0.35,0.57,2023-05-24,808,N,VIIRS,n,2,300.98,1.23,D,0
29.94699,75.84218,342.01,0.41,0.45,2023-11-07,737,N,VIIRS,n,2,301.33,4.13,D,0
31.05957,74.71098,337.81,0.39,0.36,2023-10-26,803,N,VIIRS,n,2,303.98,2.97,D,0
21.76502,84.01637,301.55,0.44,0.46,2023-01-19,1939,N,VIIRS,n,2,291.35,2.11,N,2
26.27594,93.03168,335.45,0.39,0.59,2023-04-12,616,N,VIIRS,n,2,299.04,2.94,D,0
18.18482,74.31147,299.71,0.4,0.6,2023-02-20,2121,N,VIIRS,n,2,287.89,0.35,N,0
22.58616,81.81781,306.85,0.4,0.44,2023-04-19,1952,N,VIIRS,n,2,291.92,0.92,N,0
24.70094,87.55032,335.4,0.42,0.38,2023-03-08,711,N,VIIRS,n,2,301.5,2.68,D,0
16.29222,78.80405,332.07,0.35,0.57,2023-03-14,837,N,VIIRS,n,2,301.09,4.71,D,0
28.4981,80.1124,342.97,0.44,0.62,2023-12-27,659,N,VIIRS,n,2,292.76,6.32,D,0
29.9088,74.94905,296.48,0.44,0.39,2023-11-20,2058,N,VIIRS,n,2,286.27,0.8,N,2
26.75878,83.19958,311.03,0.46,0.39,2023-11-18,1956,N,VIIRS,n,2,293.11,1.99,N,2
18.31537,80.12177,330.17,0.56,0.43,2023-03-12,735,N,VIIRS,l,2,304.63,3.31,D,0
24.17107,77.64339,345.45,0.46,0.47,2023-06-08,827,N,VIIRS,n,2,315.13,20.75,D,0
27.12967,84.25343,331.01,0.42,0.45,2023-03-11,756,N,VIIRS,l,2,302.46,2.04,D,0
31.71506,74.96548,349.47,0.43,0.38,2023-05-13,817,N,VIIRS,n,2,310.61,12.1,D,0
17.7095,82.19305,339.54,0.56,0.51,2023-03-13,716,N,VIIRS,n,2,307.34,5.21,D,0
25.77204,88.04911,329.82,0.32,0.55,2023-11-26,639,N,VIIRS,n,2,300.43,1.42,D,0
29.81925,75.57153,351.8,0.4,0.37,2023-02-07,757,N,VIIRS,n,2,298.76,5.01,D,0
30.0235,75.05525,341.44,0.47,0.39,2023-11-17,750,N,VIIRS,n,2,300.12,9.71,D,0
33.16315,76.33186,338.14,0.61,0.53,2023-12-10,719,N,VIIRS,n,2,286.65,16.19,D,0
25.50834,91.59746,367.0,0.46,0.63,2023-04-07,750,N,VIIRS,h,2,303.61,15.95,D,0
25.18423,83.93844,339.88,0.48,0.4,2023-12-03,748,N,VIIRS,n,2,299.08,4.12,D,0
31.38618,75.78692,344.65,0.59,0.53,2023-05-21,726,N,VIIRS,n,2,314.15,11.02,D,0
20.61073,84.31983,326.73,0.43,0.38,2023-04-19,1953,N,VIIRS,n,2,298.49,3.94,N,0
17.27647,73.92334,343.57,0.44,0.39,2023-02-21,831,N,VIIRS,l,2,317.96,7.81,D,0
15.14751,76.70977,301.9,0.42,0.38,2023-11-16,2037,N,VIIRS,n,2,291.08,0.47,N,2
13.5472,77.38398,340.98,0.39,0.36,2023-02-17,805,N,VIIRS,l,2,312.53,4.82,D,0
21.78093,84.36048,338.63,0.46,0.39,2023-04-07,749,N,VIIRS,l,2,311.61,3.08,D,0
22.21163,84.23758,339.31,0.45,0.39,2023-05-21,723,N,VIIRS,l,2,313.89,2.93,D,0
21.79431,83.99052,303.81,0.4,0.37,2023-02-03,1958,N,VIIRS,n,2,288.04,1.09,N,2
22.99113,77.63131,332.02,0.4,0.37,2023-11-16,807,N,VIIRS,n,2,302.25,1.58,D,0
19.26464,80.72564,340.68,0.39,0.36,2023-05-14,754,N,VIIRS,l,2,310.74,3.43,D,0
29.73845,75.59447,338.72,0.5,0.66,2023-05-11,713,N,VIIRS,l,2,313.28,5.13,D,0
24.29819,92.4247,340.37,0.63,0.54,2023-04-13,737,N,VIIRS,n,2,298.79,6.25,D,0
13.80737,79.23588,334.52,0.44,0.46,2023-04-19,1955,N,VIIRS,n,2,295.61,2.45,N,0
29.89705,76.06274,342.1,0.46,0.39,2023-05-13,816,N,VIIRS,l,2,315.5,2.15,D,0
19.51352,72.92822,348.9,0.32,0.55,2023-02-25,857,N,VIIRS,n,2,311.46,3.0,D,0
24.96201,93.51547,331.24,0.39,0.36,2023-02-21,652,N,VIIRS,n,2,292.88,4.23,D,0
23.56089,87.23937,323.52,0.41,0.37,2023-02-09,1945,N,VIIRS,n,2,287.82,1.73,N,2
30.16477,76.73115,336.89,0.42,0.38,2023-05-08,810,N,VIIRS,n,2,306.88,3.26,D,0
24.19584,82.6547,343.45,0.61,0.53,2023-04-11,815,N,VIIRS,n,2,312.91,6.04,D,0
26.61973,81.4743,341.97,0.44,0.46,2023-04-06,809,N,VIIRS,n,2,307.55,3.24,D,0
28.35186,73.3963,357.08,0.43,0.38,2023-10-26,802,N,VIIRS,l,2,310.55,5.33,D,0
29.28322,76.56259,334.11,0.48,0.4,2023-11-12,743,N,VIIRS,n,2,301.47,3.49,D,0
22.4868,85.48707,345.4,0.46,0.39,2023-03-13,717,N,VIIRS,n,2,308.76,4.06,D,0
21.67931,84.04019,314.36,0.45,0.47,2023-01-11,2029,N,VIIRS,n,2,290.04,1.2,N,2
17.7728,80.09289,352.3,0.53,0.42,2023-03-10,813,N,VIIRS,n,2,310.3,10.05,D,0
14.02313,75.56071,339.2,0.42,0.38,2023-03-04,824,N,VIIRS,l,2,311.2,3.45,D,0
20.96563,85.17333,319.16,0.4,0.37,2023-02-24,2004,N,VIIRS,n,2,296.93,3.15,N,2
27.29369,82.69012,349.57,0.33,0.55,2023-04-11,816,N,VIIRS,n,2,314.99,4.09,D,0
20.51091,80.08748,347.2,0.44,0.38,2023-04-02,742,N,VIIRS,n,2,311.08,6.96,D,0
25.77561,93.80676,302.53,0.42,0.38,2023-03-09,1919,N,VIIRS,n,2,287.03,0.44,N,0
25.4654,93.32405,340.36,0.59,0.53,2023-04-08,731,N,VIIRS,n,2,301.3,21.61,D,0
30.1786,76.0089,346.83,0.42,0.61,2023-05-06,848,N,VIIRS,n,2,301.13,6.51,D,0
17.62209,83.19418,306.29,0.38,0.36,2023-10-22,2004,N,VIIRS,n,2,290.91,0.94,N,0
9.21968,78.04733,344.37,0.41,0.37,2023-03-31,817,N,VIIRS,l,2,316.93,9.16,D,0
25.84198,78.00719,343.92,0.46,0.47,2023-05-10,731,N,VIIRS,l,2,317.98,11.8,D,0
19.20549,76.15346,315.27,0.5,0.49,2023-02-21,2102,N,VIIRS,n,2,287.22,1.25,N,0
29.90744,74.9465,311.57,0.52,0.42,2023-07-06,2027,N,VIIRS,n,2,289.25,12.1,N,2
24.65526,87.51207,331.65,0.62,0.54,2023-02-23,755,N,VIIRS,l,2,302.19,3.73,D,0
32.766,76.25884,336.88,0.57,0.69,2023-12-21,853,N,VIIRS,n,2,294.31,12.89,D,0
15.28966,76.05164,341.96,0.6,0.53,2023-01-12,740,N,VIIRS,n,2,311.17,7.87,D,0
21.98082,81.93764,339.52,0.39,0.36,2023-03-06,748,N,VIIRS,l,2,312.4,2.57,D,0
22.3307,79.59565,340.85,0.56,0.43,2023-04-27,814,N,VIIRS,l,2,312.41,9.3,D,0
30.20767,74.57279,335.59,0.41,0.37,2023-11-05,815,N,VIIRS,n,2,305.83,13.11,D,0
27.59408,96.29534,337.53,0.42,0.37,2023-04-11,635,N,VIIRS,n,2,293.31,2.92,D,0
22.80004,86.09205,306.0,0.7,0.75,2023-10-30,2053,N,VIIRS,n,2,289.89,2.04,N,2
21.20152,83.19243,347.85,0.39,0.36,2023-03-12,736,N,VIIRS,n,2,311.38,6.27,D,0
30.44368,75.2615,347.02,0.33,0.55,2023-05-05,726,N,VIIRS,n,2,306.27,4.26,D,0
14.2709,80.1319,319.93,0.43,0.46,2023-04-22,2039,N,VIIRS,n,2,293.08,4.7,N,0
23.79529,86.34959,315.57,0.46,0.39,2023-01-12,2010,N,VIIRS,n,2,292.52,4.45,N,2
23.10513,76.82414,343.06,0.39,0.36,2023-05-08,808,N,VIIRS,l,2,313.95,10.88,D,0
21.54729,82.15678,340.66,0.6,0.53,2023-12-21,709,N,VIIRS,n,2,297.7,5.92,D,0
21.68266,84.13794,339.85,0.54,0.42,2023-04-12,755,N,VIIRS,l,2,314.59,7.04,D,0
27.40476,82.65633,331.96,0.54,0.51,2023-05-06,706,N,VIIRS,l,2,305.86,3.43,D,0
26.09117,93.62169,345.04,0.57,0.43,2023-04-11,634,N,VIIRS,n,2,306.39,51.58,D,0
22.60243,75.38243,350.34,0.48,0.4,2023-04-12,756,N,VIIRS,n,2,314.34,8.62,D,0
25.8549,92.33208,352.07,0.45,0.47,2023-04-11,634,N,VIIRS,n,2,311.2,31.9,D,0
25.59303,76.72991,333.02,0.38,0.36,2023-10-26,801,N,VIIRS,n,2,304.11,1.63,D,0
22.17439,82.42494,334.15,0.4,0.37,2023-02-02,748,N,VIIRS,l,2,307.44,3.48,D,0
23.18114,72.02418,304.64,0.42,0.45,2023-03-16,2030,N,VIIRS,n,2,291.31,0.73,N,0
29.87272,75.86988,341.08,0.41,0.45,2023-11-07,737,N,VIIRS,n,2,300.47,3.91,D,0
24.21943,93.49039,298.5,0.6,0.71,2023-03-11,2022,N,VIIRS,n,2,285.48,1.1,N,0
23.62841,79.16346,334.67,0.46,0.47,2023-10-25,819,N,VIIRS,n,2,308.81,3.55,D,0
22.78427,86.07417,331.73,0.64,0.54,2023-02-05,652,N,VIIRS,n,2,304.36,3.34,D,0
31.10239,76.01837,355.23,0.36,0.57,2023-05-16,720,N,VIIRS,n,2,317.74,18.91,D,0
25.7835,92.31647,332.06,0.52,0.5,2023-04-08,731,N,VIIRS,n,2,291.96,9.01,D,0
19.46917,73.92552,338.34,0.41,0.37,2023-03-20,826,N,VIIRS,n,2,308.63,3.04,D,0
9.07346,77.84457,342.24,0.39,0.44,2023-08-16,829,N,VIIRS,l,2,313.06,7.06,D,0
13.51675,78.53221,338.51,0.4,0.37,2023-02-12,759,N,VIIRS,l,2,313.11,5.95,D,0
17.94955,74.87241,333.32,0.4,0.44,2023-11-22,753,N,VIIRS,n,2,301.09,1.72,D,0
22.06918,76.71705,302.3,0.52,0.5,2023-03-28,2005,N,VIIRS,n,2,289.12,0.94,N,0
21.93833,82.47382,335.25,0.4,0.37,2023-01-07,735,N,VIIRS,n,2,302.65,1.92,D,0
19.82786,75.23339,335.43,0.44,0.63,2023-02-19,729,N,VIIRS,l,2,309.13,9.6,D,0
30.21445,76.51254,351.56,0.47,0.4,2023-10-27,744,N,VIIRS,n,2,305.52,7.05,D,0
24.86095,94.59805,308.25,0.44,0.38,2023-05-07,1913,N,VIIRS,n,2,293.89,0.73,N,0
23.03785,77.66732,333.67,0.4,0.37,2023-11-22,754,N,VIIRS,l,2,304.3,3.02,D,0
19.50552,84.77096,334.66,0.4,0.37,2023-11-28,740,N,VIIRS,n,2,302.39,3.09,D,0
31.7217,74.64334,332.9,0.42,0.38,2023-11-21,815,N,VIIRS,n,2,297.99,3.16,D,0
30.08906,76.83333,331.01,0.38,0.36,2023-12-24,756,N,VIIRS,n,2,296.09,2.41,D,0
19.82018,82.37002,336.62,0.52,0.67,2023-02-05,832,N,VIIRS,n,2,305.08,4.3,D,0
23.14148,77.63195,332.84,0.45,0.63,2023-05-06,846,N,VIIRS,n,2,301.35,4.47,D,0
21.40284,85.4427,335.05,0.47,0.4,2023-03-13,717,N,VIIRS,n,2,307.46,3.31,D,0
21.0683,84.27284,332.42,0.45,0.39,2023-02-02,748,N,VIIRS,l,2,305.84,3.38,D,0
21.76694,83.63956,342.66,0.38,0.58,2023-01-09,658,N,VIIRS,n,2,300.94,8.2,D,0
23.43058,68.71072,305.02,0.56,0.52,2023-02-03,2139,N,VIIRS,n,2,287.78,1.62,N,2
30.0016,74.64642,344.72,0.35,0.57,2023-11-14,846,N,VIIRS,n,2,302.26,3.74,D,0
30.7485,74.6962,330.93,0.56,0.51,2023-11-18,731,N,VIIRS,n,2,302.53,2.76,D,0
28.59763,78.86438,329.0,0.41,0.45,2023-12-23,814,N,VIIRS,n,2,293.54,2.38,D,0
18.35972,79.50739,335.2,0.32,0.55,2023-05-28,831,N,VIIRS,n,2,303.84,2.43,D,0
15.40856,74.8168,333.62,0.38,0.59,2023-02-25,856,N,VIIRS,l,2,307.45,1.29,D,0
25.49341,91.02346,346.91,0.53,0.5,2023-03-12,737,N,VIIRS,n,2,302.66,21.22,D,0
16.17606,80.60947,339.78,0.45,0.47,2023-06-03,818,N,VIIRS,l,2,310.27,6.96,D,0
22.4798,80.03967,332.87,0.39,0.59,2023-04-25,712,N,VIIRS,n,2,295.9,2.35,D,0
31.8087,75.36243,340.76,0.45,0.39,2023-05-13,817,N,VIIRS,l,2,313.73,6.43,D,0
26.34884,81.56294,332.41,0.4,0.37,2023-11-23,736,N,VIIRS,n,2,300.87,3.23,D,0
15.17796,76.66147,303.14,0.32,0.55,2023-07-31,2103,N,VIIRS,n,2,284.64,0.97,N,2
23.58592,78.02374,337.14,0.5,0.41,2023-05-04,743,N,VIIRS,l,2,308.91,4.55,D,0
31.47972,75.42479,340.14,0.4,0.37,2023-05-14,758,N,VIIRS,l,2,315.02,7.07,D,0
22.04404,83.7384,300.02,0.38,0.36,2023-12-09,2003,N,VIIRS,n,2,288.77,1.49,N,2
27.65288,82.69656,348.13,0.45,0.39,2023-04-19,725,N,VIIRS,n,2,313.29,7.17,D,0
21.29517,83.61567,347.72,0.4,0.6,2023-06-03,820,N,VIIRS,n,2,300.18,5.73,D,0
12.72362,79.50179,335.87,0.36,0.57,2023-08-21,836,N,VIIRS,n,2,293.04,2.46,D,0
29.34975,73.50756,337.6,0.42,0.37,2023-10-26,802,N,VIIRS,n,2,304.13,2.19,D,0
21.81946,82.74114,356.69,0.4,0.37,2023-05-25,748,N,VIIRS,n,2,313.19,8.09,D,0
23.82738,81.98139,337.0,0.45,0.47,2023-06-01,717,N,VIIRS,l,2,308.46,2.39,D,0
17.08077,78.09378,308.08,0.37,0.58,2023-03-29,1948,N,VIIRS,n,2,290.78,0.78,N,0
18.69163,73.0416,335.65,0.39,0.36,2023-04-16,2050,N,VIIRS,n,2,299.02,4.28,N,2
15.74533,78.72636,303.58,0.42,0.38,2023-03-01,2012,N,VIIRS,n,2,292.64,0.54,N,0
23.78381,86.2112,330.4,0.5,0.41,2023-09-09,742,N,VIIRS,n,2,291.18,3.31,D,2
23.71531,86.44514,306.01,0.39,0.36,2023-10-28,1950,N,VIIRS,n,2,293.32,1.07,N,2
24.57715,93.86972,335.58,0.43,0.38,2023-01-14,704,N,VIIRS,n,2,295.43,5.85,D,0
17.70268,82.05977,331.89,0.4,0.37,2023-03-11,754,N,VIIRS,l,2,306.7,1.72,D,0
23.76799,86.39098,305.25,0.42,0.45,2023-09-11,1932,N,VIIRS,n,2,285.3,1.21,N,2
22.83699,75.31113,305.01,0.42,0.37,2023-04-16,2049,N,VIIRS,n,2,289.12,0.41,N,0
30.538,74.10313,367.0,0.33,0.55,2023-11-14,847,N,VIIRS,h,2,300.74,5.23,D,0
13.18827,78.66975,349.33,0.45,0.39,2023-02-23,752,N,VIIRS,n,2,317.45,8.29,D,0
22.38581,75.89636,326.58,0.39,0.37,2023-05-13,2043,N,VIIRS,n,2,301.98,2.39,N,0
22.78295,81.22719,304.24,0.4,0.37,2023-05-14,2023,N,VIIRS,n,2,292.82,1.08,N,0
21.62883,82.11185,305.86,0.34,0.56,2023-05-18,2049,N,VIIRS,n,2,293.73,2.47,N,0
21.00258,82.01731,355.55,0.63,0.54,2023-05-27,710,N,VIIRS,n,2,306.09,19.09,D,0
25.48569,84.04146,333.47,0.49,0.4,2023-04-19,1951,N,VIIRS,n,2,296.48,5.37,N,0
19.42866,82.95088,333.39,0.44,0.39,2023-05-14,754,N,VIIRS,l,2,305.63,1.16,D,0
24.71269,76.74444,337.33,0.44,0.63,2023-10-07,717,N,VIIRS,n,2,305.79,1.18,D,0
27.42893,83.58395,349.75,0.42,0.38,2023-04-18,744,N,VIIRS,n,2,319.52,5.16,D,0
23.76204,86.39468,307.56,0.39,0.36,2023-01-13,1951,N,VIIRS,n,2,291.42,1.26,N,2
22.26502,75.13177,312.78,0.38,0.43,2023-05-12,2101,N,VIIRS,n,2,300.17,1.81,N,2
22.74387,76.4183,334.72,0.47,0.48,2023-04-10,833,N,VIIRS,l,2,309.51,2.85,D,0
25.26534,92.2973,337.71,0.63,0.72,2023-04-12,756,N,VIIRS,n,2,298.85,5.98,D,0
21.80463,82.97521,367.0,0.38,0.58,2023-02-11,820,N,VIIRS,h,2,307.27,6.35,D,0
22.79713,86.09046,322.29,0.44,0.38,2023-09-05,1945,N,VIIRS,n,2,283.79,2.29,N,2
23.5607,87.23042,328.55,0.39,0.36,2023-05-05,1952,N,VIIRS,n,2,294.46,3.38,N,2
22.35837,87.28874,306.26,0.35,0.56,2023-10-10,2028,N,VIIRS,n,2,295.4,1.43,N,2
23.89333,82.18793,321.17,0.39,0.36,2023-05-09,2017,N,VIIRS,n,2,297.05,2.45,N,0
22.47685,85.34367,311.91,0.39,0.36,2023-03-07,1958,N,VIIRS,n,2,282.49,1.58,N,0
30.40462,76.04699,330.14,0.55,0.68,2023-10-29,706,N,VIIRS,n,2,295.18,4.12,D,0
19.27991,78.63797,314.71,0.4,0.37,2023-05-19,2031,N,VIIRS,n,2,297.65,5.72,N,0
19.85255,85.10289,310.47,0.46,0.64,2023-03-04,1915,N,VIIRS,n,2,294.7,2.77,N,0
22.50963,93.08345,351.82,0.39,0.36,2023-03-14,658,N,VIIRS,n,2,295.52,71.83,D,0
31.57685,74.93188,348.32,0.49,0.48,2023-05-12,836,N,VIIRS,n,2,313.93,8.46,D,0
23.76788,86.39385,309.77,0.36,0.58,2023-08-28,2035,N,VIIRS,n,2,290.94,3.18,N,2
12.07361,76.62951,351.34,0.4,0.6,2023-03-28,734,N,VIIRS,n,2,308.04,7.25,D,0
21.76733,84.01942,311.94,0.45,0.63,2023-05-12,1921,N,VIIRS,n,2,290.58,1.55,N,2
22.08041,70.76016,333.55,0.64,0.72,2023-03-17,923,N,VIIRS,n,2,300.16,6.69,D,0
27.33638,94.48646,331.31,0.39,0.36,2023-03-04,646,N,VIIRS,n,2,300.28,1.88,D,0
26.44068,84.58169,330.42,0.45,0.39,2023-02-13,743,N,VIIRS,n,2,297.04,2.16,D,0
23.94091,78.12614,299.75,0.54,0.51,2023-04-10,2101,N,VIIRS,n,2,286.7,1.5,N,0
29.90177,75.83932,348.03,0.41,0.61,2023-10-29,846,N,VIIRS,n,2,298.65,8.02,D,0
29.90885,74.94996,306.69,0.39,0.59,2023-10-12,2129,N,VIIRS,n,2,291.92,0.96,N,2
24.92327,93.19254,331.69,0.42,0.45,2023-04-11,634,N,VIIRS,n,2,302.88,2.57,D,0
30.30532,76.00026,367.0,0.49,0.48,2023-05-10,732,N,VIIRS,h,2,321.29,21.69,D,0
21.76659,84.01978,320.75,0.45,0.39,2023-07-24,1952,N,VIIRS,n,2,294.64,3.05,N,2
22.49779,80.05436,340.62,0.5,0.49,2023-05-18,820,N,VIIRS,n,2,309.67,6.05,D,0
26.1293,93.36366,307.65,0.44,0.38,2023-04-10,1920,N,VIIRS,n,2,290.61,1.44,N,0
22.13068,85.56641,301.26,0.46,0.39,2023-02-25,1945,N,VIIRS,n,2,291.25,0.98,N,0
18.04893,80.54904,345.45,0.47,0.47,2023-06-03,819,N,VIIRS,n,2,313.58,14.32,D,0
19.0201,80.45278,331.4,0.48,0.48,2023-04-16,820,N,VIIRS,l,2,306.03,0.73,D,0
21.89111,84.65738,309.26,0.39,0.44,2023-02-23,2023,N,VIIRS,n,2,294.09,0.81,N,0
23.68458,86.3895,306.69,0.55,0.68,2023-02-27,2047,N,VIIRS,n,2,288.15,4.09,N,2
23.65678,85.50587,303.54,0.43,0.38,2023-03-01,2010,N,VIIRS,n,2,288.57,0.61,N,2
22.12383,82.09914,344.51,0.39,0.36,2023-02-02,748,N,VIIRS,n,2,311.8,6.4,D,0
25.13444,76.4849,302.02,0.72,0.76,2023-05-11,1939,N,VIIRS,n,2,291.46,0.86,N,0
23.70816,85.29619,297.84,0.49,0.4,2023-02-02,2016,N,VIIRS,n,2,284.84,0.55,N,0
27.34966,84.39171,338.13,0.38,0.36,2023-04-08,732,N,VIIRS,n,2,305.25,3.5,D,0
21.13986,72.93095,338.19,0.54,0.51,2023-03-08,851,N,VIIRS,n,2,309.66,3.47,D,0
26.68789,83.05682,332.66,0.38,0.36,2023-11-23,736,N,VIIRS,n,2,299.21,3.84,D,0
16.33827,73.56783,367.0,0.53,0.67,2023-05-15,735,N,VIIRS,h,2,302.35,15.96,D,0
31.67976,74.9315,337.65,0.39,0.36,2023-05-08,810,N,VIIRS,l,2,308.79,2.34,D,0
22.18651,82.62965,342.57,0.54,0.51,2023-02-20,711,N,VIIRS,n,2,308.82,10.07,D,0
26.12723,79.24736,346.04,0.39,0.36,2023-05-14,756,N,VIIRS,l,2,319.57,2.89,D,0
20.96325,85.16609,323.8,0.43,0.46,2023-10-05,2022,N,VIIRS,n,2,292.29,3.75,N,2
20.88426,81.93877,334.94,0.5,0.41,2023-12-20,728,N,VIIRS,n,2,299.96,10.02,D,0
23.80731,93.3098,354.32,0.38,0.36,2023-03-14,658,N,VIIRS,n,2,302.31,36.41,D,0
21.68219,84.59753,306.24,0.39,0.36,2023-03-12,2005,N,VIIRS,n,2,294.05,1.13,N,0
20.54916,84.60276,306.36,0.49,0.4,2023-03-13,1946,N,VIIRS,n,2,290.69,1.48,N,0
29.86802,76.21852,331.86,0.41,0.37,2023-10-31,809,N,VIIRS,l,2,301.92,2.56,D,0
26.41975,78.24329,346.9,0.53,0.5,2023-05-07,828,N,VIIRS,n,2,314.06,16.22,D,0
22.89173,86.15475,333.55,0.42,0.37,2023-03-12,736,N,VIIRS,l,2,305.65,2.72,D,0
30.42421,75.40755,338.69,0.32,0.55,2023-05-05,726,N,VIIRS,n,2,304.25,3.05,D,0
25.3566,94.39404,334.1,0.43,0.62,2023-04-13,737,N,VIIRS,n,2,303.97,5.83,D,0
26.07351,92.38928,330.42,0.53,0.5,2023-04-08,731,N,VIIRS,n,2,296.76,6.24,D,0
21.02435,75.99193,355.98,0.41,0.37,2023-10-26,800,N,VIIRS,n,2,308.26,6.39,D,0
22.36079,79.80833,330.63,0.63,0.72,2023-11-09,657,N,VIIRS,n,2,298.72,1.98,D,0
23.21796,87.40896,337.73,0.38,0.36,2023-03-02,723,N,VIIRS,l,2,309.54,3.2,D,0
21.43904,80.64581,333.86,0.34,0.56,2023-01-15,826,N,VIIRS,n,2,295.25,3.68,D,0
23.26556,69.26063,336.3,0.55,0.43,2023-03-26,815,N,VIIRS,l,2,310.6,3.12,D,0
29.45606,76.86552,307.33,0.4,0.44,2023-02-18,2015,N,VIIRS,n,2,289.14,0.87,N,2
14.37856,78.98119,342.28,0.7,0.75,2023-03-13,856,N,VIIRS,n,2,303.55,5.53,D,0
30.52609,74.21217,338.95,0.41,0.45,2023-05-04,745,N,VIIRS,n,2,307.63,3.83,D,0
21.59149,86.4245,305.32,0.43,0.38,2023-03-12,2005,N,VIIRS,n,2,293.1,1.14,N,0
20.99128,81.41467,329.87,0.41,0.37,2023-12-24,753,N,VIIRS,l,2,300.79,4.21,D,0
20.74786,81.72103,336.54,0.48,0.4,2023-12-29,759,N,VIIRS,n,2,296.75,3.73,D,0
25.15687,94.4944,300.0,0.4,0.37,2023-04-10,1920,N,VIIRS,n,2,286.36,0.57,N,0
23.88133,92.9398,302.48,0.52,0.67,2023-03-11,1842,N,VIIRS,n,2,288.65,1.13,N,0
16.30328,80.09885,331.2,0.32,0.55,2023-04-19,722,N,VIIRS,l,2,305.5,2.87,D,0
24.25043,93.6487,339.63,0.62,0.54,2023-01-11,620,N,VIIRS,n,2,296.89,14.61,D,0
18.40273,79.62396,343.25,0.5,0.49,2023-06-11,728,N,VIIRS,n,2,298.24,4.19,D,0
22.87588,92.51007,347.02,0.48,0.4,2023-03-13,717,N,VIIRS,n,2,312.93,27.47,D,0
21.92061,83.35417,309.68,0.4,0.6,2023-10-25,2047,N,VIIRS,n,2,293.74,2.34,N,2
15.58225,78.80556,330.86,0.44,0.62,2023-03-03,843,N,VIIRS,l,2,303.28,3.18,D,0
15.28196,78.17147,338.18,0.38,0.36,2023-03-05,805,N,VIIRS,l,2,311.84,2.53,D,0
13.69665,76.468,333.88,0.59,0.52,2023-01-14,843,N,VIIRS,n,2,293.69,8.01,D,0
22.88219,84.92417,349.26,0.43,0.38,2023-04-18,743,N,VIIRS,n,2,315.56,7.36,D,0
24.17095,82.55858,297.86,0.39,0.36,2023-01-17,2016,N,VIIRS,n,2,283.49,1.12,N,2
12.88612,76.75562,343.94,0.59,0.53,2023-02-13,740,N,VIIRS,n,2,309.66,7.0,D,0
22.65142,82.44794,340.47,0.38,0.36,2023-04-18,743,N,VIIRS,l,2,313.78,6.15,D,0
26.07763,93.47368,354.7,0.39,0.44,2023-03-13,718,N,VIIRS,n,2,305.29,15.65,D,0
32.00978,77.03222,298.47,0.53,0.42,2023-03-11,2021,N,VIIRS,n,2,278.72,1.74,N,0
30.79951,74.53806,330.57,0.35,0.56,2023-05-06,848,N,VIIRS,l,2,302.24,2.04,D,0
16.60158,76.82714,332.42,0.39,0.36,2023-01-21,812,N,VIIRS,n,2,305.75,1.64,D,0
29.75727,79.7173,298.59,0.33,0.55,2023-03-02,1950,N,VIIRS,n,2,284.18,0.71,N,0
24.73751,85.90879,332.21,0.42,0.38,2023-03-29,718,N,VIIRS,l,2,306.18,2.59,D,0
13.82386,76.27406,305.29,0.39,0.36,2023-01-27,2032,N,VIIRS,n,2,290.63,0.73,N,0
29.66212,79.49817,337.07,0.42,0.38,2023-01-23,738,N,VIIRS,n,2,289.46,3.27,D,0
10.25996,77.41705,340.87,0.38,0.36,2023-02-22,810,N,VIIRS,n,2,303.6,7.32,D,0
24.67293,80.23572,346.06,0.38,0.36,2023-06-10,749,N,VIIRS,n,2,312.86,11.94,D,0
21.46712,85.53574,309.01,0.4,0.37,2023-04-19,1953,N,VIIRS,n,2,296.08,1.94,N,0
21.1342,81.31953,336.97,0.4,0.37,2023-12-14,741,N,VIIRS,n,2,301.07,3.65,D,0
21.43406,81.15966,333.21,0.38,0.36,2023-12-19,747,N,VIIRS,n,2,303.03,2.25,D,0
23.75842,86.39662,305.67,0.44,0.38,2023-12-26,1944,N,VIIRS,n,2,291.24,2.11,N,2
23.05321,72.07636,348.44,0.48,0.4,2023-04-06,809,N,VIIRS,l,2,319.24,9.46,D,0
22.3904,76.42232,350.45,0.47,0.39,2023-04-16,821,N,VIIRS,n,2,316.7,16.2,D,0
19.78139,84.25591,305.33,0.42,0.38,2023-03-01,2011,N,VIIRS,n,2,293.94,1.45,N,0
23.78056,86.2072,344.84,0.39,0.36,2023-04-03,724,N,VIIRS,n,2,314.44,8.52,D,2
23.77673,86.38487,303.57,0.69,0.74,2023-05-23,2054,N,VIIRS,n,2,287.13,3.02,N,2
14.56024,77.11595,314.68,0.39,0.44,2023-02-08,2007,N,VIIRS,n,2,293.31,1.49,N,0
22.77954,83.76841,312.0,0.48,0.4,2023-05-21,1952,N,VIIRS,n,2,295.22,2.58,N,0
20.55308,84.78498,320.65,0.43,0.38,2023-04-18,2012,N,VIIRS,n,2,299.75,2.52,N,0
21.38266,81.65635,302.4,0.39,0.44,2023-12-15,1951,N,VIIRS,n,2,288.76,0.67,N,2
30.66315,75.17188,345.33,0.54,0.5,2023-05-10,732,N,VIIRS,n,2,314.49,8.25,D,0
25.20418,83.8646,320.49,0.57,0.43,2023-04-17,2029,N,VIIRS,n,2,292.88,2.51,N,0
20.58838,84.29665,312.95,0.43,0.38,2023-04-19,1953,N,VIIRS,n,2,297.27,1.71,N,0
23.44956,82.57041,337.26,0.41,0.6,2023-04-15,659,N,VIIRS,n,2,305.66,2.21,D,0
19.72974,80.76458,332.2,0.41,0.61,2023-04-10,833,N,VIIRS,l,2,302.76,2.43,D,0
21.41521,81.71825,338.35,0.51,0.49,2023-01-08,716,N,VIIRS,n,2,302.89,3.95,D,0
30.49925,77.78246,341.55,0.42,0.38,2023-10-27,744,N,VIIRS,n,2,303.17,3.75,D,0
24.05352,80.61414,305.6,0.42,0.38,2023-11-11,2028,N,VIIRS,n,2,293.13,1.08,N,2
30.42679,75.41302,350.36,0.41,0.45,2023-05-07,829,N,VIIRS,n,2,318.35,5.58,D,0
23.77671,86.3637,309.1,0.47,0.39,2023-10-27,2009,N,VIIRS,n,2,294.56,1.38,N,2
32.05231,75.70992,333.43,0.34,0.56,2023-05-17,842,N,VIIRS,l,2,308.15,1.29,D,0
21.38985,81.64832,307.43,0.42,0.37,2023-01-23,2004,N,VIIRS,n,2,292.05,1.81,N,2
29.94209,78.4418,334.03,0.41,0.37,2023-04-18,745,N,VIIRS,l,2,305.04,2.22,D,0
30.40023,73.94276,347.05,0.52,0.42,2023-05-09,751,N,VIIRS,n,2,311.49,6.56,D,0
24.25948,93.65279,338.96,0.4,0.44,2023-01-21,633,N,VIIRS,n,2,299.28,3.02,D,0
25.92676,92.65305,340.28,0.54,0.51,2023-04-08,731,N,VIIRS,n,2,298.21,7.4,D,0
30.82683,77.68393,342.08,0.54,0.68,2023-12-16,846,N,VIIRS,n,2,294.22,8.88,D,0
16.75618,73.66048,349.79,0.43,0.38,2023-03-09,831,N,VIIRS,n,2,315.04,8.11,D,0
28.28611,80.9039,336.87,0.41,0.6,2023-06-08,828,N,VIIRS,l,2,308.81,9.47,D,0
14.68885,78.23135,335.18,0.39,0.59,2023-02-15,843,N,VIIRS,l,2,310.12,1.79,D,0
26.64587,79.48348,300.9,0.57,0.52,2023-02-21,2100,N,VIIRS,n,2,288.61,0.99,N,2
21.5911,86.12258,339.22,0.37,0.58,2023-03-05,807,N,VIIRS,n,2,307.67,2.23,D,0
14.35576,78.87964,332.27,0.33,0.56,2023-02-26,837,N,VIIRS,l,2,306.65,1.76,D,0
22.33984,85.37631,338.06,0.44,0.38,2023-04-18,743,N,VIIRS,l,2,310.68,3.19,D,0
20.98437,81.97682,342.06,0.39,0.36,2023-05-25,748,N,VIIRS,n,2,310.81,4.56,D,0
18.76022,74.29721,331.36,0.39,0.59,2023-10-07,856,N,VIIRS,n,2,300.94,4.66,D,0
17.75933,82.07935,338.82,0.4,0.37,2023-03-01,741,N,VIIRS,n,2,305.91,5.52,D,0
22.32845,82.65384,339.38,0.46,0.39,2023-05-14,2023,N,VIIRS,n,2,299.11,3.31,N,0
22.0386,83.35471,304.88,0.5,0.41,2023-10-21,2022,N,VIIRS,n,2,293.12,1.66,N,2
23.56575,82.50871,342.98,0.39,0.37,2023-05-15,736,N,VIIRS,n,2,309.61,3.28,D,0
31.15418,75.67947,341.66,0.43,0.46,2023-02-16,829,N,VIIRS,n,2,282.92,5.26,D,0
21.24496,81.98241,336.85,0.32,0.55,2023-02-11,820,N,VIIRS,l,2,307.42,3.61,D,0
19.19982,80.04799,342.59,0.45,0.47,2023-02-27,819,N,VIIRS,n,2,308.19,4.52,D,0
24.87585,86.13298,367.0,0.32,0.55,2023-04-17,802,N,VIIRS,h,2,312.17,5.64,D,0
20.06767,73.42044,335.35,0.45,0.47,2023-04-20,845,N,VIIRS,l,2,307.56,1.56,D,0
15.36039,77.48835,339.55,0.41,0.37,2023-01-27,759,N,VIIRS,l,2,310.68,5.79,D,0
30.62886,75.69278,330.52,0.5,0.41,2023-11-12,744,N,VIIRS,n,2,299.11,2.02,D,0
24.08532,92.06095,344.77,0.59,0.53,2023-04-13,737,N,VIIRS,n,2,305.82,21.11,D,0
18.27456,83.1189,334.73,0.53,0.42,2023-02-12,800,N,VIIRS,n,2,307.55,3.74,D,0
21.1291,81.07281,337.92,0.35,0.57,2023-02-16,826,N,VIIRS,l,2,312.11,3.0,D,0
20.77607,75.38634,342.91,0.38,0.43,2023-05-28,832,N,VIIRS,n,2,312.82,11.41,D,0
20.0894,77.92618,357.26,0.34,0.56,2023-02-26,838,N,VIIRS,n,2,312.2,3.57,D,0
16.19422,74.08893,343.88,0.44,0.46,2023-02-15,844,N,VIIRS,l,2,314.03,4.4,D,0
19.01057,82.17152,333.07,0.52,0.41,2023-03-07,729,N,VIIRS,n,2,299.92,3.7,D,0
26.33311,94.32352,334.82,0.54,0.42,2023-03-08,711,N,VIIRS,n,2,299.32,26.39,D,0
21.45813,83.43225,332.17,0.63,0.72,2023-02-21,832,N,VIIRS,l,2,305.62,8.39,D,0
13.03145,76.97562,346.96,0.36,0.58,2023-04-13,734,N,VIIRS,n,2,307.92,6.93,D,0
21.07846,85.04444,309.56,0.44,0.38,2023-05-20,2011,N,VIIRS,n,2,297.16,1.71,N,2
14.57851,78.86014,313.4,0.4,0.37,2023-02-23,2025,N,VIIRS,n,2,295.28,0.89,N,0
20.94406,82.05048,346.35,0.4,0.44,2023-05-24,807,N,VIIRS,n,2,308.54,8.34,D,0
21.18457,83.002,344.84,0.54,0.51,2023-02-04,710,N,VIIRS,n,2,314.81,8.11,D,0
32.48527,75.06789,338.99,0.46,0.63,2023-05-11,714,N,VIIRS,n,2,308.61,4.15,D,0
21.43934,82.03819,334.09,0.39,0.36,2023-12-19,747,N,VIIRS,n,2,299.72,2.08,D,0
19.84221,83.55214,331.77,0.39,0.36,2023-05-20,742,N,VIIRS,l,2,303.2,1.53,D,0
25.61601,94.81473,301.76,0.32,0.55,2023-04-17,1848,N,VIIRS,n,2,283.01,0.83,N,0
17.99572,73.28672,313.38,0.38,0.59,2023-12-09,2005,N,VIIRS,n,2,290.61,1.25,N,0
30.63405,75.50631,341.56,0.42,0.45,2023-11-15,828,N,VIIRS,n,2,302.09,4.86,D,0
15.32526,79.24586,331.88,0.38,0.36,2023-03-16,759,N,VIIRS,l,2,302.36,1.05,D,0
22.10228,83.11895,309.54,0.51,0.49,2023-03-24,1940,N,VIIRS,n,2,292.01,2.52,N,0
23.72889,92.32494,343.27,0.39,0.36,2023-03-14,658,N,VIIRS,n,2,301.78,4.78,D,0
27.91661,94.75663,339.75,0.43,0.38,2023-04-15,700,N,VIIRS,n,2,273.92,7.33,D,0
18.41309,81.46175,342.17,0.39,0.36,2023-03-06,747,N,VIIRS,n,2,307.35,2.35,D,0
23.76808,86.50439,367.0,0.41,0.61,2023-03-05,808,N,VIIRS,h,2,306.68,6.28,D,0
25.39416,87.23427,345.51,0.49,0.4,2023-06-07,705,N,VIIRS,n,2,312.51,9.53,D,0
19.97122,80.24223,346.94,0.48,0.48,2023-04-16,820,N,VIIRS,n,2,307.0,4.69,D,0
23.69477,87.12209,306.48,0.48,0.48,2023-03-30,1927,N,VIIRS,n,2,289.96,1.14,N,2
18.87718,82.83532,367.0,0.49,0.65,2023-05-17,657,N,VIIRS,h,2,299.11,8.25,D,0
32.32905,75.3625,336.8,0.48,0.48,2023-05-10,733,N,VIIRS,l,2,311.65,1.92,D,0
11.60843,77.81588,339.97,0.33,0.56,2023-03-19,843,N,VIIRS,n,2,297.06,2.88,D,0
28.15061,77.69472,335.48,0.4,0.37,2023-05-03,803,N,VIIRS,n,2,299.89,3.75,D,0
20.81417,80.42327,337.86,0.39,0.36,2023-03-11,755,N,VIIRS,n,2,310.49,3.27,D,0
23.45564,83.78508,300.29,0.39,0.44,2023-04-14,1946,N,VIIRS,n,2,278.55,0.65,N,0
22.18325,84.78979,334.0,0.41,0.45,2023-05-27,711,N,VIIRS,l,2,306.64,2.03,D,0
28.22866,77.35603,325.95,0.38,0.36,2023-12-24,755,N,VIIRS,n,2,294.38,5.16,D,0
22.8338,87.10551,334.29,0.38,0.36,2023-03-02,723,N,VIIRS,l,2,308.73,1.11,D,0
20.78819,85.26122,313.91,0.36,0.57,2023-11-04,1920,N,VIIRS,n,2,287.04,3.33,N,2
21.83311,85.49856,303.13,0.38,0.36,2023-03-07,1958,N,VIIRS,n,2,291.07,0.73,N,0
12.78297,76.30767,343.64,0.54,0.51,2023-03-03,842,N,VIIRS,n,2,311.92,4.04,D,0
25.40518,94.12833,333.74,0.46,0.39,2023-02-27,640,N,VIIRS,n,2,304.91,2.48,D,0
18.66397,75.30827,312.73,0.46,0.39,2023-04-12,2025,N,VIIRS,n,2,293.83,0.95,N,0
22.3455,69.88198,308.56,0.55,0.68,2023-11-28,2010,N,VIIRS,n,2,289.94,18.25,N,0
19.73553,82.79668,332.21,0.38,0.58,2023-06-07,704,N,VIIRS,n,2,302.12,1.14,D,0
15.98487,78.11491,335.61,0.34,0.56,2023-02-19,728,N,VIIRS,l,2,305.96,2.9,D,0
31.57151,75.45405,339.19,0.37,0.58,2023-05-16,720,N,VIIRS,n,2,306.04,2.86,D,0
24.94338,83.9099,329.33,0.46,0.64,2023-05-23,2054,N,VIIRS,n,2,289.79,3.51,N,0
25.24438,92.94839,352.82,0.38,0.36,2023-03-14,659,N,VIIRS,n,2,306.56,11.46,D,0
22.8003,87.70769,329.81,0.39,0.44,2023-01-28,742,N,VIIRS,n,2,298.16,2.54,D,0
23.76763,86.3954,310.34,0.52,0.41,2023-02-04,1939,N,VIIRS,n,2,294.15,1.9,N,2
24.40429,72.76095,344.0,0.52,0.5,2023-04-23,750,N,VIIRS,n,2,314.3,3.53,D,0
23.44931,83.8215,334.03,0.53,0.42,2023-04-14,718,N,VIIRS,l,2,308.63,3.9,D,0
22.93728,80.4267,298.82,0.62,0.54,2023-03-04,2054,N,VIIRS,n,2,288.6,1.07,N,0
21.90458,82.53263,349.13,0.4,0.37,2023-02-02,748,N,VIIRS,n,2,312.64,3.58,D,0
13.09326,75.88637,345.31,0.39,0.36,2023-03-10,811,N,VIIRS,n,2,312.56,10.1,D,0
19.91791,85.10014,311.36,0.4,0.37,2023-03-02,1952,N,VIIRS,n,2,294.72,1.88,N,0
30.61101,75.52711,350.0,0.44,0.38,2023-05-13,816,N,VIIRS,n,2,317.89,9.02,D,0
29.73171,78.85818,357.04,0.32,0.55,2023-04-25,714,N,VIIRS,n,2,298.49,5.41,D,0
29.9094,74.95718,343.7,0.59,0.7,2023-01-07,2142,N,VIIRS,n,2,279.6,37.11,N,2
13.87575,76.01683,333.48,0.5,0.49,2023-02-18,746,N,VIIRS,l,2,307.59,7.42,D,0
26.98106,72.25727,332.19,0.43,0.38,2023-10-31,808,N,VIIRS,l,2,304.98,4.82,D,0
27.90877,80.32504,296.82,0.72,0.75,2023-11-24,2123,N,VIIRS,n,2,283.71,0.82,N,0
22.37662,87.27933,315.26,0.34,0.56,2023-10-10,2028,N,VIIRS,n,2,295.44,2.48,N,2
22.10617,83.52468,320.0,0.43,0.38,2023-05-25,2017,N,VIIRS,n,2,296.68,2.47,N,0
24.85426,76.97811,343.4,0.53,0.42,2023-05-18,821,N,VIIRS,l,2,318.39,7.29,D,0
23.06069,77.62885,337.46,0.45,0.63,2023-04-20,846,N,VIIRS,n,2,303.54,4.33,D,0
22.13085,84.18885,339.88,0.55,0.43,2023-04-12,755,N,VIIRS,l,2,312.3,6.0,D,0
25.46205,93.94348,334.46,0.51,0.49,2023-03-02,724,N,VIIRS,n,2,303.16,8.0,D,0
23.76842,86.37531,305.5,0.33,0.55,2023-01-20,1920,N,VIIRS,n,2,289.14,1.37,N,0
29.11086,79.02248,354.82,0.4,0.6,2023-02-15,707,N,VIIRS,n,2,295.15,5.32,D,0
23.9491,92.06326,330.89,0.59,0.7,2023-04-12,756,N,VIIRS,n,2,300.68,6.9,D,0
23.55874,69.29198,336.5,0.35,0.57,2023-05-14,756,N,VIIRS,l,2,311.46,3.33,D,0
23.55967,87.23183,331.92,0.33,0.55,2023-04-05,646,N,VIIRS,l,2,304.23,1.2,D,2
23.40923,72.41697,313.77,0.42,0.38,2023-11-04,2100,N,VIIRS,n,2,291.31,0.95,N,0
20.96601,85.17558,318.54,0.47,0.39,2023-02-25,1946,N,VIIRS,n,2,295.83,1.32,N,2
29.34322,73.80257,332.92,0.46,0.39,2023-11-22,756,N,VIIRS,n,2,302.25,3.75,D,0
22.11024,92.95937,308.92,0.5,0.41,2023-04-30,1946,N,VIIRS,n,2,291.89,1.46,N,0
32.92431,74.65505,336.46,0.4,0.37,2023-04-12,759,N,VIIRS,n,2,307.91,2.9,D,0
30.43037,79.12222,333.55,0.54,0.42,2023-12-18,808,N,VIIRS,n,2,293.35,5.39,D,0
22.33277,82.65414,315.77,0.41,0.37,2023-11-17,2016,N,VIIRS,n,2,293.85,1.95,N,2
21.88147,84.04283,335.94,0.38,0.36,2023-03-28,736,N,VIIRS,l,2,308.08,4.58,D,0
18.53127,80.69258,337.06,0.48,0.4,2023-03-05,806,N,VIIRS,l,2,308.35,4.04,D,0
22.29698,92.60317,353.75,0.48,0.4,2023-04-30,717,N,VIIRS,n,2,302.63,10.42,D,0
22.93256,72.29452,335.13,0.37,0.58,2023-05-20,743,N,VIIRS,l,2,306.39,3.33,D,0
21.19465,79.36266,330.32,0.55,0.43,2023-11-23,735,N,VIIRS,n,2,298.77,2.54,D,0
23.68076,86.3905,305.64,0.41,0.37,2023-03-28,2004,N,VIIRS,n,2,293.58,1.21,N,2
22.88461,69.69813,336.25,0.44,0.46,2023-05-08,808,N,VIIRS,l,2,310.79,3.44,D,0
21.60813,76.71159,367.0,0.41,0.37,2023-05-13,814,N,VIIRS,l,2,325.04,1.6,D,0
31.11043,74.93281,342.55,0.44,0.46,2023-05-15,739,N,VIIRS,l,2,312.75,10.01,D,0
25.79865,90.97517,351.13,0.45,0.39,2023-03-09,653,N,VIIRS,n,2,306.92,13.79,D,0
16.25987,74.2468,337.52,0.38,0.59,2023-03-01,741,N,VIIRS,n,2,307.35,2.47,D,0
19.26415,78.59142,338.86,0.59,0.7,2023-03-08,851,N,VIIRS,n,2,299.48,4.78,D,0
18.15534,82.25783,336.13,0.61,0.53,2023-02-27,819,N,VIIRS,n,2,306.05,7.56,D,0
23.4078,76.3699,349.81,0.41,0.45,2023-04-18,743,N,VIIRS,n,2,321.49,13.92,D,0
25.30689,93.20111,337.33,0.36,0.58,2023-03-28,737,N,VIIRS,n,2,298.39,19.47,D,0
18.65179,74.23553,336.41,0.39,0.37,2023-04-27,813,N,VIIRS,l,2,306.54,2.43,D,0
30.47361,75.77792,332.09,0.5,0.41,2023-11-12,744,N,VIIRS,n,2,301.14,2.36,D,0
23.73267,76.64045,343.0,0.42,0.38,2023-04-27,815,N,VIIRS,l,2,315.89,13.14,D,0
21.53259,78.77922,342.13,0.51,0.66,2023-04-04,846,N,VIIRS,n,2,301.63,6.55,D,0
19.90787,74.05981,350.24,0.33,0.55,2023-04-18,743,N,VIIRS,n,2,305.3,4.07,D,0
20.81013,81.70108,357.02,0.39,0.36,2023-04-18,742,N,VIIRS,n,2,319.91,15.14,D,0
21.37102,81.6852,299.42,0.43,0.38,2023-11-06,2022,N,VIIRS,n,2,279.99,1.06,N,2
20.93298,73.61474,330.83,0.43,0.62,2023-05-15,736,N,VIIRS,l,2,304.39,2.29,D,0
22.45396,77.54533,337.91,0.38,0.36,2023-04-01,802,N,VIIRS,n,2,308.85,1.42,D,0
30.64477,74.54051,347.18,0.48,0.4,2023-11-17,750,N,VIIRS,n,2,303.27,7.86,D,0
14.66347,74.93088,345.31,0.56,0.43,2023-02-26,837,N,VIIRS,n,2,310.36,14.2,D,0
21.87534,87.22133,340.59,0.35,0.57,2023-12-17,644,N,VIIRS,n,2,299.83,4.91,D,0
21.32419,81.57741,295.46,0.43,0.38,2023-01-06,2023,N,VIIRS,n,2,283.79,0.36,N,0
23.38691,75.23501,356.06,0.6,0.53,2023-04-13,737,N,VIIRS,n,2,307.77,20.34,D,0
23.79644,86.35264,303.27,0.44,0.38,2023-12-26,1944,N,VIIRS,n,2,290.22,1.8,N,2
19.08825,79.54391,331.57,0.33,0.55,2023-06-13,831,N,VIIRS,n,2,295.8,0.99,D,0
19.31137,80.83227,335.31,0.52,0.66,2023-05-17,838,N,VIIRS,n,2,303.31,4.08,D,0
30.85583,76.53658,333.68,0.7,0.75,2023-05-16,900,N,VIIRS,l,2,305.42,3.68,D,0
21.14954,81.72285,335.77,0.49,0.49,2023-01-21,813,N,VIIRS,n,2,303.43,4.68,D,0
31.6542,75.44234,341.09,0.49,0.49,2023-05-10,733,N,VIIRS,n,2,314.75,5.27,D,0
17.88539,73.07721,339.38,0.42,0.38,2023-03-09,832,N,VIIRS,n,2,305.5,5.61,D,0
24.14717,82.56316,308.73,0.43,0.38,2023-05-14,2023,N,VIIRS,n,2,296.42,1.3,N,0
17.08032,74.0226,338.57,0.45,0.39,2023-03-25,832,N,VIIRS,n,2,305.89,3.15,D,0
19.24131,76.41327,337.93,0.54,0.5,2023-03-30,839,N,VIIRS,l,2,312.84,3.2,D,0
20.98308,81.90598,342.92,0.5,0.41,2023-12-20,728,N,VIIRS,n,2,300.23,6.71,D,0
22.49907,84.26471,341.25,0.46,0.39,2023-04-07,749,N,VIIRS,l,2,312.84,3.81,D,0
21.30317,83.93168,331.83,0.37,0.58,2023-01-09,658,N,VIIRS,n,2,300.82,2.19,D,0
20.91855,81.83025,349.12,0.42,0.37,2023-05-30,754,N,VIIRS,n,2,310.9,10.32,D,0
19.53638,83.54631,340.97,0.38,0.59,2023-02-27,819,N,VIIRS,n,2,306.24,3.48,D,0
28.0817,95.42716,347.11,0.32,0.54,2023-05-25,609,N,VIIRS,n,2,290.37,2.47,D,0
21.36615,75.27218,320.2,0.39,0.36,2023-03-26,2043,N,VIIRS,n,2,292.68,1.04,N,0
22.2536,76.2122,302.64,0.4,0.37,2023-02-28,2030,N,VIIRS,n,2,291.02,0.57,N,0
22.42003,85.27581,330.18,0.58,0.52,2023-04-15,659,N,VIIRS,l,2,301.79,4.07,D,0
19.35866,74.70735,331.04,0.61,0.54,2023-01-28,742,N,VIIRS,n,2,302.46,3.91,D,0
27.65036,72.00124,330.42,0.58,0.7,2023-03-28,2004,N,VIIRS,n,2,286.57,3.29,N,0
24.32658,79.53999,344.26,0.61,0.53,2023-02-09,718,N,VIIRS,n,2,304.97,5.99,D,0
15.71679,76.59442,338.08,0.44,0.38,2023-03-16,800,N,VIIRS,n,2,301.39,9.75,D,0
15.43961,74.43217,352.63,0.6,0.53,2023-03-22,747,N,VIIRS,n,2,301.97,20.0,D,0
18.01554,73.6254,304.44,0.56,0.43,2023-02-05,2102,N,VIIRS,n,2,293.87,0.79,N,0
23.45693,84.22929,307.23,0.38,0.36,2023-05-15,2004,N,VIIRS,n,2,295.22,1.34,N,0
9.55812,78.82721,334.81,0.4,0.37,2023-03-26,811,N,VIIRS,n,2,301.63,1.59,D,0
29.94883,75.08949,348.55,0.35,0.56,2023-05-05,726,N,VIIRS,n,2,302.13,3.54,D,0
30.39824,76.10187,331.5,0.41,0.37,2023-10-31,809,N,VIIRS,n,2,302.53,1.16,D,0
22.38928,86.32017,310.56,0.33,0.55,2023-02-21,1920,N,VIIRS,n,2,293.48,1.61,N,0
30.76274,75.55341,341.98,0.43,0.46,2023-11-15,828,N,VIIRS,n,2,301.1,4.7,D,0
19.16821,74.27717,334.4,0.42,0.61,2023-02-08,735,N,VIIRS,l,2,308.64,3.85,D,0
30.80446,74.91803,330.62,0.54,0.51,2023-11-18,731,N,VIIRS,n,2,304.13,2.97,D,0
17.91409,73.79716,367.0,0.36,0.57,2023-02-09,857,N,VIIRS,h,2,309.51,7.45,D,0
30.80001,76.42534,339.19,0.39,0.36,2023-05-19,804,N,VIIRS,l,2,309.86,3.29,D,0
21.68271,81.50811,337.56,0.41,0.61,2023-05-22,705,N,VIIRS,n,2,303.85,2.8,D,0
17.77823,78.08939,333.04,0.32,0.55,2023-05-26,729,N,VIIRS,l,2,305.39,2.63,D,0
22.54292,81.295,340.9,0.39,0.36,2023-05-25,749,N,VIIRS,l,2,313.57,5.28,D,0
26.95716,84.87073,330.53,0.39,0.36,2023-11-29,723,N,VIIRS,n,2,297.55,1.42,D,0
25.38187,76.30055,340.71,0.39,0.36,2023-10-15,807,N,VIIRS,n,2,309.98,4.77,D,0
30.89063,75.06106,345.66,0.5,0.66,2023-05-11,714,N,VIIRS,n,2,312.73,4.18,D,0
23.99007,79.39282,306.39,0.44,0.38,2023-04-22,2036,N,VIIRS,n,2,294.69,1.38,N,2
22.11167,82.75802,310.69,0.34,0.56,2023-02-15,1933,N,VIIRS,n,2,292.67,0.89,N,0
26.9859,83.65507,334.55,0.49,0.4,2023-12-03,749,N,VIIRS,n,2,303.14,2.6,D,0
14.38222,79.25096,355.25,0.44,0.39,2023-04-11,812,N,VIIRS,n,2,321.39,25.88,D,0
30.10398,78.05611,309.0,0.45,0.39,2023-05-14,2021,N,VIIRS,n,2,294.54,1.62,N,0
15.658,73.98853,303.12,0.32,0.55,2023-02-08,2006,N,VIIRS,n,2,292.84,0.58,N,2
23.15703,78.24902,344.24,0.42,0.38,2023-04-06,808,N,VIIRS,l,2,317.48,5.52,D,0
16.96399,76.77657,347.2,0.43,0.62,2023-03-24,850,N,VIIRS,n,2,308.25,7.77,D,0
27.09001,92.1505,333.66,0.38,0.36,2023-02-26,659,N,VIIRS,n,2,297.65,3.18,D,0
23.62947,91.79381,335.04,0.4,0.37,2023-04-09,711,N,VIIRS,n,2,304.17,2.3,D,0
27.12598,83.13268,337.91,0.38,0.36,2023-04-13,738,N,VIIRS,n,2,307.62,16.83,D,0
15.82594,73.77192,332.45,0.52,0.5,2023-05-14,754,N,VIIRS,n,2,300.19,4.96,D,0
18.97173,82.28284,335.63,0.66,0.73,2023-02-21,651,N,VIIRS,n,2,303.45,7.55,D,0
20.33374,85.57526,337.65,0.48,0.4,2023-01-08,716,N,VIIRS,n,2,304.66,4.86,D,0
21.76275,84.01985,300.01,0.54,0.42,2023-06-17,1945,N,VIIRS,n,2,271.95,0.8,N,2
22.40021,85.14682,344.02,0.42,0.45,2023-03-11,755,N,VIIRS,n,2,306.36,6.05,D,0
23.80745,86.31769,313.27,0.38,0.36,2023-03-07,1958,N,VIIRS,n,2,288.45,2.6,N,2
13.29917,75.88802,328.45,0.46,0.64,2023-02-09,1948,N,VIIRS,n,2,289.76,2.93,N,0
23.80786,78.48871,303.27,0.38,0.36,2023-04-17,2030,N,VIIRS,n,2,289.63,0.43,N,0
20.80079,83.39895,335.65,0.51,0.41,2023-02-14,723,N,VIIRS,n,2,307.78,2.55,D,0
17.87383,80.30386,328.26,0.48,0.48,2023-02-22,2043,N,VIIRS,n,2,294.13,2.57,N,0
23.74213,85.00854,336.94,0.4,0.37,2023-02-08,736,N,VIIRS,l,2,308.21,3.41,D,2
22.65356,86.37875,334.33,0.49,0.4,2023-03-24,711,N,VIIRS,n,2,301.45,2.9,D,0
18.72468,79.53634,299.66,0.33,0.56,2023-01-31,2056,N,VIIRS,n,2,272.41,0.53,N,2
18.57615,81.88419,338.94,0.38,0.36,2023-03-06,747,N,VIIRS,l,2,311.84,3.2,D,0
18.66364,80.40513,347.19,0.47,0.48,2023-04-16,820,N,VIIRS,n,2,308.01,6.6,D,0
22.49265,80.07829,331.8,0.4,0.45,2023-11-21,813,N,VIIRS,n,2,300.04,2.76,D,0
22.76811,77.8876,367.0,0.65,0.73,2023-04-04,706,N,VIIRS,h,2,299.2,22.54,D,0
18.82109,78.55685,308.05,0.46,0.39,2023-02-01,2037,N,VIIRS,n,2,291.82,0.76,N,0
19.615,78.49969,342.2,0.44,0.46,2023-02-24,735,N,VIIRS,n,2,311.27,3.46,D,0
21.75968,87.35703,329.8,0.38,0.36,2023-12-15,722,N,VIIRS,n,2,299.99,1.9,D,0
23.76863,86.39262,312.75,0.56,0.43,2023-05-09,2017,N,VIIRS,n,2,298.79,2.91,N,2
16.86457,81.97486,306.36,0.39,0.36,2023-02-24,2006,N,VIIRS,n,2,294.31,0.47,N,0
23.71423,80.62113,350.56,0.45,0.39,2023-05-19,802,N,VIIRS,n,2,320.13,22.09,D,0
21.97648,80.29362,334.43,0.32,0.54,2023-05-07,826,N,VIIRS,n,2,295.68,3.74,D,0
22.3687,87.01834,302.01,0.46,0.47,2023-11-25,1925,N,VIIRS,n,2,290.48,1.09,N,2
22.32399,82.65933,309.76,0.4,0.37,2023-01-07,2004,N,VIIRS,n,2,285.63,0.64,N,2
26.86553,82.89753,311.9,0.48,0.4,2023-04-17,2029,N,VIIRS,n,2,293.58,2.54,N,0
23.76798,86.3756,335.7,0.39,0.36,2023-07-08,723,N,VIIRS,l,2,296.64,7.23,D,2
25.85609,78.42829,331.56,0.45,0.39,2023-10-31,807,N,VIIRS,n,2,302.26,2.16,D,0
24.20504,88.71777,331.57,0.47,0.4,2023-03-23,730,N,VIIRS,n,2,305.02,2.3,D,0
21.81389,82.74196,333.48,0.46,0.39,2023-12-24,753,N,VIIRS,n,2,299.15,5.07,D,0
23.95535,92.25741,351.98,0.39,0.36,2023-04-15,659,N,VIIRS,n,2,310.42,22.84,D,0
20.96662,85.17108,305.49,0.47,0.39,2023-02-25,1946,N,VIIRS,n,2,294.83,1.32,N,2
22.4369,85.16516,343.66,0.39,0.36,2023-04-13,737,N,VIIRS,l,2,314.53,4.54,D,0
25.36815,91.35614,330.01,0.46,0.39,2023-04-14,718,N,VIIRS,l,2,304.99,1.99,D,0
15.17645,76.65714,323.27,0.43,0.38,2023-01-17,2019,N,VIIRS,n,2,296.73,2.9,N,2
30.25892,75.3383,347.78,0.5,0.49,2023-11-04,834,N,VIIRS,n,2,296.03,9.53,D,0
23.74074,92.11572,332.79,0.47,0.4,2023-04-14,718,N,VIIRS,l,2,306.09,30.97,D,0
20.87007,80.46719,333.76,0.49,0.41,2023-03-12,736,N,VIIRS,l,2,308.53,1.37,D,0
24.13886,83.33859,336.26,0.42,0.61,2023-05-18,821,N,VIIRS,n,2,302.48,2.91,D,0
21.64816,74.37508,334.8,0.52,0.41,2023-05-28,833,N,VIIRS,l,2,305.26,1.9,D,0
30.15053,74.37866,336.25,0.38,0.36,2023-11-16,809,N,VIIRS,n,2,299.51,4.93,D,0
18.10078,79.93635,342.7,0.48,0.48,2023-05-26,729,N,VIIRS,n,2,306.19,4.61,D,0
25.14164,73.57261,312.5,0.44,0.38,2023-05-12,2101,N,VIIRS,n,2,298.25,2.13,N,0
23.76522,86.39696,305.3,0.42,0.45,2023-11-30,1931,N,VIIRS,n,2,291.83,1.95,N,2
19.73846,82.58347,344.59,0.39,0.36,2023-03-06,748,N,VIIRS,n,2,310.11,4.06,D,0
26.40407,93.82921,333.18,0.38,0.36,2023-04-10,653,N,VIIRS,n,2,301.44,2.09,D,0
18.45759,83.93147,335.01,0.34,0.56,2023-03-03,703,N,VIIRS,n,2,303.82,2.17,D,0
20.78322,80.59611,334.05,0.39,0.59,2023-02-20,710,N,VIIRS,n,2,308.02,1.29,D,0
23.39906,91.63268,345.76,0.4,0.37,2023-05-11,711,N,VIIRS,n,2,304.55,19.48,D,0
21.50979,83.16615,346.48,0.39,0.36,2023-12-25,734,N,VIIRS,n,2,301.82,3.77,D,0
29.35901,78.96137,301.65,0.39,0.36,2023-03-16,2028,N,VIIRS,n,2,288.77,0.75,N,0
26.35238,94.49746,367.0,0.46,0.47,2023-03-13,718,N,VIIRS,h,2,297.15,18.07,D,0
21.41683,85.96532,342.78,0.4,0.37,2023-02-24,735,N,VIIRS,n,2,307.99,4.75,D,0
20.81127,83.75938,335.01,0.42,0.38,2023-03-23,730,N,VIIRS,n,2,301.87,2.81,D,0
24.18924,82.5753,314.19,0.37,0.58,2023-01-30,1932,N,VIIRS,n,2,283.98,1.49,N,2
25.64632,93.86575,301.01,0.39,0.36,2023-03-03,1931,N,VIIRS,n,2,287.87,1.6,N,0
21.94204,76.91504,354.78,0.39,0.6,2023-04-03,724,N,VIIRS,n,2,312.1,4.39,D,0
21.92239,83.34813,322.05,0.61,0.54,2023-10-29,1932,N,VIIRS,n,2,293.97,6.77,N,2
22.59155,75.63302,343.17,0.58,0.52,2023-03-28,737,N,VIIRS,n,2,305.56,5.45,D,0
22.08405,86.9544,338.45,0.54,0.68,2023-02-06,813,N,VIIRS,n,2,297.69,4.82,D,0
12.27417,77.70721,299.22,0.33,0.55,2023-03-04,2057,N,VIIRS,n,2,289.1,0.48,N,0
12.05319,78.88702,333.74,0.45,0.39,2023-04-28,752,N,VIIRS,l,2,302.66,3.82,D,0
23.26175,79.96771,333.93,0.48,0.48,2023-11-13,723,N,VIIRS,n,2,302.59,3.82,D,0
21.93963,80.97626,339.36,0.4,0.37,2023-04-12,755,N,VIIRS,l,2,312.71,2.54,D,0
21.21031,83.04025,367.0,0.33,0.56,2023-01-14,704,N,VIIRS,h,2,299.12,6.12,D,0
25.90092,91.98956,331.04,0.49,0.41,2023-03-29,718,N,VIIRS,n,2,300.31,3.1,D,0
18.42916,75.13224,342.59,0.55,0.51,2023-04-04,845,N,VIIRS,l,2,313.43,7.55,D,0
24.06964,93.85726,346.18,0.62,0.54,2023-02-28,620,N,VIIRS,n,2,298.02,10.58,D,0
22.11524,78.70142,340.1,0.39,0.36,2023-03-11,755,N,VIIRS,n,2,313.39,2.26,D,0
18.62556,75.81062,297.4,0.62,0.54,2023-01-09,2108,N,VIIRS,n,2,280.42,1.26,N,0
23.31254,75.59602,347.12,0.52,0.42,2023-04-21,827,N,VIIRS,l,2,318.52,10.59,D,0
21.02169,82.05521,335.04,0.42,0.38,2023-01-07,735,N,VIIRS,n,2,304.12,1.83,D,0
21.36004,83.09946,337.33,0.44,0.38,2023-12-20,728,N,VIIRS,n,2,300.51,3.81,D,0
29.88976,76.17772,334.76,0.6,0.53,2023-05-05,726,N,VIIRS,n,2,302.57,4.59,D,0
20.74638,83.33651,330.49,0.61,0.71,2023-02-21,832,N,VIIRS,l,2,304.94,5.82,D,0
21.67772,84.03741,309.58,0.55,0.51,2023-01-30,1933,N,VIIRS,n,2,289.73,3.42,N,2
16.93256,78.04158,331.3,0.42,0.45,2023-12-14,740,N,VIIRS,n,2,303.24,2.42,D,0
21.15265,85.6264,299.38,0.41,0.37,2023-04-13,2005,N,VIIRS,n,2,282.56,0.24,N,0
16.97615,79.05762,336.19,0.55,0.43,2023-02-27,818,N,VIIRS,l,2,311.15,2.74,D,0
22.11035,84.04704,346.54,0.46,0.39,2023-03-02,723,N,VIIRS,n,2,306.76,5.91,D,0
15.14846,74.70686,348.18,0.55,0.43,2023-02-26,837,N,VIIRS,n,2,309.38,9.57,D,0
20.05733,84.64747,308.53,0.48,0.4,2023-03-13,1946,N,VIIRS,n,2,293.97,1.3,N,0
18.31972,73.2309,332.83,0.4,0.6,2023-12-14,740,N,VIIRS,n,2,301.08,4.28,D,0
19.20468,78.2933,337.07,0.47,0.64,2023-05-16,717,N,VIIRS,l,2,311.34,5.24,D,0
18.13024,81.8342,333.04,0.4,0.37,2023-01-12,741,N,VIIRS,l,2,305.38,5.53,D,0
31.08442,75.70409,335.9,0.44,0.46,2023-11-15,828,N,VIIRS,n,2,299.48,3.73,D,0
27.19213,92.32603,331.84,0.45,0.39,2023-05-11,712,N,VIIRS,n,2,301.42,8.91,D,0
19.74407,78.23431,309.27,0.39,0.36,2023-03-27,2025,N,VIIRS,n,2,296.2,1.39,N,0
12.61262,75.70856,318.79,0.39,0.6,2023-02-10,2110,N,VIIRS,n,2,284.58,1.14,N,0
29.13043,78.78293,344.24,0.43,0.46,2023-11-29,724,N,VIIRS,n,2,296.75,12.14,D,0
19.57461,82.45594,336.71,0.39,0.36,2023-01-12,741,N,VIIRS,n,2,304.19,1.88,D,0
30.39084,75.09042,338.48,0.33,0.55,2023-11-13,725,N,VIIRS,n,2,297.47,9.67,D,0
17.62809,82.08699,344.52,0.4,0.37,2023-03-01,741,N,VIIRS,n,2,306.7,6.86,D,0
23.67962,82.19824,299.23,0.49,0.65,2023-03-14,1926,N,VIIRS,n,2,288.83,0.67,N,0
15.96931,75.08315,332.57,0.35,0.57,2023-02-19,2000,N,VIIRS,n,2,289.03,3.04,N,0
25.13303,84.1085,326.54,0.6,0.53,2023-12-27,658,N,VIIRS,n,2,295.7,2.38,D,0
24.42349,93.04845,367.0,0.42,0.61,2023-04-12,615,N,VIIRS,h,2,302.37,19.39,D,0
17.33492,80.92924,335.36,0.39,0.59,2023-06-13,831,N,VIIRS,n,2,290.25,2.07,D,0
19.28486,80.31976,337.21,0.44,0.39,2023-04-18,742,N,VIIRS,n,2,308.71,4.22,D,0
29.78167,75.9526,333.12,0.44,0.38,2023-11-01,750,N,VIIRS,n,2,300.48,2.9,D,0
26.7534,95.32664,333.88,0.46,0.39,2023-01-21,634,N,VIIRS,n,2,292.69,3.23,D,0
14.61902,74.71771,335.82,0.4,0.37,2023-03-04,824,N,VIIRS,l,2,307.39,3.94,D,0
21.18582,75.22746,330.16,0.39,0.36,2023-02-01,807,N,VIIRS,n,2,296.16,2.37,D,0
30.72401,75.2927,367.0,0.39,0.59,2023-11-14,847,N,VIIRS,h,2,299.99,5.93,D,0
19.77937,83.75943,342.37,0.5,0.49,2023-03-05,807,N,VIIRS,n,2,308.71,11.48,D,0
21.41663,85.55666,336.31,0.43,0.46,2023-04-12,755,N,VIIRS,l,2,308.78,2.33,D,0
30.23742,76.02027,342.14,0.39,0.36,2023-11-11,802,N,VIIRS,n,2,300.62,3.52,D,0
22.0597,83.18558,305.23,0.42,0.38,2023-03-06,2017,N,VIIRS,n,2,292.66,1.37,N,0
29.86879,80.18251,331.22,0.43,0.38,2023-02-07,757,N,VIIRS,n,2,293.59,2.68,D,0
15.17386,76.65945,308.08,0.71,0.75,2023-03-03,1935,N,VIIRS,n,2,292.57,2.63,N,2
21.97926,83.24116,307.01,0.39,0.36,2023-04-02,2011,N,VIIRS,n,2,295.56,1.17,N,2
23.80515,86.32713,303.54,0.55,0.68,2023-01-26,2047,N,VIIRS,n,2,289.47,1.6,N,2
25.89675,92.51499,344.31,0.53,0.67,2023-04-07,750,N,VIIRS,n,2,293.3,11.8,D,0
19.44138,80.97018,347.7,0.49,0.4,2023-05-15,735,N,VIIRS,n,2,308.9,9.5,D,0
21.01661,81.95752,341.35,0.5,0.41,2023-05-26,729,N,VIIRS,l,2,312.92,9.29,D,0
24.03301,81.79504,346.46,0.42,0.45,2023-06-09,808,N,VIIRS,n,2,310.1,4.77,D,0
16.19392,77.88068,343.88,0.47,0.48,2023-06-13,831,N,VIIRS,n,2,304.23,11.36,D,0
19.96652,82.39669,336.9,0.48,0.4,2023-02-03,729,N,VIIRS,n,2,308.66,4.46,D,0
29.94651,76.09014,336.95,0.46,0.39,2023-11-05,815,N,VIIRS,n,2,306.46,4.89,D,0
24.17937,82.65869,303.0,0.41,0.37,2023-02-24,2004,N,VIIRS,n,2,288.85,0.97,N,0
24.07081,92.06566,333.39,0.43,0.38,2023-04-10,653,N,VIIRS,n,2,301.6,3.28,D,0
22.65729,86.19693,346.14,0.5,0.41,2023-02-20,711,N,VIIRS,n,2,309.51,4.59,D,0
25.81292,76.69478,342.52,0.54,0.51,2023-11-04,833,N,VIIRS,n,2,301.52,32.33,D,0
24.22638,83.15366,338.67,0.39,0.36,2023-05-15,737,N,VIIRS,l,2,312.91,2.37,D,0
25.42002,76.06116,338.82,0.61,0.53,2023-10-24,839,N,VIIRS,n,2,305.17,4.93,D,0
21.72272,69.5993,352.06,0.53,0.5,2023-03-02,904,N,VIIRS,n,2,313.41,11.75,D,0
25.19884,75.95802,354.93,0.39,0.36,2023-04-22,809,N,VIIRS,n,2,322.53,20.12,D,0
20.14441,83.84459,341.0,0.63,0.54,2023-04-20,705,N,VIIRS,n,2,299.42,20.37,D,0
23.94079,83.46142,347.7,0.46,0.39,2023-04-19,724,N,VIIRS,l,2,315.14,8.03,D,0
16.30213,74.09163,334.15,0.44,0.46,2023-03-19,844,N,VIIRS,l,2,308.62,3.67,D,0
18.15748,77.0891,319.69,0.48,0.48,2023-01-31,2056,N,VIIRS,n,2,283.26,1.8,N,0
14.96142,75.82254,337.65,0.5,0.49,2023-03-22,747,N,VIIRS,n,2,301.56,4.91,D,0
24.22439,73.19188,306.98,0.41,0.6,2023-04-19,2133,N,VIIRS,n,2,294.0,1.15,N,0
23.5746,82.75273,336.69,0.42,0.37,2023-04-07,749,N,VIIRS,n,2,306.44,3.2,D,0
23.47852,84.41005,310.26,0.4,0.37,2023-04-18,2011,N,VIIRS,n,2,295.05,1.43,N,0
23.92717,77.30142,340.16,0.43,0.62,2023-03-29,718,N,VIIRS,n,2,305.34,2.69,D,0
26.45506,71.53762,339.54,0.41,0.37,2023-12-23,814,N,VIIRS,n,2,305.25,1.65,D,0
19.41888,80.21021,346.29,0.38,0.36,2023-04-12,755,N,VIIRS,n,2,311.13,3.27,D,0
17.61196,81.13988,344.9,0.39,0.36,2023-03-06,747,N,VIIRS,n,2,313.58,10.58,D,0
24.62956,85.5912,344.46,0.47,0.4,2023-04-18,743,N,VIIRS,l,2,317.91,9.36,D,0
17.42485,80.40903,304.86,0.54,0.68,2023-03-14,1928,N,VIIRS,n,2,292.72,1.91,N,0
13.54902,79.83317,335.56,0.38,0.59,2023-03-30,837,N,VIIRS,n,2,296.2,4.62,D,0
22.25296,85.3635,341.49,0.4,0.37,2023-04-13,736,N,VIIRS,l,2,315.09,4.63,D,0
20.24459,86.60184,313.99,0.47,0.64,2023-10-25,1907,N,VIIRS,n,2,290.9,3.18,N,2
30.81535,75.38576,342.47,0.5,0.49,2023-05-12,835,N,VIIRS,n,2,311.12,17.36,D,0
22.22201,84.75849,295.75,0.75,0.77,2023-02-05,2101,N,VIIRS,n,2,285.52,0.96,N,2
13.94559,78.10813,304.82,0.41,0.45,2023-02-22,2044,N,VIIRS,n,2,291.96,0.88,N,0
23.54712,77.96574,367.0,0.5,0.66,2023-04-25,712,N,VIIRS,h,2,311.71,14.39,D,0
15.81376,78.99993,345.85,0.45,0.39,2023-04-11,813,N,VIIRS,n,2,314.61,5.36,D,0
30.9605,75.26832,336.65,0.39,0.37,2023-05-08,810,N,VIIRS,l,2,310.97,2.03,D,0
18.74213,80.38539,335.05,0.56,0.43,2023-02-22,813,N,VIIRS,l,2,307.21,5.34,D,0
21.84777,86.81779,340.35,0.39,0.36,2023-01-29,723,N,VIIRS,n,2,304.96,11.83,D,0
21.1685,83.87952,332.9,0.39,0.36,2023-03-01,742,N,VIIRS,l,2,307.64,2.84,D,0
19.70947,79.96761,343.78,0.57,0.52,2023-04-05,826,N,VIIRS,n,2,306.32,17.64,D,0
21.38872,81.64876,300.19,0.43,0.38,2023-11-06,2022,N,VIIRS,n,2,278.29,0.63,N,2
29.36031,80.13671,331.74,0.55,0.43,2023-04-19,726,N,VIIRS,n,2,301.1,4.86,D,0
21.46878,86.85536,338.34,0.48,0.4,2023-02-04,710,N,VIIRS,l,2,309.45,5.86,D,0
26.31521,83.41562,338.44,0.46,0.47,2023-04-17,803,N,VIIRS,n,2,310.34,18.0,D,0
23.23038,93.27386,367.0,0.68,0.74,2023-03-01,602,N,VIIRS,h,2,299.02,10.17,D,0
22.50453,77.48841,346.87,0.4,0.37,2023-10-31,806,N,VIIRS,n,2,312.01,3.28,D,0
22.04315,83.72966,328.42,0.54,0.68,2023-11-15,825,N,VIIRS,n,2,299.91,5.21,D,0
14.0365,77.64532,367.0,0.64,0.72,2023-02-09,715,N,VIIRS,h,2,298.56,21.11,D,0
21.74793,76.57497,345.0,0.38,0.36,2023-05-24,807,N,VIIRS,l,2,316.48,15.69,D,0
21.46382,83.7214,337.28,0.39,0.36,2023-01-23,735,N,VIIRS,n,2,304.33,2.81,D,0
23.76654,86.37458,315.75,0.44,0.38,2023-01-24,1945,N,VIIRS,n,2,293.39,2.78,N,0
25.96614,92.32253,326.07,0.33,0.55,2023-01-23,736,N,VIIRS,n,2,291.44,1.69,D,0
19.33438,74.14465,337.53,0.34,0.56,2023-05-20,742,N,VIIRS,l,2,312.38,2.96,D,0
13.08837,79.80743,338.21,0.6,0.71,2023-03-08,849,N,VIIRS,n,2,300.56,4.84,D,0
31.07075,75.41849,343.95,0.41,0.45,2023-06-24,828,N,VIIRS,n,2,291.03,4.91,D,0
23.97122,92.46819,342.48,0.49,0.41,2023-04-14,718,N,VIIRS,n,2,304.2,4.72,D,0
19.96137,79.3341,307.3,0.39,0.36,2023-09-30,2017,N,VIIRS,n,2,282.32,0.71,N,2
16.57844,80.80621,303.63,0.52,0.42,2023-02-28,2031,N,VIIRS,n,2,290.91,0.76,N,0
22.55568,84.66379,305.49,0.41,0.37,2023-03-01,2010,N,VIIRS,n,2,292.37,1.06,N,0
15.90061,76.98601,345.8,0.42,0.45,2023-04-10,832,N,VIIRS,l,2,320.59,15.09,D,0
18.09521,80.21402,306.76,0.47,0.48,2023-02-22,2043,N,VIIRS,n,2,294.8,2.58,N,0
25.3602,90.6054,333.98,0.48,0.4,2023-03-09,653,N,VIIRS,n,2,301.91,4.03,D,0
21.78017,84.20073,335.0,0.44,0.46,2023-04-09,711,N,VIIRS,n,2,300.18,4.09,D,0
18.50598,77.77077,335.19,0.42,0.38,2023-11-05,812,N,VIIRS,n,2,297.56,3.69,D,0
19.83762,84.60694,339.72,0.57,0.69,2023-02-16,645,N,VIIRS,n,2,304.51,2.54,D,0
21.93503,71.95635,342.21,0.52,0.5,2023-03-27,756,N,VIIRS,l,2,315.27,7.33,D,0
22.15187,76.88911,305.98,0.5,0.49,2023-04-13,2005,N,VIIRS,n,2,275.03,1.59,N,0
29.18369,76.54539,307.33,0.4,0.37,2023-12-02,2033,N,VIIRS,n,2,285.59,0.91,N,0
25.9935,79.99304,334.92,0.4,0.37,2023-11-12,742,N,VIIRS,n,2,304.11,4.29,D,0
26.12436,81.20934,338.25,0.44,0.38,2023-11-22,755,N,VIIRS,n,2,297.9,4.52,D,0
21.87432,78.56057,351.54,0.49,0.4,2023-02-22,813,N,VIIRS,n,2,315.61,10.09,D,0
20.87958,83.80661,342.23,0.39,0.36,2023-02-13,742,N,VIIRS,n,2,312.51,3.28,D,0
22.70743,83.82677,339.23,0.4,0.37,2023-03-07,730,N,VIIRS,n,2,309.12,3.65,D,0
16.85551,81.97752,305.62,0.41,0.45,2023-10-26,2030,N,VIIRS,n,2,292.16,0.82,N,0
22.10777,79.37176,343.49,0.45,0.47,2023-11-10,819,N,VIIRS,n,2,304.96,8.54,D,0
34.06554,74.90739,326.87,0.52,0.5,2023-03-09,836,N,VIIRS,n,2,295.95,5.19,D,0
23.00413,70.09985,338.25,0.41,0.45,2023-05-24,808,N,VIIRS,l,2,309.85,2.87,D,0
23.56008,87.24178,321.93,0.52,0.5,2023-02-07,2023,N,VIIRS,n,2,288.69,1.36,N,2
17.36298,81.80811,304.66,0.41,0.37,2023-03-06,2018,N,VIIRS,n,2,292.89,0.98,N,0
22.43566,77.5304,310.31,0.38,0.36,2023-04-01,2030,N,VIIRS,n,2,288.75,1.16,N,0
16.13175,80.25041,335.1,0.48,0.4,2023-12-30,739,N,VIIRS,n,2,304.55,4.07,D,0
22.3466,77.3362,300.5,0.48,0.48,2023-03-28,2005,N,VIIRS,n,2,287.41,0.75,N,0
31.17234,75.37701,330.22,0.44,0.39,2023-11-05,815,N,VIIRS,n,2,302.96,1.95,D,0
19.02243,72.8922,305.85,0.4,0.44,2023-01-25,2108,N,VIIRS,n,2,290.05,1.71,N,0
18.19974,82.27126,345.38,0.41,0.37,2023-03-11,754,N,VIIRS,n,2,311.38,16.18,D,0
15.17385,79.73532,335.53,0.44,0.46,2023-03-12,734,N,VIIRS,l,2,306.97,1.96,D,0
18.8993,73.49136,331.17,0.55,0.51,2023-05-11,851,N,VIIRS,n,2,299.7,2.84,D,0
21.19416,79.72967,342.28,0.46,0.39,2023-05-24,807,N,VIIRS,l,2,314.2,10.94,D,0
20.96613,85.1782,320.01,0.4,0.37,2023-10-28,1951,N,VIIRS,n,2,295.0,2.1,N,2
22.56034,77.66256,298.64,0.38,0.36,2023-04-01,2030,N,VIIRS,n,2,288.31,0.36,N,0
25.84536,92.70896,335.29,0.55,0.51,2023-04-08,731,N,VIIRS,n,2,297.56,4.51,D,0
10.97129,78.99047,338.29,0.55,0.43,2023-04-07,746,N,VIIRS,n,2,307.91,4.36,D,0
18.65867,73.55679,341.37,0.4,0.37,2023-04-21,826,N,VIIRS,l,2,315.68,5.12,D,0
19.49244,80.49737,334.25,0.43,0.38,2023-04-18,742,N,VIIRS,l,2,306.95,2.66,D,0
25.70634,94.36141,339.18,0.34,0.56,2023-03-07,730,N,VIIRS,n,2,308.85,7.83,D,0
30.75265,75.56123,346.85,0.41,0.45,2023-05-15,739,N,VIIRS,n,2,314.91,6.52,D,0
16.30049,73.94566,345.94,0.39,0.6,2023-02-13,741,N,VIIRS,n,2,301.31,10.14,D,0
20.97046,85.02115,304.11,0.44,0.39,2023-11-12,2010,N,VIIRS,n,2,292.87,1.8,N,0
26.60375,92.02888,332.39,0.55,0.43,2023-12-28,639,N,VIIRS,n,2,297.5,4.15,D,0
23.72782,85.0251,312.99,0.47,0.48,2023-04-01,2030,N,VIIRS,n,2,289.15,2.03,N,2
31.37984,75.2674,344.69,0.41,0.45,2023-05-07,829,N,VIIRS,n,2,307.93,14.05,D,0
24.16407,82.67735,313.53,0.46,0.47,2023-05-16,1945,N,VIIRS,n,2,296.39,1.65,N,0
26.74066,94.85347,367.0,0.37,0.58,2023-03-06,609,N,VIIRS,h,2,291.72,55.21,D,0
19.22196,84.52105,345.05,0.47,0.4,2023-02-14,722,N,VIIRS,n,2,312.56,9.78,D,0
22.02865,86.38327,330.55,0.61,0.54,2023-02-28,801,N,VIIRS,l,2,302.05,1.96,D,0
11.20427,79.13483,344.55,0.39,0.44,2023-04-21,824,N,VIIRS,n,2,308.32,7.76,D,0
13.51614,76.74022,335.77,0.38,0.36,2023-02-06,811,N,VIIRS,n,2,304.96,2.83,D,0
21.85992,82.10801,342.51,0.41,0.37,2023-05-31,736,N,VIIRS,n,2,309.86,9.8,D,0
13.73652,78.67078,336.18,0.39,0.44,2023-03-04,824,N,VIIRS,l,2,311.08,5.72,D,0
19.40237,84.23577,301.66,0.43,0.38,2023-03-02,1952,N,VIIRS,n,2,291.21,1.1,N,0
25.62692,94.16789,336.76,0.38,0.36,2023-04-10,653,N,VIIRS,n,2,308.07,2.85,D,0
23.67988,86.09718,329.57,0.48,0.64,2023-10-25,639,N,VIIRS,n,2,294.31,6.35,D,2
25.51535,90.87038,331.74,0.39,0.36,2023-04-25,712,N,VIIRS,l,2,303.8,4.33,D,0
21.92626,83.35105,305.18,0.4,0.6,2023-02-26,1927,N,VIIRS,n,2,293.64,1.03,N,2
19.13704,78.53211,306.67,0.4,0.37,2023-03-06,2018,N,VIIRS,n,2,293.61,1.41,N,0
21.73668,78.7028,334.85,0.4,0.44,2023-02-27,820,N,VIIRS,l,2,309.36,1.8,D,0
17.78373,80.47572,343.02,0.46,0.39,2023-02-17,806,N,VIIRS,n,2,307.3,3.98,D,0
31.3224,74.61577,335.71,0.47,0.4,2023-11-01,750,N,VIIRS,n,2,299.11,8.82,D,0
29.81508,76.6656,346.44,0.42,0.37,2023-05-09,751,N,VIIRS,l,2,317.76,6.24,D,0
17.85205,80.2928,367.0,0.36,0.57,2023-02-21,831,N,VIIRS,h,2,313.12,9.71,D,0
21.5919,84.94204,316.03,0.49,0.65,2023-03-04,1914,N,VIIRS,n,2,294.86,2.08,N,0
21.2156,85.34262,331.31,0.52,0.67,2023-02-27,819,N,VIIRS,n,2,299.52,2.02,D,0
17.26571,76.25031,333.23,0.4,0.37,2023-02-17,2037,N,VIIRS,n,2,288.43,5.82,N,0
20.20824,83.68263,338.58,0.39,0.36,2023-05-15,735,N,VIIRS,l,2,308.88,4.43,D,0
19.64824,84.05754,331.43,0.4,0.44,2023-03-13,716,N,VIIRS,l,2,305.29,1.47,D,0
23.68085,86.09494,327.6,0.61,0.53,2023-01-20,652,N,VIIRS,n,2,294.25,5.42,D,2
24.45421,73.16328,337.44,0.39,0.44,2023-04-12,756,N,VIIRS,l,2,310.14,2.29,D,0
21.14418,79.47047,329.93,0.4,0.37,2023-12-03,747,N,VIIRS,n,2,291.82,1.94,D,0
14.16269,76.44009,336.48,0.4,0.37,2023-01-26,818,N,VIIRS,n,2,307.49,9.2,D,0
20.94744,85.00829,325.83,0.41,0.37,2023-03-18,1952,N,VIIRS,n,2,289.06,2.95,N,2
21.57181,86.89883,345.78,0.53,0.5,2023-01-06,754,N,VIIRS,n,2,303.23,7.13,D,0
23.33425,93.28339,367.0,0.35,0.56,2023-02-24,736,N,VIIRS,h,2,299.83,16.29,D,0
25.92507,86.17252,336.0,0.4,0.37,2023-11-24,717,N,VIIRS,n,2,300.59,4.87,D,0
20.38196,80.78838,330.4,0.39,0.36,2023-12-19,747,N,VIIRS,n,2,299.65,2.1,D,0
20.72978,82.46497,334.57,0.41,0.37,2023-02-08,735,N,VIIRS,l,2,307.45,5.02,D,0
22.81095,86.08829,306.34,0.38,0.36,2023-03-23,1958,N,VIIRS,n,2,293.16,1.69,N,2
30.40259,75.3039,331.55,0.74,0.76,2023-11-13,906,N,VIIRS,n,2,289.92,3.84,D,0
30.99572,74.61143,332.4,0.42,0.37,2023-11-06,756,N,VIIRS,n,2,297.87,3.04,D,0
30.90225,75.17065,333.35,0.39,0.37,2023-11-16,809,N,VIIRS,n,2,299.81,3.89,D,0
21.38969,81.64675,305.67,0.39,0.6,2023-04-04,1934,N,VIIRS,n,2,292.01,1.45,N,2
17.49817,82.0435,301.54,0.42,0.38,2023-03-06,2018,N,VIIRS,n,2,290.53,0.59,N,0
23.55038,87.24309,310.35,0.4,0.37,2023-11-02,1957,N,VIIRS,n,2,294.45,1.03,N,3
25.21151,93.0396,342.08,0.46,0.39,2023-03-08,711,N,VIIRS,n,2,302.32,7.16,D,0
21.43828,86.3995,337.83,0.43,0.38,2023-03-13,717,N,VIIRS,l,2,308.11,3.83,D,0
17.91531,80.25632,345.87,0.45,0.47,2023-02-27,819,N,VIIRS,n,2,307.74,7.01,D,0
24.01743,79.18182,302.15,0.6,0.53,2023-04-19,1952,N,VIIRS,n,2,285.77,2.63,N,0
21.75832,71.94928,303.52,0.38,0.59,2023-05-05,2133,N,VIIRS,n,2,292.65,0.28,N,0
24.40158,80.84454,346.79,0.43,0.38,2023-05-15,737,N,VIIRS,l,2,320.75,8.84,D,0
27.38204,82.63507,308.42,0.39,0.36,2023-04-18,2010,N,VIIRS,n,2,295.86,0.87,N,0
22.85032,79.88757,347.66,0.42,0.38,2023-04-18,743,N,VIIRS,l,2,318.64,12.72,D,0
26.15787,85.16863,339.95,0.43,0.38,2023-06-01,718,N,VIIRS,n,2,314.15,4.22,D,0
13.45451,77.88873,304.71,0.32,0.55,2023-03-04,2057,N,VIIRS,n,2,287.61,0.94,N,0
23.77965,86.37218,306.84,0.52,0.41,2023-12-21,1937,N,VIIRS,n,2,287.9,1.9,N,2
20.96453,86.00314,300.19,0.32,0.55,2023-01-04,1920,N,VIIRS,n,2,286.55,1.1,N,0
25.8801,91.55858,350.68,0.47,0.47,2023-04-08,731,N,VIIRS,n,2,307.57,26.92,D,0
19.35291,83.17072,337.5,0.45,0.39,2023-05-14,754,N,VIIRS,n,2,302.63,5.77,D,0
24.38467,93.34991,367.0,0.38,0.36,2023-03-14,659,N,VIIRS,l,2,329.28,100.93,D,0
20.9781,85.14728,310.33,0.46,0.39,2023-08-20,1945,N,VIIRS,n,2,285.6,1.11,N,2
14.12165,78.03729,337.8,0.45,0.39,2023-02-27,818,N,VIIRS,l,2,310.79,9.98,D,0
30.90992,74.86987,334.57,0.46,0.39,2023-11-01,750,N,VIIRS,n,2,300.83,2.95,D,0
21.14737,82.31177,349.07,0.43,0.38,2023-05-30,754,N,VIIRS,n,2,308.58,7.79,D,0
20.25173,82.83557,337.25,0.35,0.57,2023-04-16,820,N,VIIRS,n,2,305.27,1.02,D,0
25.57056,91.91301,335.63,0.47,0.48,2023-04-29,2003,N,VIIRS,n,2,281.85,5.21,N,0
10.33803,77.05113,301.98,0.36,0.57,2023-02-25,1949,N,VIIRS,n,2,283.21,1.84,N,0
16.87693,78.24596,367.0,0.42,0.61,2023-02-15,844,N,VIIRS,h,2,314.83,11.39,D,0
30.69091,74.95368,334.68,0.39,0.36,2023-11-16,809,N,VIIRS,n,2,297.91,3.19,D,0
16.67616,74.95423,331.78,0.42,0.38,2023-01-15,825,N,VIIRS,n,2,306.26,1.36,D,0
30.06584,75.87566,335.91,0.39,0.37,2023-11-06,756,N,VIIRS,n,2,305.03,3.81,D,0
20.97774,85.14693,329.04,0.39,0.36,2023-12-20,728,N,VIIRS,n,2,301.01,1.66,D,2
18.68168,73.03178,310.73,0.63,0.54,2023-08-24,2012,N,VIIRS,n,2,288.28,3.43,N,2
30.90954,75.30558,342.34,0.42,0.45,2023-11-07,738,N,VIIRS,n,2,296.84,4.1,D,0
21.82373,83.98361,340.1,0.45,0.39,2023-02-02,748,N,VIIRS,n,2,310.07,6.09,D,0
17.742,75.5752,333.92,0.36,0.58,2023-01-07,735,N,VIIRS,n,2,295.92,2.37,D,0
29.86823,75.1253,339.23,0.41,0.37,2023-11-06,756,N,VIIRS,n,2,303.03,3.84,D,0
19.12741,74.47729,314.67,0.51,0.41,2023-05-30,2024,N,VIIRS,n,2,294.82,2.41,N,0
20.78807,85.25909,310.01,0.46,0.47,2023-03-03,1933,N,VIIRS,n,2,295.94,2.27,N,2
20.80968,82.67176,333.16,0.55,0.43,2023-12-15,722,N,VIIRS,n,2,297.9,5.88,D,0
20.79435,85.25085,319.62,0.55,0.68,2023-03-31,2049,N,VIIRS,n,2,285.39,4.57,N,2
22.34963,86.45747,307.6,0.32,0.54,2023-02-21,1920,N,VIIRS,n,2,294.19,0.67,N,0
17.47585,80.43856,334.05,0.46,0.47,2023-03-07,728,N,VIIRS,n,2,300.96,4.14,D,0
23.68827,87.09908,313.92,0.41,0.37,2023-05-16,1945,N,VIIRS,n,2,296.63,3.15,N,2
30.10128,75.41764,333.56,0.54,0.42,2023-05-04,745,N,VIIRS,l,2,306.44,1.9,D,0
12.78233,77.76369,331.35,0.56,0.69,2023-02-09,855,N,VIIRS,n,2,302.55,3.25,D,0
9.71478,77.92813,351.52,0.36,0.57,2023-04-13,733,N,VIIRS,n,2,310.2,3.94,D,0
23.77842,86.20699,315.36,0.43,0.62,2023-10-30,1912,N,VIIRS,n,2,293.43,2.47,N,2
15.01663,76.89337,300.9,0.32,0.55,2023-11-13,1953,N,VIIRS,n,2,289.48,0.77,N,0
15.5091,76.91505,339.27,0.51,0.49,2023-05-17,837,N,VIIRS,l,2,313.77,7.55,D,0
23.77241,86.38373,306.15,0.33,0.56,2023-02-21,1920,N,VIIRS,n,2,293.87,1.74,N,2
14.62656,79.17863,348.06,0.56,0.51,2023-04-10,831,N,VIIRS,n,2,310.39,6.55,D,0
25.09602,83.95287,354.62,0.62,0.54,2023-04-15,700,N,VIIRS,n,2,315.04,16.59,D,0
25.46107,76.69173,311.82,0.51,0.41,2023-04-21,2055,N,VIIRS,n,2,288.26,1.07,N,0
26.74644,79.61282,332.69,0.45,0.39,2023-11-23,736,N,VIIRS,n,2,299.78,2.03,D,0
12.38765,79.57669,330.86,0.44,0.38,2023-06-30,811,N,VIIRS,l,2,301.81,2.84,D,0
23.79021,86.35084,299.47,0.54,0.67,2023-02-27,1907,N,VIIRS,n,2,288.71,1.81,N,2
20.792,70.9554,340.06,0.64,0.72,2023-03-01,923,N,VIIRS,n,2,302.14,13.45,D,0
13.09346,75.52106,332.43,0.39,0.44,2023-05-17,837,N,VIIRS,n,2,300.24,2.13,D,0
21.07812,80.13132,336.04,0.41,0.37,2023-02-28,801,N,VIIRS,n,2,307.14,3.65,D,0
30.26116,76.17051,343.19,0.43,0.62,2023-10-29,846,N,VIIRS,n,2,298.7,4.01,D,0
14.9692,74.55491,336.49,0.46,0.64,2023-05-05,902,N,VIIRS,n,2,290.97,6.11,D,0
21.69744,80.51508,340.57,0.41,0.37,2023-04-18,743,N,VIIRS,l,2,309.82,3.77,D,0
19.1944,79.38483,332.06,0.33,0.55,2023-03-09,832,N,VIIRS,l,2,302.82,1.37,D,0
20.62302,83.64273,339.14,0.4,0.6,2023-06-18,657,N,VIIRS,n,2,297.94,2.75,D,0
15.4354,78.743,336.71,0.4,0.44,2023-02-13,740,N,VIIRS,n,2,310.45,4.51,D,0
23.53925,80.7551,303.88,0.47,0.48,2023-04-19,1952,N,VIIRS,n,2,293.16,0.99,N,0
19.45372,77.22379,336.03,0.52,0.41,2023-04-07,749,N,VIIRS,l,2,307.22,2.16,D,0
25.07382,83.58241,330.61,0.4,0.37,2023-12-20,729,N,VIIRS,n,2,282.25,2.74,D,0
13.96656,79.03397,313.26,0.46,0.39,2023-03-12,2007,N,VIIRS,n,2,291.7,1.2,N,0
21.78008,87.11928,346.51,0.4,0.37,2023-12-20,728,N,VIIRS,n,2,301.94,4.55,D,0
17.40827,74.28886,304.28,0.39,0.36,2023-03-10,2044,N,VIIRS,n,2,290.79,1.26,N,0
30.88961,75.37393,351.54,0.52,0.5,2023-05-10,733,N,VIIRS,n,2,313.82,10.61,D,0
22.3217,82.53981,304.33,0.4,0.37,2023-02-18,2017,N,VIIRS,n,2,291.07,0.66,N,2
18.69391,73.03922,313.23,0.5,0.49,2023-10-16,2017,N,VIIRS,n,2,293.52,3.2,N,2
23.13945,85.50234,347.26,0.54,0.42,2023-03-06,749,N,VIIRS,n,2,312.05,9.93,D,0
25.79284,91.56687,347.39,0.43,0.38,2023-04-10,653,N,VIIRS,n,2,305.68,11.23,D,0
21.24718,79.22478,324.52,0.4,0.37,2023-03-22,2018,N,VIIRS,n,2,293.18,3.23,N,2
21.95046,77.41675,334.88,0.37,0.58,2023-04-19,724,N,VIIRS,n,2,309.4,3.28,D,0
30.71286,74.28367,340.18,0.38,0.36,2023-05-08,810,N,VIIRS,l,2,312.52,4.44,D,0
15.42801,79.08072,309.79,0.38,0.36,2023-03-06,2019,N,VIIRS,n,2,293.47,0.73,N,0
22.89903,85.76274,307.7,0.4,0.37,2023-03-12,2004,N,VIIRS,n,2,292.34,0.48,N,0
30.64714,74.9616,331.22,0.43,0.38,2023-11-21,815,N,VIIRS,n,2,298.89,3.55,D,0
23.24924,77.24455,335.54,0.38,0.36,2023-10-10,800,N,VIIRS,n,2,309.96,2.33,D,0
18.72609,80.66014,337.39,0.39,0.36,2023-04-12,755,N,VIIRS,l,2,309.32,2.47,D,0
22.81462,86.0852,300.81,0.44,0.38,2023-01-24,1945,N,VIIRS,n,2,289.97,0.89,N,0
22.13323,76.32793,367.0,0.45,0.39,2023-04-12,756,N,VIIRS,h,2,312.05,16.79,D,0
27.26004,95.14825,303.73,0.44,0.46,2023-02-14,1950,N,VIIRS,n,2,283.41,0.82,N,0
22.47456,77.65391,346.5,0.54,0.42,2023-04-16,821,N,VIIRS,n,2,316.34,11.12,D,0
16.02247,78.64484,341.28,0.39,0.36,2023-02-28,759,N,VIIRS,n,2,310.94,1.91,D,0
23.78199,86.37196,309.12,0.42,0.45,2023-10-13,1931,N,VIIRS,n,2,296.41,1.97,N,2
15.62924,78.98819,306.02,0.44,0.63,2023-02-21,2103,N,VIIRS,n,2,293.02,0.97,N,0
26.14359,83.47389,336.71,0.51,0.49,2023-04-20,706,N,VIIRS,l,2,310.99,6.58,D,0
27.1837,71.83315,356.49,0.4,0.37,2023-02-06,815,N,VIIRS,l,2,307.19,8.5,D,0
31.0585,75.44037,339.32,0.4,0.37,2023-11-16,809,N,VIIRS,n,2,300.24,5.05,D,0
23.78275,86.37236,306.43,0.4,0.37,2023-03-02,1951,N,VIIRS,n,2,294.81,1.08,N,2
22.62931,74.88824,306.4,0.38,0.36,2023-04-11,2043,N,VIIRS,n,2,292.5,0.47,N,0
29.89909,78.66731,303.84,0.49,0.48,2023-05-15,2003,N,VIIRS,n,2,289.61,0.69,N,0
23.44331,80.1387,339.33,0.71,0.75,2023-04-10,653,N,VIIRS,n,2,299.14,4.71,D,0
20.74934,79.50581,343.73,0.58,0.52,2023-04-19,724,N,VIIRS,n,2,309.92,10.67,D,0
15.50714,76.69385,340.16,0.48,0.4,2023-05-23,825,N,VIIRS,n,2,308.97,6.94,D,0
18.56393,77.85686,336.79,0.39,0.36,2023-11-16,805,N,VIIRS,n,2,301.76,3.49,D,0
19.1674,80.4126,345.21,0.57,0.43,2023-04-11,813,N,VIIRS,n,2,310.9,4.7,D,0
19.22283,84.39996,343.83,0.6,0.53,2023-04-20,704,N,VIIRS,n,2,302.85,15.42,D,0
20.05844,79.90652,337.77,0.55,0.43,2023-03-10,813,N,VIIRS,l,2,309.3,3.84,D,0
20.96715,85.01746,353.91,0.32,0.54,2023-11-09,657,N,VIIRS,n,2,304.08,6.46,D,0
25.84277,76.65102,311.86,0.5,0.41,2023-04-21,2054,N,VIIRS,n,2,288.1,1.1,N,0
13.11106,75.9731,333.95,0.55,0.68,2023-02-14,901,N,VIIRS,n,2,306.4,2.94,D,0
25.15134,83.73228,329.97,0.5,0.41,2023-11-24,717,N,VIIRS,n,2,301.83,2.96,D,0
21.67203,82.55997,339.72,0.54,0.42,2023-04-03,724,N,VIIRS,n,2,311.26,52.18,D,0
29.96838,76.07203,331.97,0.46,0.39,2023-10-20,815,N,VIIRS,l,2,302.01,4.84,D,0
19.56535,83.33754,349.92,0.55,0.51,2023-03-08,710,N,VIIRS,n,2,303.68,23.01,D,0
28.78021,79.29523,330.87,0.79,0.78,2023-05-11,854,N,VIIRS,l,2,303.23,6.43,D,0
31.29873,74.92969,329.21,0.47,0.64,2023-11-03,853,N,VIIRS,n,2,292.39,3.48,D,0
23.75813,86.40284,345.33,0.51,0.49,2023-06-15,755,N,VIIRS,n,2,298.39,10.67,D,2
23.09063,87.51108,346.14,0.32,0.54,2023-12-01,645,N,VIIRS,n,2,296.05,7.96,D,0
17.37201,80.3933,335.08,0.54,0.42,2023-03-26,813,N,VIIRS,n,2,301.31,3.75,D,0
22.04293,83.73772,301.16,0.56,0.43,2023-10-23,1944,N,VIIRS,n,2,290.95,1.62,N,2
18.68774,73.0399,311.82,0.43,0.38,2023-08-11,2056,N,VIIRS,n,2,292.51,2.12,N,2
17.55209,74.81994,345.83,0.43,0.38,2023-10-31,805,N,VIIRS,n,2,304.42,9.29,D,0
18.53212,79.4223,348.55,0.43,0.38,2023-06-10,747,N,VIIRS,l,2,308.42,12.38,D,0
23.01945,86.08888,342.7,0.6,0.53,2023-02-28,801,N,VIIRS,n,2,307.15,13.53,D,0
20.97445,81.60583,333.06,0.39,0.36,2023-12-30,741,N,VIIRS,n,2,298.16,4.11,D,0
19.36719,76.05586,333.88,0.39,0.36,2023-12-07,812,N,VIIRS,n,2,298.98,3.29,D,0
23.39826,69.39277,334.56,0.4,0.37,2023-12-11,838,N,VIIRS,n,2,307.36,2.66,D,0
16.25697,80.69862,341.66,0.47,0.64,2023-05-27,709,N,VIIRS,n,2,300.44,4.87,D,0
17.18893,80.95029,339.11,0.34,0.56,2023-03-13,716,N,VIIRS,n,2,301.7,3.83,D,0
18.95791,74.4436,346.69,0.39,0.36,2023-01-10,819,N,VIIRS,n,2,313.38,12.19,D,0
14.9587,74.96861,313.12,0.42,0.37,2023-03-10,2044,N,VIIRS,n,2,293.41,0.77,N,0
22.14146,72.22935,357.02,0.42,0.38,2023-05-28,833,N,VIIRS,l,2,303.74,5.97,D,0
19.33457,82.9327,332.49,0.44,0.39,2023-04-12,755,N,VIIRS,l,2,307.16,17.58,D,0
17.07469,74.40715,301.93,0.39,0.44,2023-01-17,2018,N,VIIRS,n,2,286.97,0.73,N,0
14.4213,78.14671,355.86,0.45,0.47,2023-02-13,740,N,VIIRS,n,2,313.52,7.17,D,0
18.47965,78.3991,331.9,0.47,0.48,2023-03-28,736,N,VIIRS,l,2,306.55,5.98,D,0
22.5238,77.49901,343.22,0.44,0.63,2023-03-29,718,N,VIIRS,n,2,308.26,4.38,D,0
21.60572,82.22264,344.46,0.42,0.46,2023-02-01,807,N,VIIRS,n,2,302.62,3.78,D,0
17.53157,73.42136,343.92,0.41,0.45,2023-05-06,844,N,VIIRS,n,2,303.66,7.04,D,0
23.6805,86.39622,299.72,0.51,0.41,2023-01-19,1939,N,VIIRS,n,2,286.31,2.06,N,2
25.97857,79.52648,338.4,0.32,0.55,2023-10-30,826,N,VIIRS,n,2,302.61,2.78,D,0
23.74694,86.4226,311.65,0.44,0.38,2023-07-19,1945,N,VIIRS,n,2,292.84,2.17,N,2
22.86822,93.16086,334.83,0.7,0.75,2023-04-18,602,N,VIIRS,n,2,294.85,13.69,D,0
19.39777,79.14565,303.6,0.48,0.4,2023-02-17,2037,N,VIIRS,n,2,292.68,1.52,N,0
18.5056,80.06939,339.07,0.53,0.42,2023-06-14,812,N,VIIRS,l,2,309.59,9.14,D,0
22.66779,85.34634,334.58,0.46,0.39,2023-03-13,717,N,VIIRS,n,2,308.55,1.3,D,0
14.53791,79.26312,341.8,0.36,0.57,2023-04-15,837,N,VIIRS,n,2,302.38,5.03,D,0
17.52054,82.0872,338.05,0.46,0.47,2023-03-02,722,N,VIIRS,n,2,305.98,3.64,D,0
21.83996,85.47375,309.48,0.4,0.37,2023-02-24,2004,N,VIIRS,n,2,290.34,0.97,N,0
21.71284,84.04159,297.51,0.4,0.37,2023-12-14,2009,N,VIIRS,n,2,286.94,0.42,N,0
27.60255,93.64913,335.15,0.52,0.42,2023-02-04,712,N,VIIRS,n,2,295.89,5.73,D,0
24.16622,82.67863,328.47,0.42,0.38,2023-01-17,749,N,VIIRS,n,2,297.9,1.35,D,0
22.67645,87.29181,341.97,0.45,0.47,2023-03-06,748,N,VIIRS,n,2,307.31,4.74,D,0
19.26256,74.82745,356.23,0.39,0.44,2023-02-23,754,N,VIIRS,n,2,312.14,5.79,D,0
14.49963,79.03918,306.61,0.56,0.43,2023-02-19,2000,N,VIIRS,n,2,294.09,1.24,N,0
25.61483,77.99915,335.49,0.51,0.41,2023-11-05,814,N,VIIRS,n,2,301.79,4.29,D,0
25.49199,76.03232,338.05,0.48,0.4,2023-10-25,820,N,VIIRS,n,2,310.47,2.65,D,0
21.35243,83.67955,340.25,0.39,0.59,2023-06-02,658,N,VIIRS,n,2,303.22,3.33,D,0
31.31362,77.08875,297.07,0.51,0.5,2023-12-16,2110,N,VIIRS,n,2,274.6,2.13,N,0
9.58967,78.49461,337.47,0.5,0.41,2023-10-21,750,N,VIIRS,n,2,297.04,6.74,D,0
22.80723,78.01126,333.74,0.41,0.37,2023-11-16,807,N,VIIRS,n,2,302.49,3.17,D,0
30.81736,74.94094,367.0,0.46,0.64,2023-11-19,853,N,VIIRS,h,2,297.66,10.82,D,0
25.72635,78.03226,333.84,0.45,0.47,2023-11-18,730,N,VIIRS,n,2,300.5,4.85,D,0
20.10776,76.18748,340.47,0.38,0.44,2023-01-01,748,N,VIIRS,n,2,301.94,3.74,D,0
26.8737,95.30328,332.82,0.55,0.51,2023-01-06,615,N,VIIRS,n,2,293.82,5.89,D,0
21.08795,82.04475,334.44,0.62,0.54,2023-12-21,709,N,VIIRS,n,2,296.34,2.74,D,0
31.28277,74.88135,346.82,0.39,0.36,2023-10-31,809,N,VIIRS,n,2,300.06,10.11,D,0
25.44397,92.71117,336.38,0.4,0.37,2023-04-10,653,N,VIIRS,n,2,303.71,3.87,D,0
15.33449,76.28432,317.5,0.41,0.37,2023-04-22,2038,N,VIIRS,n,2,296.63,2.1,N,2
25.71675,91.34869,331.1,0.52,0.5,2023-04-11,634,N,VIIRS,n,2,299.53,2.47,D,0
30.94853,77.85715,328.42,0.48,0.4,2023-11-16,809,N,VIIRS,n,2,301.52,1.76,D,0
23.76387,86.39707,304.4,0.52,0.42,2023-03-08,1939,N,VIIRS,n,2,293.59,1.53,N,2
21.54804,82.13148,335.63,0.41,0.37,2023-01-23,736,N,VIIRS,n,2,307.98,3.39,D,0
22.53886,76.00702,349.78,0.45,0.39,2023-02-07,755,N,VIIRS,n,2,318.35,14.26,D,0
22.26437,81.78517,331.07,0.39,0.36,2023-01-01,748,N,VIIRS,n,2,301.02,1.53,D,0
30.4073,75.18289,356.91,0.38,0.59,2023-11-14,847,N,VIIRS,n,2,300.53,4.65,D,0
23.70504,75.74235,309.41,0.49,0.49,2023-04-15,2108,N,VIIRS,n,2,292.58,1.58,N,0
25.30021,71.76828,306.58,0.38,0.36,2023-11-15,2053,N,VIIRS,n,2,287.8,0.7,N,0
21.58068,77.18681,354.38,0.49,0.41,2023-06-03,820,N,VIIRS,n,2,318.98,34.08,D,0
26.27188,74.18773,310.08,0.4,0.37,2023-06-14,2041,N,VIIRS,n,2,296.86,1.82,N,2
22.36533,87.30161,337.4,0.38,0.36,2023-04-03,724,N,VIIRS,l,2,308.2,5.29,D,2
24.92088,77.05839,336.1,0.53,0.42,2023-10-27,742,N,VIIRS,l,2,309.09,2.76,D,0
23.36084,78.01727,337.99,0.5,0.41,2023-04-18,743,N,VIIRS,n,2,307.97,4.77,D,0
22.05655,83.72364,308.14,0.43,0.46,2023-10-26,2028,N,VIIRS,n,2,293.43,1.56,N,2
25.41956,76.82071,347.14,0.53,0.42,2023-10-25,820,N,VIIRS,n,2,306.64,15.83,D,0
20.75345,79.33829,340.12,0.59,0.53,2023-04-03,724,N,VIIRS,n,2,308.33,6.52,D,0
22.33816,80.21867,346.45,0.61,0.53,2023-03-13,717,N,VIIRS,n,2,307.04,8.49,D,0
23.22679,77.58775,340.16,0.45,0.47,2023-05-07,827,N,VIIRS,n,2,309.2,6.66,D,0
21.42759,79.79793,343.37,0.38,0.36,2023-03-11,755,N,VIIRS,l,2,316.58,5.48,D,0
25.50419,93.88863,348.13,0.41,0.45,2023-03-13,718,N,VIIRS,n,2,303.95,10.89,D,0
20.97963,85.14664,302.27,0.43,0.62,2023-02-06,2042,N,VIIRS,n,2,288.16,1.24,N,2
24.1405,93.28435,367.0,0.36,0.57,2023-04-13,737,N,VIIRS,l,2,330.55,88.79,D,0
26.09851,75.56364,338.39,0.43,0.38,2023-02-23,756,N,VIIRS,n,2,305.03,2.73,D,0
18.99712,80.54052,354.53,0.41,0.37,2023-04-17,801,N,VIIRS,n,2,308.89,6.57,D,0
30.22895,75.39449,331.02,0.4,0.37,2023-11-06,756,N,VIIRS,n,2,299.78,2.41,D,0
21.2655,79.18577,304.6,0.56,0.51,2023-03-04,2055,N,VIIRS,n,2,290.87,1.55,N,0
25.0968,94.38092,332.21,0.38,0.36,2023-03-09,652,N,VIIRS,n,2,300.94,2.65,D,0
28.11802,95.70776,327.87,0.45,0.47,2023-02-20,712,N,VIIRS,n,2,294.76,8.66,D,0
23.38891,92.42182,343.45,0.49,0.48,2023-05-10,730,N,VIIRS,n,2,303.61,21.69,D,0
20.96259,86.00614,311.23,0.6,0.71,2023-02-27,2048,N,VIIRS,n,2,289.84,1.08,N,2
23.61568,86.79189,301.61,0.62,0.54,2023-11-20,1919,N,VIIRS,n,2,291.48,1.73,N,2
17.71516,82.17439,305.33,0.4,0.44,2023-02-28,2031,N,VIIRS,n,2,290.91,1.25,N,0
22.09016,80.0974,341.11,0.49,0.41,2023-03-12,736,N,VIIRS,l,2,312.4,8.67,D,0
25.24544,93.64044,344.98,0.6,0.53,2023-02-28,621,N,VIIRS,n,2,300.11,43.46,D,0
18.01974,78.2148,332.13,0.63,0.54,2023-05-26,729,N,VIIRS,l,2,304.06,6.12,D,0
18.72168,79.53564,314.31,0.39,0.36,2023-12-08,2023,N,VIIRS,n,2,293.27,0.98,N,2
27.98312,94.55588,336.46,0.47,0.64,2023-04-13,738,N,VIIRS,n,2,296.55,5.19,D,0
30.51945,75.7791,335.12,0.45,0.39,2023-11-05,815,N,VIIRS,n,2,301.19,3.15,D,0
20.39088,74.96036,336.48,0.44,0.46,2023-06-02,838,N,VIIRS,l,2,309.77,4.37,D,0
24.34301,93.17577,305.9,0.39,0.36,2023-03-14,1926,N,VIIRS,n,2,289.91,0.67,N,0
21.88481,82.90767,333.21,0.42,0.45,2023-01-08,717,N,VIIRS,n,2,301.48,3.42,D,0
24.51553,83.21792,345.13,0.44,0.38,2023-04-07,750,N,VIIRS,n,2,313.96,4.01,D,0
19.48538,80.13515,367.0,0.38,0.36,2023-04-12,755,N,VIIRS,h,2,308.49,10.4,D,0
21.98201,82.76765,351.5,0.38,0.36,2023-02-13,742,N,VIIRS,n,2,313.56,5.34,D,0
25.14714,76.96021,331.44,0.43,0.46,2023-10-22,736,N,VIIRS,n,2,303.79,1.91,D,0
29.73656,75.67166,333.75,0.32,0.55,2023-05-05,726,N,VIIRS,l,2,304.18,4.31,D,0
18.76743,80.3468,307.72,0.38,0.36,2023-03-06,2018,N,VIIRS,n,2,295.02,1.29,N,0
22.91431,83.92299,310.65,0.39,0.37,2023-04-18,2011,N,VIIRS,n,2,294.78,1.82,N,0
21.75197,76.12853,335.01,0.56,0.69,2023-03-29,858,N,VIIRS,l,2,308.63,4.5,D,0
30.72547,76.50175,340.4,0.49,0.4,2023-11-05,815,N,VIIRS,n,2,305.81,4.05,D,0
22.35767,87.29057,306.62,0.4,0.37,2023-07-19,1945,N,VIIRS,n,2,291.48,2.15,N,2
26.75945,83.19923,313.9,0.43,0.38,2023-08-18,2022,N,VIIRS,n,2,286.88,2.31,N,2
23.68805,87.09951,310.04,0.49,0.65,2023-04-11,2042,N,VIIRS,n,2,294.52,1.97,N,2
20.9518,86.04709,331.46,0.39,0.36,2023-02-03,1958,N,VIIRS,n,2,292.17,3.74,N,2
14.19603,75.13755,333.51,0.41,0.37,2023-03-04,824,N,VIIRS,l,2,308.21,3.05,D,0
25.34522,83.2947,344.67,0.4,0.37,2023-12-04,729,N,VIIRS,n,2,300.93,6.59,D,0
15.20572,79.49744,333.44,0.46,0.47,2023-03-28,735,N,VIIRS,n,2,300.71,1.71,D,0
22.4736,75.02923,303.71,0.47,0.4,2023-02-16,2055,N,VIIRS,n,2,292.57,0.81,N,0
17.96603,80.26558,345.91,0.41,0.37,2023-03-06,747,N,VIIRS,n,2,310.33,3.37,D,0
23.85835,83.08179,337.89,0.39,0.44,2023-05-16,718,N,VIIRS,l,2,311.91,3.92,D,0
22.82063,75.35696,344.91,0.51,0.49,2023-04-15,840,N,VIIRS,n,2,314.01,13.51,D,0
23.73807,85.01395,340.15,0.47,0.48,2023-04-17,2030,N,VIIRS,n,2,299.78,5.69,N,2
23.76094,86.39204,312.43,0.42,0.45,2023-07-09,1932,N,VIIRS,n,2,290.02,1.77,N,2
23.0636,75.68864,304.67,0.49,0.41,2023-04-05,2055,N,VIIRS,n,2,289.64,0.8,N,0
20.97364,81.99731,337.78,0.39,0.36,2023-12-19,747,N,VIIRS,n,2,309.13,15.82,D,0
24.93137,74.63367,305.22,0.39,0.59,2023-10-07,2124,N,VIIRS,n,2,294.81,0.93,N,0
23.25159,92.95425,367.0,0.51,0.41,2023-03-13,717,N,VIIRS,h,2,339.01,0.0,D,0
22.9581,85.70832,337.6,0.46,0.39,2023-06-21,742,N,VIIRS,n,2,298.5,3.38,D,0
23.56698,87.08752,301.22,0.38,0.59,2023-03-20,1914,N,VIIRS,n,2,286.88,0.59,N,2
19.7863,80.17802,349.21,0.44,0.39,2023-04-18,742,N,VIIRS,n,2,313.66,11.01,D,0
21.75201,83.81767,305.27,0.38,0.36,2023-01-07,2004,N,VIIRS,n,2,286.19,1.38,N,0
24.16943,82.55852,310.41,0.39,0.36,2023-07-07,2010,N,VIIRS,n,2,276.42,1.53,N,2
15.81151,73.75359,341.61,0.5,0.41,2023-04-22,806,N,VIIRS,n,2,304.25,5.51,D,0
21.76978,78.71245,339.1,0.75,0.77,2023-03-30,659,N,VIIRS,n,2,302.38,5.44,D,0
21.93088,83.76794,340.47,0.44,0.38,2023-03-06,748,N,VIIRS,n,2,307.49,10.15,D,0
27.82866,73.2169,308.81,0.55,0.42,2023-05-06,2113,N,VIIRS,n,2,296.36,1.47,N,0
20.12478,83.51483,334.21,0.51,0.41,2023-04-19,723,N,VIIRS,l,2,309.01,2.34,D,0
30.29827,74.63835,339.01,0.39,0.36,2023-10-31,809,N,VIIRS,n,2,300.19,3.52,D,0
23.76425,86.38296,307.09,0.39,0.36,2023-07-24,1951,N,VIIRS,n,2,293.82,1.54,N,2
28.14144,80.61962,338.57,0.46,0.39,2023-04-08,732,N,VIIRS,n,2,312.0,2.43,D,0
22.86365,85.9888,339.39,0.39,0.36,2023-03-07,730,N,VIIRS,l,2,309.5,4.84,D,0
20.18873,80.13309,354.93,0.52,0.42,2023-03-28,736,N,VIIRS,n,2,315.17,12.54,D,0
22.55875,83.2291,311.48,0.39,0.36,2023-04-18,2011,N,VIIRS,n,2,295.01,1.83,N,0
22.3754,87.28144,304.13,0.54,0.42,2023-03-17,2011,N,VIIRS,n,2,284.64,0.86,N,2
29.76931,79.99431,315.22,0.43,0.46,2023-06-08,2052,N,VIIRS,n,2,290.63,1.67,N,0
27.58314,96.29343,349.15,0.42,0.37,2023-04-11,635,N,VIIRS,n,2,298.2,22.1,D,0
15.83907,78.11536,340.09,0.49,0.48,2023-05-28,831,N,VIIRS,n,2,308.67,9.32,D,0
26.01825,93.73844,337.19,0.47,0.4,2023-02-27,640,N,VIIRS,n,2,306.78,29.24,D,0
18.73079,81.82539,333.15,0.45,0.63,2023-06-07,703,N,VIIRS,n,2,299.23,3.1,D,0
17.65357,79.27921,342.6,0.39,0.36,2023-04-17,801,N,VIIRS,l,2,315.73,5.73,D,0
21.10609,72.63048,339.88,0.42,0.37,2023-03-26,814,N,VIIRS,l,2,311.36,4.82,D,2
13.52944,76.78467,367.0,0.37,0.58,2023-12-25,732,N,VIIRS,h,2,301.42,8.21,D,0
22.36588,87.01763,329.0,0.38,0.36,2023-12-31,722,N,VIIRS,n,2,300.63,3.01,D,2
26.07805,93.44157,340.23,0.39,0.44,2023-03-13,718,N,VIIRS,n,2,297.28,6.56,D,0
22.66015,75.29836,303.31,0.51,0.49,2023-04-02,2011,N,VIIRS,n,2,287.84,1.18,N,0
18.98786,73.68476,339.07,0.58,0.52,2023-03-06,748,N,VIIRS,n,2,304.68,4.04,D,0
22.30641,86.27963,312.06,0.41,0.45,2023-04-20,1933,N,VIIRS,n,2,295.84,2.34,N,0
20.65483,86.43385,336.74,0.38,0.36,2023-06-11,729,N,VIIRS,l,2,306.83,3.24,D,0
21.14404,82.86795,334.08,0.55,0.43,2023-01-27,801,N,VIIRS,n,2,303.66,2.65,D,0
26.45174,78.29852,335.67,0.34,0.56,2023-04-26,834,N,VIIRS,n,2,303.5,10.27,D,0
29.62522,76.91396,344.38,0.44,0.46,2023-02-03,732,N,VIIRS,n,2,293.58,5.59,D,0
25.17897,83.91869,340.54,0.5,0.41,2023-04-14,718,N,VIIRS,l,2,311.58,3.93,D,0
19.05712,80.10997,338.37,0.72,0.75,2023-05-17,658,N,VIIRS,n,2,299.28,8.68,D,0
25.12683,76.88686,300.41,0.54,0.68,2023-04-14,1946,N,VIIRS,n,2,289.77,0.41,N,0
23.657,85.50697,303.55,0.39,0.36,2023-03-28,2004,N,VIIRS,n,2,292.04,0.77,N,2
29.37308,76.61475,333.46,0.42,0.38,2023-09-30,750,N,VIIRS,n,2,303.62,5.98,D,0
22.31462,84.76625,298.41,0.41,0.45,2023-12-21,1938,N,VIIRS,n,2,284.61,0.53,N,2
22.52244,81.43629,343.85,0.48,0.4,2023-04-17,802,N,VIIRS,n,2,309.82,4.22,D,0
15.16865,76.66745,310.36,0.39,0.36,2023-06-04,2032,N,VIIRS,n,2,293.95,1.44,N,2
25.40964,92.67629,332.13,0.53,0.42,2023-03-29,718,N,VIIRS,n,2,295.62,3.74,D,0
30.26939,75.34715,342.67,0.41,0.45,2023-10-30,828,N,VIIRS,n,2,301.5,15.71,D,0
30.67422,74.93087,331.55,0.46,0.39,2023-11-17,750,N,VIIRS,n,2,299.46,2.52,D,0
16.52066,79.86303,342.2,0.39,0.36,2023-04-28,754,N,VIIRS,l,2,312.67,7.35,D,0
21.80836,86.88956,345.98,0.38,0.44,2023-03-03,704,N,VIIRS,l,2,319.55,44.09,D,0
31.66423,75.07265,331.24,0.48,0.64,2023-10-02,853,N,VIIRS,n,2,300.3,4.39,D,0
30.98846,76.28149,330.72,0.36,0.57,2023-11-09,840,N,VIIRS,n,2,292.4,2.34,D,0
25.05976,83.85624,340.98,0.43,0.38,2023-12-15,723,N,VIIRS,n,2,299.89,5.14,D,0
19.214,78.60779,330.7,0.56,0.51,2023-02-19,729,N,VIIRS,l,2,305.41,2.86,D,0
13.26545,78.87661,331.13,0.32,0.55,2023-02-26,836,N,VIIRS,l,2,306.05,2.01,D,0
13.88161,75.41204,305.07,0.39,0.37,2023-03-05,2038,N,VIIRS,n,2,290.77,0.84,N,0
15.37968,78.10112,347.78,0.4,0.37,2023-02-12,759,N,VIIRS,n,2,315.99,11.77,D,0
17.62588,73.62979,341.34,0.39,0.36,2023-03-04,825,N,VIIRS,l,2,312.85,3.83,D,0
18.5203,77.97021,336.63,0.49,0.4,2023-11-17,747,N,VIIRS,l,2,310.95,9.64,D,0
24.98781,84.80257,327.6,0.4,0.37,2023-12-15,723,N,VIIRS,n,2,297.43,1.93,D,0
30.28006,77.36709,333.49,0.53,0.5,2023-10-14,827,N,VIIRS,n,2,297.35,3.01,D,0
19.74821,80.45253,338.19,0.51,0.41,2023-04-13,736,N,VIIRS,n,2,307.12,4.47,D,0
27.16834,83.5676,348.7,0.59,0.53,2023-04-15,700,N,VIIRS,n,2,286.27,10.78,D,0
25.74285,76.57853,350.76,0.44,0.38,2023-11-05,814,N,VIIRS,n,2,306.29,6.69,D,0
19.22749,75.80002,335.39,0.48,0.4,2023-03-20,826,N,VIIRS,l,2,306.17,4.11,D,0
30.54758,76.51837,340.1,0.37,0.58,2023-10-24,840,N,VIIRS,n,2,298.67,3.19,D,0
22.01304,87.03008,341.38,0.41,0.37,2023-02-09,717,N,VIIRS,n,2,304.5,6.31,D,0
29.6395,79.80704,300.61,0.4,0.37,2023-03-11,2021,N,VIIRS,n,2,282.48,0.74,N,0
10.81903,77.61288,335.61,0.41,0.37,2023-08-06,817,N,VIIRS,n,2,305.36,2.53,D,0
26.07533,94.42279,326.47,0.55,0.43,2023-01-03,711,N,VIIRS,n,2,294.47,5.38,D,0
16.25045,77.31181,345.91,0.47,0.4,2023-03-11,753,N,VIIRS,n,2,314.76,4.18,D,0
22.65099,77.82409,347.95,0.65,0.73,2023-10-29,704,N,VIIRS,n,2,302.79,12.24,D,0
18.64377,78.16492,333.36,0.39,0.36,2023-10-31,805,N,VIIRS,n,2,304.41,3.92,D,0
24.34081,93.83119,354.43,0.62,0.54,2023-04-08,730,N,VIIRS,n,2,309.34,16.1,D,0
20.96377,85.18722,329.33,0.42,0.38,2023-12-14,740,N,VIIRS,l,2,303.37,3.66,D,2
23.71839,86.44094,320.22,0.41,0.37,2023-08-03,2004,N,VIIRS,n,2,291.72,2.54,N,2
23.68541,86.39021,301.18,0.45,0.63,2023-08-17,2041,N,VIIRS,n,2,282.07,1.22,N,2
18.02107,74.40084,310.89,0.52,0.67,2023-01-24,2127,N,VIIRS,n,2,284.38,1.94,N,0
27.31229,96.88656,339.4,0.44,0.46,2023-03-11,615,N,VIIRS,n,2,294.38,11.49,D,0
22.13045,82.8137,335.46,0.41,0.37,2023-03-06,2017,N,VIIRS,n,2,295.68,3.13,N,0
17.21774,80.47734,351.52,0.56,0.43,2023-05-15,735,N,VIIRS,n,2,310.33,12.6,D,0
17.76366,81.76868,330.21,0.6,0.53,2023-05-16,716,N,VIIRS,n,2,298.0,5.11,D,0
19.85224,84.9689,349.3,0.44,0.62,2023-02-22,2042,N,VIIRS,n,2,289.05,3.14,N,0
15.2319,76.76572,367.0,0.7,0.75,2023-04-14,716,N,VIIRS,h,2,301.11,20.14,D,0
30.85604,74.33348,337.24,0.54,0.42,2023-05-07,829,N,VIIRS,l,2,311.22,7.06,D,0
33.86192,75.19922,343.52,0.33,0.55,2023-10-08,841,N,VIIRS,n,2,306.53,5.41,D,0
22.80175,80.5956,314.95,0.41,0.37,2023-04-18,2011,N,VIIRS,n,2,296.92,3.15,N,0
25.59286,93.08831,349.23,0.57,0.52,2023-04-08,731,N,VIIRS,n,2,314.98,202.65,D,0
30.26965,73.973,367.0,0.32,0.55,2023-11-14,846,N,VIIRS,h,2,303.94,10.78,D,0
27.69649,79.24274,330.34,0.4,0.37,2023-12-24,755,N,VIIRS,n,2,295.76,2.4,D,0
15.20799,74.77618,330.24,0.58,0.52,2023-03-06,747,N,VIIRS,l,2,304.99,3.2,D,0
25.89519,83.08144,347.55,0.4,0.37,2023-04-18,744,N,VIIRS,l,2,318.04,7.35,D,0
18.17878,81.71741,332.73,0.37,0.58,2023-03-08,710,N,VIIRS,n,2,301.35,1.33,D,0
22.2763,84.62193,338.89,0.39,0.36,2023-03-28,736,N,VIIRS,l,2,312.78,5.96,D,0
19.69613,80.05118,342.93,0.58,0.52,2023-04-05,826,N,VIIRS,n,2,301.7,6.92,D,0
30.8861,75.09814,339.34,0.44,0.46,2023-05-15,739,N,VIIRS,l,2,313.09,3.69,D,0
8.3554,77.40628,304.95,0.38,0.36,2023-03-06,2021,N,VIIRS,n,2,293.35,0.54,N,0
20.31377,81.93845,334.44,0.33,0.55,2023-05-27,710,N,VIIRS,l,2,307.61,1.38,D,0
27.22374,82.82971,338.51,0.53,0.42,2023-04-12,757,N,VIIRS,l,2,310.82,5.58,D,0
10.51639,77.93795,331.59,0.52,0.41,2023-03-27,752,N,VIIRS,l,2,301.82,2.71,D,0
18.65004,74.73878,337.62,0.5,0.49,2023-05-25,748,N,VIIRS,n,2,306.6,3.14,D,0
20.20767,81.49243,344.96,0.46,0.39,2023-04-17,801,N,VIIRS,n,2,313.52,9.03,D,0
26.00421,91.81934,344.5,0.38,0.59,2023-05-20,743,N,VIIRS,n,2,293.49,4.48,D,0
24.59554,94.31375,343.84,0.46,0.39,2023-04-16,640,N,VIIRS,n,2,306.61,9.54,D,0
26.27157,83.76204,333.22,0.39,0.44,2023-04-25,712,N,VIIRS,n,2,301.53,3.77,D,0
22.21307,71.61842,342.24,0.53,0.42,2023-05-24,808,N,VIIRS,l,2,316.24,12.18,D,0
18.96425,79.27371,306.57,0.4,0.44,2023-04-11,2044,N,VIIRS,n,2,291.36,2.67,N,0
14.73488,75.03207,344.09,0.48,0.48,2023-03-03,843,N,VIIRS,n,2,310.72,9.88,D,0
16.13256,80.78472,340.15,0.4,0.37,2023-12-29,758,N,VIIRS,n,2,300.26,3.14,D,0
22.40648,92.60699,318.69,0.39,0.36,2023-03-14,1926,N,VIIRS,n,2,294.08,1.64,N,0
21.10327,82.96248,342.96,0.38,0.36,2023-04-02,742,N,VIIRS,n,2,308.01,2.25,D,0
22.39841,92.60844,322.21,0.48,0.4,2023-03-13,1945,N,VIIRS,n,2,294.03,2.99,N,0
24.09159,79.78831,342.95,0.49,0.41,2023-05-24,808,N,VIIRS,l,2,315.44,11.17,D,0
30.86779,74.67509,339.94,0.57,0.52,2023-10-24,840,N,VIIRS,n,2,297.81,12.38,D,0
25.45023,83.64064,327.61,0.41,0.37,2023-12-14,742,N,VIIRS,n,2,289.73,2.93,D,0
21.76728,70.48064,337.43,0.5,0.66,2023-04-02,743,N,VIIRS,n,2,304.38,3.57,D,0
29.51687,76.18108,335.12,0.43,0.38,2023-11-01,750,N,VIIRS,n,2,301.21,3.09,D,0
26.94348,82.83808,307.91,0.48,0.4,2023-04-17,2029,N,VIIRS,n,2,292.69,1.33,N,0
30.51699,74.2705,353.92,0.54,0.51,2023-11-25,840,N,VIIRS,n,2,303.89,32.76,D,0
19.13678,73.37277,340.01,0.34,0.56,2023-03-29,858,N,VIIRS,n,2,307.98,2.29,D,0
18.3424,79.75063,341.64,0.39,0.36,2023-06-04,800,N,VIIRS,l,2,314.02,8.53,D,0
21.27625,79.36642,348.97,0.55,0.43,2023-04-13,736,N,VIIRS,n,2,299.34,13.22,D,0
30.9031,76.14635,346.26,0.47,0.47,2023-05-10,732,N,VIIRS,n,2,314.02,6.63,D,0
19.73381,84.24692,304.16,0.52,0.67,2023-03-04,1915,N,VIIRS,n,2,292.8,1.12,N,0
13.77906,78.43841,345.52,0.4,0.37,2023-02-28,759,N,VIIRS,n,2,312.06,7.66,D,0
22.03486,82.3801,342.01,0.57,0.52,2023-12-21,709,N,VIIRS,n,2,297.76,8.85,D,0
9.79863,78.9113,337.36,0.61,0.53,2023-08-03,732,N,VIIRS,n,2,302.21,3.97,D,0
19.78559,79.14577,301.33,0.61,0.71,2023-08-26,2114,N,VIIRS,n,2,282.85,1.3,N,2
23.18883,76.69072,337.79,0.39,0.59,2023-04-19,725,N,VIIRS,n,2,312.06,5.95,D,0
27.67282,82.36119,338.02,0.43,0.38,2023-04-23,750,N,VIIRS,l,2,310.13,6.48,D,0
20.22386,84.56034,339.09,0.38,0.36,2023-03-12,735,N,VIIRS,l,2,310.74,2.9,D,0
22.36573,87.45663,347.67,0.37,0.58,2023-01-11,801,N,VIIRS,n,2,300.42,3.75,D,0
15.98499,74.13026,346.61,0.44,0.38,2023-05-28,831,N,VIIRS,n,2,307.96,5.47,D,0
22.04577,85.07436,336.1,0.39,0.36,2023-03-23,730,N,VIIRS,n,2,300.37,3.85,D,0
21.83949,86.43824,308.74,0.49,0.4,2023-03-08,1939,N,VIIRS,n,2,289.26,0.95,N,0
27.06031,94.10815,334.23,0.46,0.39,2023-11-14,704,N,VIIRS,n,2,301.83,7.15,D,0
31.02165,75.65463,342.72,0.38,0.36,2023-05-19,804,N,VIIRS,n,2,312.86,4.37,D,0
15.64395,74.80013,301.6,0.57,0.43,2023-03-04,2057,N,VIIRS,n,2,291.1,1.18,N,0
20.84677,86.96519,340.93,0.52,0.5,2023-04-12,755,N,VIIRS,l,2,312.14,5.88,D,0
31.69824,75.18676,334.47,0.41,0.45,2023-10-06,738,N,VIIRS,n,2,304.37,2.31,D,0
20.79396,85.25304,338.91,0.63,0.54,2023-05-17,658,N,VIIRS,n,2,302.03,9.07,D,2
21.27793,83.76408,331.14,0.51,0.41,2023-01-06,754,N,VIIRS,n,2,301.36,2.96,D,0
24.5296,77.29625,348.18,0.53,0.42,2023-03-01,743,N,VIIRS,n,2,306.45,9.24,D,0
23.03543,72.20113,336.41,0.32,0.55,2023-04-14,859,N,VIIRS,l,2,311.25,2.35,D,0
20.61284,75.42912,330.49,0.48,0.4,2023-12-17,825,N,VIIRS,n,2,300.89,3.26,D,0
20.97392,86.00355,305.01,0.42,0.38,2023-02-08,2004,N,VIIRS,n,2,293.62,1.33,N,2
21.96966,85.31476,300.96,0.33,0.55,2023-03-05,2036,N,VIIRS,n,2,288.09,0.67,N,2
22.05235,88.12485,326.15,0.41,0.45,2023-12-14,2009,N,VIIRS,n,2,295.31,2.66,N,2
18.06339,80.5046,332.06,0.56,0.43,2023-03-10,813,N,VIIRS,l,2,302.29,4.06,D,0
23.46358,80.08379,330.05,0.57,0.69,2023-11-25,658,N,VIIRS,l,2,301.75,4.39,D,0
24.70492,83.91599,344.18,0.57,0.43,2023-04-12,756,N,VIIRS,n,2,312.51,3.59,D,0
22.36362,87.30092,306.75,0.44,0.63,2023-01-26,1907,N,VIIRS,n,2,290.87,1.39,N,2
17.41529,81.92828,308.26,0.52,0.41,2023-03-02,1953,N,VIIRS,n,2,292.98,1.59,N,0
19.31486,83.93259,305.84,0.39,0.36,2023-03-12,2005,N,VIIRS,n,2,292.29,0.93,N,0
21.37455,81.64208,309.94,0.49,0.49,2023-05-16,1946,N,VIIRS,n,2,295.12,3.3,N,2
13.81619,76.49505,314.57,0.42,0.38,2023-03-05,2038,N,VIIRS,n,2,294.24,1.44,N,0
25.08041,83.93485,347.4,0.43,0.38,2023-12-15,723,N,VIIRS,n,2,300.03,5.94,D,0
25.49724,76.73666,304.43,0.45,0.47,2023-04-18,2011,N,VIIRS,n,2,292.82,1.15,N,0
25.99335,95.00699,353.82,0.39,0.44,2023-02-17,627,N,VIIRS,n,2,307.52,32.39,D,0
21.7828,84.78634,334.2,0.41,0.37,2023-03-01,742,N,VIIRS,l,2,307.51,2.39,D,0
30.13903,75.89326,340.74,0.43,0.46,2023-05-07,829,N,VIIRS,l,2,315.46,4.94,D,0
14.1458,78.02587,340.09,0.4,0.37,2023-02-06,811,N,VIIRS,n,2,307.74,4.58,D,0
20.86661,84.99072,303.54,0.57,0.43,2023-04-25,1940,N,VIIRS,n,2,290.82,1.68,N,2
26.11982,93.55789,339.72,0.39,0.36,2023-03-14,659,N,VIIRS,n,2,299.79,78.83,D,0
27.37002,83.95273,339.02,0.41,0.45,2023-04-12,757,N,VIIRS,l,2,310.24,2.96,D,0
23.92032,92.91872,355.2,0.67,0.73,2023-03-11,755,N,VIIRS,n,2,298.49,15.57,D,0
18.60334,80.39608,331.01,0.56,0.69,2023-02-15,704,N,VIIRS,l,2,305.93,3.37,D,0
21.18523,82.34592,340.91,0.33,0.56,2023-06-03,820,N,VIIRS,n,2,306.76,5.23,D,0
21.98618,83.56518,302.11,0.41,0.37,2023-03-07,1958,N,VIIRS,n,2,291.27,0.65,N,0
8.74926,78.08188,301.84,0.4,0.37,2023-06-21,2014,N,VIIRS,n,2,274.42,0.97,N,0
21.98187,83.2306,304.15,0.4,0.44,2023-05-03,2030,N,VIIRS,n,2,290.98,1.17,N,0
30.41977,74.89804,337.03,0.47,0.48,2023-11-04,834,N,VIIRS,n,2,296.61,3.56,D,0
21.23052,77.06051,309.94,0.38,0.44,2023-02-13,2011,N,VIIRS,n,2,288.94,1.29,N,0
23.56552,87.08961,305.45,0.38,0.43,2023-03-19,1933,N,VIIRS,n,2,287.97,0.69,N,2
29.83096,76.02142,332.35,0.38,0.36,2023-10-26,802,N,VIIRS,l,2,302.61,4.53,D,0
27.65075,96.2823,296.28,0.6,0.53,2023-03-13,718,N,VIIRS,l,2,310.01,106.95,D,0
19.41031,83.0078,333.55,0.35,0.57,2023-04-16,820,N,VIIRS,n,2,303.92,0.95,D,0
30.97042,74.53568,329.08,0.35,0.57,2023-10-28,725,N,VIIRS,n,2,296.99,1.77,D,0
19.23786,80.08047,305.2,0.47,0.47,2023-03-02,1953,N,VIIRS,n,2,294.76,1.12,N,0
20.96543,85.17342,333.96,0.5,0.41,2023-01-01,748,N,VIIRS,n,2,296.29,8.14,D,2
25.78181,76.68193,347.6,0.53,0.67,2023-11-03,851,N,VIIRS,n,2,299.36,8.21,D,0
22.50448,77.47198,344.83,0.43,0.46,2023-04-05,827,N,VIIRS,n,2,314.7,5.8,D,0
28.36724,79.89699,329.52,0.36,0.57,2023-01-15,828,N,VIIRS,n,2,290.26,2.24,D,0
23.59513,82.29188,341.69,0.38,0.36,2023-04-18,743,N,VIIRS,n,2,314.16,2.55,D,0
15.22104,74.24939,308.4,0.4,0.37,2023-03-10,2044,N,VIIRS,n,2,296.77,1.68,N,0
11.18906,79.02866,340.76,0.45,0.47,2023-04-18,740,N,VIIRS,l,2,311.07,4.95,D,0
20.60724,81.8128,333.39,0.43,0.38,2023-03-12,736,N,VIIRS,l,2,308.07,6.09,D,0
31.08019,75.99068,345.97,0.42,0.38,2023-11-01,750,N,VIIRS,n,2,301.51,4.95,D,0
27.18354,83.68093,318.65,0.53,0.42,2023-04-19,1951,N,VIIRS,n,2,295.28,2.7,N,0
21.97715,80.24158,341.38,0.49,0.4,2023-05-15,736,N,VIIRS,l,2,309.14,8.02,D,0
17.45611,73.49086,337.76,0.43,0.38,2023-02-05,831,N,VIIRS,n,2,312.35,3.71,D,0
30.54673,75.12476,367.0,0.38,0.59,2023-11-14,847,N,VIIRS,h,2,300.81,12.06,D,0
24.64223,93.67135,332.01,0.42,0.38,2023-01-14,704,N,VIIRS,n,2,295.95,4.59,D,0
29.51332,79.04133,295.54,0.39,0.36,2023-02-28,2027,N,VIIRS,n,2,281.58,0.14,N,0
18.42242,73.78703,349.05,0.44,0.46,2023-03-03,844,N,VIIRS,n,2,310.65,6.07,D,0
23.16669,82.3424,327.41,0.32,0.55,2023-03-31,2049,N,VIIRS,n,2,289.5,2.47,N,2
21.10317,72.63492,333.48,0.42,0.37,2023-11-21,813,N,VIIRS,l,2,307.11,5.47,D,2
28.04396,78.59239,338.52,0.48,0.4,2023-09-29,808,N,VIIRS,n,2,301.44,3.87,D,0
21.37019,82.0502,346.73,0.43,0.38,2023-01-22,754,N,VIIRS,n,2,307.74,3.91,D,0
22.04262,83.73253,342.98,0.52,0.42,2023-11-22,754,N,VIIRS,n,2,306.9,8.94,D,0
26.86817,88.46782,340.24,0.39,0.36,2023-03-13,718,N,VIIRS,n,2,306.16,16.93,D,0
29.28404,80.14153,310.8,0.4,0.44,2023-05-31,2002,N,VIIRS,n,2,288.88,1.42,N,0
17.26339,73.80178,338.48,0.39,0.44,2023-04-17,801,N,VIIRS,n,2,308.43,5.14,D,0
21.99743,83.93784,341.18,0.4,0.37,2023-02-03,729,N,VIIRS,n,2,307.63,2.75,D,0
26.2573,94.96238,335.15,0.39,0.44,2023-03-08,711,N,VIIRS,n,2,300.41,5.9,D,0
17.94251,78.12752,341.36,0.33,0.55,2023-06-02,838,N,VIIRS,n,2,309.02,3.2,D,0
23.64781,84.99593,337.63,0.44,0.38,2023-03-01,742,N,VIIRS,n,2,309.37,6.81,D,0
27.20665,78.09774,313.2,0.55,0.68,2023-03-13,2125,N,VIIRS,n,2,286.77,2.52,N,0
22.61891,88.45781,340.3,0.43,0.46,2023-02-13,742,N,VIIRS,n,2,307.49,4.42,D,0
25.9506,91.68137,335.68,0.47,0.48,2023-04-08,731,N,VIIRS,n,2,299.18,8.74,D,0
20.14907,80.10999,346.98,0.52,0.42,2023-03-28,736,N,VIIRS,n,2,315.0,5.12,D,0
22.29282,83.89694,337.61,0.55,0.51,2023-04-22,808,N,VIIRS,n,2,303.22,5.15,D,0
19.30803,78.7249,334.66,0.47,0.4,2023-03-10,813,N,VIIRS,l,2,308.66,3.22,D,0
21.85351,82.48921,367.0,0.35,0.57,2023-01-10,819,N,VIIRS,h,2,306.26,4.8,D,0
28.70127,77.7057,332.69,0.52,0.41,2023-12-09,737,N,VIIRS,n,2,300.2,2.66,D,0
20.54769,80.50381,333.87,0.42,0.38,2023-04-02,742,N,VIIRS,l,2,308.85,5.69,D,0
25.92444,91.72088,333.91,0.48,0.48,2023-04-08,731,N,VIIRS,n,2,298.07,10.88,D,0
23.83473,85.70074,306.38,0.51,0.41,2023-03-06,2016,N,VIIRS,n,2,291.06,0.95,N,0
22.96915,77.91899,318.77,0.44,0.46,2023-04-05,2055,N,VIIRS,n,2,294.57,2.68,N,0
29.61627,74.5787,340.77,0.49,0.48,2023-11-23,737,N,VIIRS,n,2,301.21,4.68,D,0
23.89229,78.89534,299.07,0.42,0.38,2023-04-22,2036,N,VIIRS,n,2,287.28,0.68,N,0
22.1524,83.87382,336.53,0.43,0.46,2023-04-17,802,N,VIIRS,l,2,309.73,4.1,D,0
15.92239,77.87819,334.76,0.35,0.57,2023-01-18,728,N,VIIRS,n,2,303.76,2.2,D,0
22.30656,86.88911,334.86,0.42,0.45,2023-03-06,748,N,VIIRS,l,2,306.79,4.24,D,0
23.68932,86.38941,341.59,0.39,0.36,2023-06-06,723,N,VIIRS,l,2,314.62,5.8,D,2
21.98977,86.95239,341.9,0.53,0.5,2023-02-23,754,N,VIIRS,n,2,306.06,5.92,D,0
31.39868,75.3224,344.14,0.44,0.39,2023-11-05,815,N,VIIRS,n,2,307.76,29.5,D,0
29.77969,75.56819,343.79,0.44,0.38,2023-11-05,815,N,VIIRS,n,2,309.46,27.51,D,0
23.65633,79.67088,333.22,0.61,0.54,2023-11-08,717,N,VIIRS,n,2,303.51,3.65,D,0
13.7849,76.50614,340.01,0.37,0.58,2023-03-24,850,N,VIIRS,n,2,304.81,1.85,D,0
21.5506,86.26003,305.34,0.32,0.55,2023-03-09,1921,N,VIIRS,n,2,287.87,0.73,N,0
25.63789,91.34109,325.21,0.4,0.6,2023-02-12,621,N,VIIRS,n,2,292.37,2.87,D,0
20.96437,85.17786,321.21,0.37,0.58,2023-01-20,1920,N,VIIRS,n,2,291.72,2.23,N,2
23.77328,86.38969,315.32,0.46,0.47,2023-11-22,2022,N,VIIRS,n,2,294.24,1.65,N,2
30.01138,75.23288,332.2,0.4,0.44,2023-11-15,827,N,VIIRS,n,2,300.8,1.48,D,0
23.75569,86.39875,306.58,0.38,0.36,2023-10-17,1956,N,VIIRS,n,2,294.39,2.71,N,2
18.30134,79.41439,345.05,0.41,0.61,2023-05-16,716,N,VIIRS,n,2,305.64,5.31,D,0
13.58172,76.70472,308.78,0.52,0.42,2023-01-05,2044,N,VIIRS,n,2,288.11,1.27,N,0
25.91204,91.6065,355.1,0.47,0.48,2023-04-08,731,N,VIIRS,n,2,306.04,7.92,D,0
31.87458,74.76195,330.33,0.45,0.63,2023-05-11,855,N,VIIRS,n,2,281.48,3.5,D,0
22.50519,75.99579,343.37,0.45,0.47,2023-02-13,742,N,VIIRS,n,2,306.95,4.04,D,0
15.1288,75.10727,336.34,0.7,0.75,2023-04-03,722,N,VIIRS,n,2,306.12,4.61,D,0
19.68082,81.63702,331.77,0.36,0.57,2023-06-12,710,N,VIIRS,n,2,295.37,2.56,D,0
30.28818,74.46336,336.88,0.56,0.69,2023-05-11,714,N,VIIRS,l,2,310.82,1.63,D,0
27.39167,84.26521,335.02,0.52,0.42,2023-04-07,750,N,VIIRS,n,2,304.87,4.0,D,0
16.96424,79.16079,331.99,0.38,0.36,2023-12-29,758,N,VIIRS,n,2,301.27,2.36,D,0
25.57472,93.10281,340.58,0.39,0.36,2023-04-10,653,N,VIIRS,n,2,300.39,93.17,D,0
14.25173,79.88079,346.5,0.38,0.36,2023-04-17,800,N,VIIRS,n,2,317.34,3.37,D,0
23.25891,70.26111,310.46,0.34,0.56,2023-03-27,2024,N,VIIRS,n,2,292.43,0.98,N,0
24.4702,93.1226,341.62,0.54,0.42,2023-04-14,718,N,VIIRS,n,2,303.6,7.56,D,0
22.20305,84.84832,307.87,0.43,0.38,2023-03-02,1952,N,VIIRS,n,2,290.31,1.03,N,2
30.40152,76.30531,343.38,0.47,0.4,2023-05-13,816,N,VIIRS,l,2,314.5,7.53,D,0
21.89226,85.11302,345.41,0.42,0.38,2023-04-19,724,N,VIIRS,n,2,310.34,3.42,D,0
29.09155,80.05066,334.84,0.39,0.36,2023-05-09,751,N,VIIRS,n,2,301.4,2.71,D,0
15.72209,79.93366,330.28,0.43,0.62,2023-05-16,716,N,VIIRS,l,2,302.27,1.66,D,0
20.84662,86.96084,332.04,0.38,0.36,2023-04-19,1953,N,VIIRS,n,2,298.3,1.67,N,0
19.56557,75.64837,337.17,0.39,0.36,2023-01-16,807,N,VIIRS,n,2,310.01,10.6,D,0
18.92864,73.34103,330.26,0.34,0.56,2023-04-30,857,N,VIIRS,n,2,297.25,3.06,D,0
18.33925,78.18301,333.42,0.43,0.62,2023-04-20,845,N,VIIRS,l,2,305.36,2.1,D,0
18.32459,80.37551,335.13,0.45,0.39,2023-04-18,742,N,VIIRS,l,2,302.86,3.14,D,0
22.78039,79.13531,341.08,0.38,0.36,2023-04-12,756,N,VIIRS,l,2,315.63,4.11,D,0
22.01073,83.81644,336.52,0.43,0.62,2023-03-15,820,N,VIIRS,n,2,301.63,1.19,D,0
21.15916,83.85046,346.38,0.44,0.38,2023-02-02,748,N,VIIRS,n,2,307.6,5.43,D,0
23.0438,75.95895,295.78,0.39,0.36,2023-04-06,2037,N,VIIRS,n,2,260.31,1.09,N,0
18.03182,78.21227,344.79,0.4,0.44,2023-06-05,741,N,VIIRS,n,2,306.81,3.72,D,0
23.55965,87.23656,313.06,0.41,0.6,2023-12-18,2034,N,VIIRS,n,2,283.46,2.32,N,2
25.41354,93.40489,340.92,0.59,0.7,2023-04-07,750,N,VIIRS,n,2,298.17,11.05,D,0
20.96254,85.17122,318.45,0.43,0.62,2023-04-27,2043,N,VIIRS,n,2,281.07,2.15,N,2
20.55285,84.14429,335.3,0.38,0.36,2023-04-13,736,N,VIIRS,l,2,306.05,2.63,D,0
21.1038,72.65181,299.01,0.55,0.51,2023-01-03,2120,N,VIIRS,n,2,288.85,1.07,N,2
20.09067,79.02419,301.5,0.56,0.43,2023-03-10,2043,N,VIIRS,n,2,291.37,0.46,N,0
30.18674,75.34554,349.85,0.5,0.66,2023-05-11,714,N,VIIRS,n,2,317.13,8.18,D,0
25.42809,91.33542,338.17,0.44,0.63,2023-02-02,749,N,VIIRS,n,2,298.76,6.76,D,0
22.79114,70.91814,313.46,0.39,0.44,2023-01-16,2036,N,VIIRS,n,2,282.66,1.26,N,2
30.51424,74.79356,343.82,0.38,0.43,2023-11-15,828,N,VIIRS,n,2,311.25,53.44,D,0
22.06428,82.48684,329.06,0.54,0.42,2023-12-29,800,N,VIIRS,n,2,298.84,3.15,D,0
26.10926,93.62941,350.13,0.39,0.36,2023-04-10,653,N,VIIRS,n,2,309.83,15.5,D,0
13.96501,79.30902,351.33,0.45,0.63,2023-03-03,843,N,VIIRS,n,2,306.91,8.54,D,0
17.16233,80.0299,336.12,0.39,0.36,2023-05-19,800,N,VIIRS,l,2,308.29,3.39,D,0
26.99251,82.7932,299.93,0.57,0.43,2023-04-22,2035,N,VIIRS,n,2,289.58,0.66,N,0
29.53414,79.25761,332.18,0.38,0.59,2023-06-07,707,N,VIIRS,n,2,300.73,4.02,D,0
22.92564,69.82114,303.16,0.36,0.57,2023-03-27,2024,N,VIIRS,n,2,292.14,0.62,N,2
16.12686,74.43184,303.27,0.45,0.63,2023-03-08,2122,N,VIIRS,n,2,288.46,1.14,N,0
19.24938,73.41866,346.04,0.53,0.42,2023-04-15,839,N,VIIRS,n,2,311.94,10.07,D,0
31.2252,75.07584,337.81,0.38,0.36,2023-05-19,804,N,VIIRS,l,2,308.44,3.11,D,0
16.2149,75.03878,332.12,0.34,0.56,2023-06-21,740,N,VIIRS,n,2,294.88,1.81,D,0
23.55072,77.12803,341.11,0.56,0.69,2023-04-25,712,N,VIIRS,n,2,306.49,3.66,D,0
28.45524,80.29273,305.92,0.39,0.36,2023-10-21,2020,N,VIIRS,n,2,289.39,0.59,N,0
24.61925,85.57555,338.81,0.41,0.37,2023-04-13,737,N,VIIRS,l,2,313.56,2.93,D,0
23.77442,83.23832,347.23,0.47,0.4,2023-05-21,724,N,VIIRS,l,2,315.21,8.46,D,0
19.45528,83.89715,335.53,0.49,0.4,2023-03-11,754,N,VIIRS,n,2,304.99,4.71,D,0
24.73938,77.14076,334.74,0.4,0.37,2023-11-16,807,N,VIIRS,n,2,304.26,2.82,D,0
28.25937,73.21657,352.81,0.44,0.38,2023-10-26,802,N,VIIRS,n,2,309.3,2.71,D,0
30.83176,74.79845,335.23,0.39,0.36,2023-05-08,810,N,VIIRS,l,2,308.16,2.04,D,0
21.47367,83.82677,337.81,0.39,0.44,2023-06-17,716,N,VIIRS,n,2,286.56,4.85,D,0
31.17151,75.55768,341.11,0.51,0.41,2023-05-20,745,N,VIIRS,l,2,315.37,8.55,D,0
13.64326,78.51719,342.96,0.58,0.7,2023-05-16,715,N,VIIRS,n,2,295.91,7.27,D,0
25.56424,93.53958,367.0,0.37,0.58,2023-04-12,616,N,VIIRS,h,2,307.5,11.35,D,0
17.02561,81.36163,342.86,0.39,0.36,2023-02-07,753,N,VIIRS,n,2,301.86,5.17,D,0
17.57331,82.06979,341.59,0.46,0.39,2023-02-28,800,N,VIIRS,n,2,307.67,6.61,D,0
30.34922,75.11823,345.93,0.47,0.39,2023-05-09,751,N,VIIRS,n,2,316.66,5.56,D,0
20.08673,82.46851,343.82,0.39,0.36,2023-03-06,748,N,VIIRS,n,2,309.96,2.37,D,0
26.1958,91.90272,340.54,0.39,0.36,2023-03-30,659,N,VIIRS,n,2,300.49,5.98,D,0
15.82206,74.25495,337.51,0.44,0.39,2023-03-09,831,N,VIIRS,l,2,311.59,4.93,D,0
27.10741,82.7939,317.97,0.42,0.38,2023-04-13,2004,N,VIIRS,n,2,293.18,1.5,N,0
19.62893,83.39546,333.54,0.53,0.42,2023-04-03,723,N,VIIRS,n,2,298.71,7.87,D,0
22.88958,75.50168,304.08,0.42,0.38,2023-04-16,2049,N,VIIRS,n,2,284.08,1.2,N,0
19.39809,73.51263,343.19,0.4,0.37,2023-05-23,826,N,VIIRS,n,2,312.91,5.82,D,0
16.63697,75.29703,303.34,0.39,0.36,2023-10-26,2030,N,VIIRS,n,2,288.41,0.52,N,0
22.42948,75.29443,314.38,0.41,0.45,2023-04-23,2018,N,VIIRS,n,2,293.48,1.56,N,0
23.95553,78.78887,302.68,0.51,0.49,2023-05-10,1958,N,VIIRS,n,2,290.72,0.17,N,0
24.46242,94.24644,344.53,0.36,0.57,2023-04-12,615,N,VIIRS,n,2,303.5,23.81,D,0
19.70651,74.67892,347.18,0.42,0.45,2023-06-02,838,N,VIIRS,n,2,312.32,12.01,D,0
21.87881,83.55569,305.33,0.52,0.5,2023-10-15,2035,N,VIIRS,n,2,292.9,1.11,N,2
21.92671,82.37616,334.71,0.45,0.47,2023-01-08,717,N,VIIRS,l,2,304.99,6.85,D,0
26.95585,83.77736,331.53,0.41,0.37,2023-01-29,724,N,VIIRS,n,2,297.81,2.0,D,0
22.5945,85.90594,304.49,0.35,0.57,2023-02-17,2035,N,VIIRS,n,2,289.1,0.67,N,2
18.71228,80.35288,346.14,0.35,0.57,2023-02-25,716,N,VIIRS,n,2,308.69,11.26,D,0
21.38672,83.28396,333.27,0.41,0.45,2023-03-13,717,N,VIIRS,l,2,305.44,1.48,D,0
25.39772,83.50188,329.25,0.44,0.38,2023-12-15,723,N,VIIRS,n,2,297.92,2.8,D,0
13.88115,78.3581,344.56,0.59,0.7,2023-02-25,715,N,VIIRS,n,2,310.85,10.94,D,0
30.6633,75.95972,341.82,0.37,0.58,2023-05-16,720,N,VIIRS,n,2,309.41,2.04,D,0
20.7925,85.25618,301.56,0.46,0.47,2023-05-06,1934,N,VIIRS,n,2,285.42,1.91,N,2
22.51467,86.33578,307.0,0.41,0.37,2023-02-24,2004,N,VIIRS,n,2,292.29,1.23,N,0
19.99376,82.16667,340.29,0.49,0.41,2023-01-27,800,N,VIIRS,n,2,309.03,4.88,D,0
30.00075,74.51615,336.42,0.37,0.58,2023-11-13,725,N,VIIRS,n,2,300.46,5.12,D,0
18.2375,82.38075,336.19,0.49,0.48,2023-05-29,812,N,VIIRS,n,2,301.71,3.5,D,0
21.93367,83.26803,335.77,0.32,0.54,2023-06-07,704,N,VIIRS,n,2,302.12,9.43,D,0
20.99183,85.99294,337.92,0.4,0.37,2023-02-14,723,N,VIIRS,n,2,309.29,2.59,D,0
31.78696,77.34554,325.7,0.39,0.36,2023-01-22,757,N,VIIRS,n,2,293.56,5.26,D,0
21.65117,82.24695,343.75,0.41,0.37,2023-03-28,736,N,VIIRS,n,2,312.68,5.66,D,0
18.05482,79.56831,332.27,0.32,0.55,2023-06-06,722,N,VIIRS,n,2,300.21,1.65,D,0
20.97122,85.17625,300.77,0.46,0.47,2023-05-06,1933,N,VIIRS,n,2,286.47,0.21,N,2
22.88097,75.55861,345.97,0.47,0.4,2023-04-12,756,N,VIIRS,n,2,307.16,8.48,D,0
26.72343,80.91042,339.13,0.5,0.41,2023-05-19,802,N,VIIRS,l,2,311.86,3.83,D,0
19.11649,76.28028,298.11,0.32,0.55,2023-02-10,2108,N,VIIRS,n,2,285.23,0.24,N,0
18.6901,73.04095,306.54,0.33,0.55,2023-04-09,2122,N,VIIRS,n,2,290.96,2.62,N,2
16.34734,75.43555,301.34,0.41,0.45,2023-12-30,2011,N,VIIRS,n,2,287.26,0.73,N,0
19.42565,74.86619,297.12,0.52,0.67,2023-01-08,2127,N,VIIRS,n,2,280.99,0.64,N,0
18.72169,79.92615,341.92,0.4,0.37,2023-04-17,801,N,VIIRS,l,2,313.63,2.68,D,0
30.80061,74.51817,340.85,0.56,0.52,2023-10-24,840,N,VIIRS,n,2,300.24,4.48,D,0
30.14025,75.97295,331.7,0.41,0.37,2023-10-31,809,N,VIIRS,n,2,297.37,2.51,D,0
21.20148,83.19634,307.95,0.63,0.54,2023-03-03,1933,N,VIIRS,n,2,294.28,1.79,N,0
23.53357,75.62486,350.76,0.46,0.39,2023-04-12,756,N,VIIRS,l,2,317.79,41.6,D,0
17.15817,77.2924,302.2,0.41,0.6,2023-05-01,2109,N,VIIRS,n,2,288.41,0.92,N,0
26.4597,71.52441,340.09,0.41,0.37,2023-12-23,814,N,VIIRS,n,2,304.28,1.74,D,0
21.16136,79.91264,337.33,0.33,0.56,2023-12-26,716,N,VIIRS,n,2,300.23,2.21,D,0
16.32837,74.23315,350.94,0.4,0.37,2023-02-16,825,N,VIIRS,n,2,317.58,8.43,D,0
30.15147,75.02493,338.77,0.46,0.64,2023-11-03,853,N,VIIRS,n,2,291.48,6.77,D,0
23.27648,92.841,336.51,0.41,0.37,2023-04-10,652,N,VIIRS,n,2,304.09,3.25,D,0
22.34935,82.83593,335.61,0.41,0.37,2023-03-06,748,N,VIIRS,l,2,308.76,3.78,D,0
21.07355,83.68181,343.55,0.4,0.44,2023-06-20,800,N,VIIRS,n,2,299.73,3.77,D,0
18.11918,73.77724,301.15,0.41,0.37,2023-02-27,2050,N,VIIRS,n,2,287.93,2.07,N,0
22.93916,79.6319,341.59,0.41,0.45,2023-11-18,729,N,VIIRS,n,2,305.59,4.1,D,0
22.07092,87.39446,330.77,0.34,0.56,2023-12-17,644,N,VIIRS,n,2,298.91,2.8,D,0
25.52676,86.38915,333.17,0.45,0.39,2023-05-27,712,N,VIIRS,l,2,304.01,4.83,D,0
14.79501,77.4976,304.02,0.46,0.47,2023-02-11,2050,N,VIIRS,n,2,287.64,1.41,N,0
30.2977,77.70002,308.94,0.35,0.57,2023-05-10,1956,N,VIIRS,n,2,293.08,0.95,N,0
23.95198,78.30157,345.57,0.48,0.48,2023-04-24,731,N,VIIRS,n,2,315.86,12.75,D,0
18.98754,78.40485,335.99,0.38,0.36,2023-10-10,759,N,VIIRS,n,2,304.0,2.17,D,0
17.28326,73.35921,333.0,0.32,0.55,2023-04-07,748,N,VIIRS,n,2,298.2,2.86,D,0
21.24931,82.93259,337.7,0.46,0.47,2023-05-24,807,N,VIIRS,n,2,304.91,6.47,D,0
19.32218,80.76165,316.98,0.43,0.38,2023-05-15,2005,N,VIIRS,n,2,298.42,2.51,N,0
23.07613,92.93501,344.11,0.41,0.37,2023-03-09,652,N,VIIRS,n,2,300.89,14.53,D,0
23.61377,86.86155,299.33,0.49,0.48,2023-11-25,1925,N,VIIRS,n,2,288.22,0.83,N,2
22.13405,84.2355,354.84,0.44,0.46,2023-05-11,711,N,VIIRS,n,2,320.42,13.55,D,0
30.20754,74.61973,341.98,0.39,0.36,2023-05-08,810,N,VIIRS,l,2,314.15,3.1,D,0
31.02006,74.81775,334.13,0.42,0.61,2023-05-16,720,N,VIIRS,n,2,302.09,2.68,D,0
30.41164,75.67317,333.03,0.63,0.54,2023-05-05,726,N,VIIRS,l,2,303.83,5.61,D,0
23.02854,85.52473,334.68,0.4,0.37,2023-03-02,723,N,VIIRS,n,2,306.39,1.84,D,0
20.06103,80.58015,346.83,0.42,0.38,2023-05-19,801,N,VIIRS,n,2,310.34,6.0,D,0
25.89205,92.67303,335.11,0.54,0.68,2023-04-07,750,N,VIIRS,n,2,294.36,5.67,D,0
22.78914,78.40165,346.7,0.52,0.5,2023-04-08,1959,N,VIIRS,n,2,292.09,4.31,N,0
22.58429,87.10271,337.21,0.4,0.37,2023-03-07,730,N,VIIRS,n,2,309.23,2.35,D,0
15.1794,77.10251,309.4,0.39,0.36,2023-06-15,2025,N,VIIRS,n,2,295.35,1.53,N,2
21.2346,85.7094,302.36,0.44,0.39,2023-03-13,1946,N,VIIRS,n,2,291.78,0.63,N,0
27.16958,71.85249,350.6,0.4,0.37,2023-02-06,815,N,VIIRS,n,2,304.86,2.52,D,0
25.84519,78.00555,330.8,0.41,0.37,2023-11-17,749,N,VIIRS,n,2,301.25,2.45,D,0
22.19209,86.4531,302.45,0.39,0.36,2023-03-02,1952,N,VIIRS,n,2,291.24,0.55,N,0
19.16265,79.18388,344.93,0.51,0.41,2023-03-01,741,N,VIIRS,n,2,309.51,5.4,D,0
21.55684,77.91452,306.92,0.43,0.62,2023-06-01,1946,N,VIIRS,n,2,293.57,2.3,N,0
22.32757,82.65445,337.29,0.55,0.43,2023-06-04,801,N,VIIRS,n,2,302.96,3.65,D,0
19.42005,78.52744,345.48,0.4,0.37,2023-05-08,807,N,VIIRS,n,2,307.9,10.96,D,0
25.02992,93.37083,336.76,0.39,0.36,2023-03-09,652,N,VIIRS,n,2,300.65,55.03,D,0
20.95993,85.17057,312.25,0.43,0.46,2023-05-14,2024,N,VIIRS,n,2,298.31,1.53,N,2
21.16602,79.40549,337.99,0.41,0.37,2023-05-09,748,N,VIIRS,l,2,308.24,5.1,D,0
19.36263,73.05586,343.9,0.49,0.49,2023-03-11,754,N,VIIRS,n,2,312.05,2.99,D,0
18.89486,78.60289,330.06,0.45,0.39,2023-03-22,748,N,VIIRS,l,2,304.09,1.53,D,0
11.25496,79.14535,349.21,0.56,0.52,2023-04-13,734,N,VIIRS,n,2,312.96,10.31,D,0
23.17395,76.89938,341.02,0.47,0.64,2023-06-01,718,N,VIIRS,l,2,311.62,4.98,D,0
18.98151,83.20637,334.39,0.4,0.37,2023-04-13,736,N,VIIRS,n,2,303.13,1.83,D,0
30.10145,75.39025,342.34,0.39,0.59,2023-11-14,846,N,VIIRS,n,2,299.32,6.4,D,0
25.59854,87.94849,331.41,0.54,0.51,2023-04-07,750,N,VIIRS,l,2,305.74,1.7,D,0
27.54834,96.37261,353.69,0.49,0.4,2023-03-14,659,N,VIIRS,n,2,312.93,33.74,D,0
18.00364,78.05526,356.93,0.42,0.38,2023-02-07,754,N,VIIRS,n,2,306.42,10.49,D,0
19.91011,80.47145,344.7,0.39,0.44,2023-03-10,813,N,VIIRS,n,2,310.46,9.83,D,0
23.55632,87.24666,303.37,0.47,0.48,2023-02-26,1926,N,VIIRS,n,2,291.94,0.94,N,3
21.26686,83.23627,305.16,0.51,0.49,2023-03-05,2036,N,VIIRS,n,2,292.99,0.78,N,0
14.19953,79.41074,310.39,0.41,0.37,2023-04-12,2026,N,VIIRS,n,2,297.13,3.04,N,0
23.01434,75.57672,304.96,0.49,0.49,2023-04-15,2108,N,VIIRS,n,2,291.92,0.72,N,0
17.94839,79.85083,330.43,0.49,0.49,2023-06-11,728,N,VIIRS,n,2,297.52,1.22,D,0
23.79918,87.04731,311.46,0.48,0.4,2023-03-08,1939,N,VIIRS,n,2,293.37,2.46,N,2
25.76623,92.64342,341.41,0.53,0.42,2023-04-16,641,N,VIIRS,n,2,305.46,39.7,D,0
18.86044,78.15045,355.38,0.4,0.37,2023-11-16,805,N,VIIRS,n,2,306.37,7.12,D,0
21.38963,81.6466,310.54,0.64,0.54,2023-05-18,2049,N,VIIRS,n,2,296.0,3.94,N,2
19.72456,82.44341,337.25,0.39,0.36,2023-02-18,748,N,VIIRS,n,2,304.72,3.14,D,0
23.73761,85.01466,309.42,0.32,0.55,2023-05-17,1926,N,VIIRS,n,2,295.18,1.49,N,2
31.86273,75.3452,340.05,0.32,0.55,2023-05-17,842,N,VIIRS,l,2,311.96,3.3,D,0
25.36763,93.76466,307.01,0.39,0.36,2023-03-03,1932,N,VIIRS,n,2,284.0,0.81,N,0
22.19626,85.32242,333.51,0.52,0.41,2023-04-07,749,N,VIIRS,l,2,307.46,76.1,D,0
17.08727,79.37266,339.55,0.47,0.4,2023-05-29,812,N,VIIRS,n,2,305.2,7.16,D,0
31.47642,75.93809,339.99,0.39,0.36,2023-05-19,804,N,VIIRS,l,2,313.02,3.64,D,0
28.14194,77.22592,338.18,0.35,0.57,2023-02-25,719,N,VIIRS,n,2,297.78,2.65,D,0
19.38975,76.05966,341.48,0.51,0.5,2023-01-09,838,N,VIIRS,n,2,308.64,4.6,D,0
30.73659,75.27642,331.72,0.4,0.37,2023-11-22,756,N,VIIRS,n,2,299.56,1.24,D,0
21.75757,83.7798,336.35,0.38,0.36,2023-01-23,735,N,VIIRS,n,2,306.06,2.94,D,0
30.54927,76.1049,339.07,0.56,0.51,2023-11-12,2008,N,VIIRS,n,2,290.96,19.93,N,0
29.72161,76.85831,350.18,0.55,0.43,2023-05-15,738,N,VIIRS,n,2,315.42,16.91,D,0
30.22465,76.42806,342.14,0.47,0.48,2023-10-30,828,N,VIIRS,n,2,302.29,5.14,D,0
19.15385,80.659,354.67,0.43,0.38,2023-04-18,742,N,VIIRS,n,2,312.16,6.12,D,0
27.80386,80.95078,330.75,0.51,0.66,2023-02-21,834,N,VIIRS,n,2,297.55,2.87,D,0
15.17088,76.38011,301.05,0.44,0.46,2023-08-03,2006,N,VIIRS,n,2,288.14,0.92,N,2
25.85911,78.26212,344.44,0.43,0.46,2023-11-18,730,N,VIIRS,n,2,300.35,5.32,D,0
17.52964,73.42365,339.71,0.5,0.41,2023-06-09,806,N,VIIRS,n,2,299.51,3.93,D,0
18.93758,82.44685,339.06,0.42,0.38,2023-02-07,754,N,VIIRS,n,2,307.21,5.1,D,0
24.00485,84.22061,347.47,0.41,0.45,2023-05-11,711,N,VIIRS,l,2,321.64,13.5,D,0
31.35476,74.93002,339.71,0.43,0.38,2023-11-05,815,N,VIIRS,n,2,301.7,4.86,D,0
21.16351,75.54701,343.03,0.49,0.4,2023-05-07,826,N,VIIRS,n,2,311.55,14.14,D,0
23.35332,70.08242,357.02,0.43,0.38,2023-10-25,820,N,VIIRS,n,2,309.66,4.15,D,0
28.91256,79.46522,331.86,0.43,0.62,2023-10-19,833,N,VIIRS,n,2,298.94,1.46,D,0
18.37457,73.32983,331.5,0.51,0.41,2023-12-11,837,N,VIIRS,l,2,303.07,5.27,D,0
19.71619,83.83868,340.86,0.39,0.36,2023-03-12,735,N,VIIRS,n,2,307.78,2.94,D,0
19.36212,73.0894,346.78,0.39,0.36,2023-05-18,820,N,VIIRS,n,2,310.01,8.17,D,0
21.06916,85.25649,333.78,0.5,0.41,2023-03-06,748,N,VIIRS,l,2,304.36,6.27,D,0
27.04622,84.15005,332.17,0.54,0.51,2023-01-09,659,N,VIIRS,n,2,292.05,4.22,D,0
23.72284,86.43953,298.1,0.41,0.61,2023-01-15,1913,N,VIIRS,n,2,284.88,2.02,N,2
25.66629,94.6114,367.0,0.32,0.55,2023-04-12,615,N,VIIRS,h,2,304.07,20.01,D,0
21.90264,84.22286,335.99,0.54,0.42,2023-04-28,755,N,VIIRS,l,2,307.1,4.79,D,0
23.5465,86.68873,348.52,0.38,0.36,2023-05-21,724,N,VIIRS,n,2,318.4,6.75,D,0
22.00356,82.66875,326.3,0.4,0.37,2023-06-16,2004,N,VIIRS,n,2,293.05,3.28,N,2
22.91782,78.25938,339.9,0.49,0.4,2023-04-11,815,N,VIIRS,n,2,309.83,4.95,D,0
20.94917,86.04929,308.06,0.39,0.36,2023-06-06,1952,N,VIIRS,n,2,270.58,0.7,N,2
20.50817,84.55807,311.31,0.42,0.38,2023-04-19,1953,N,VIIRS,n,2,298.46,1.79,N,0
22.31482,82.52457,305.53,0.38,0.36,2023-05-04,2011,N,VIIRS,n,2,292.71,0.72,N,2
22.31449,82.5306,310.93,0.45,0.39,2023-07-01,2023,N,VIIRS,n,2,283.11,2.21,N,2
13.36766,79.01513,303.45,0.47,0.64,2023-03-03,1935,N,VIIRS,n,2,291.99,1.95,N,0
15.94191,78.86488,307.78,0.42,0.37,2023-04-18,2013,N,VIIRS,n,2,295.5,1.34,N,0
26.25863,86.63986,332.99,0.39,0.36,2023-03-18,725,N,VIIRS,n,2,290.92,2.91,D,0
22.32669,82.59985,311.39,0.4,0.37,2023-10-22,2003,N,VIIRS,n,2,283.27,1.75,N,2
19.39675,80.91111,334.2,0.41,0.45,2023-05-29,813,N,VIIRS,n,2,304.46,3.68,D,0
14.1,79.1394,341.16,0.5,0.49,2023-03-12,734,N,VIIRS,n,2,305.81,3.37,D,0
23.65605,85.50677,300.53,0.47,0.4,2023-11-08,1944,N,VIIRS,n,2,288.84,0.85,N,2
22.08728,82.54633,333.48,0.4,0.37,2023-01-07,735,N,VIIRS,n,2,304.39,2.64,D,0
30.1909,75.43545,334.23,0.49,0.65,2023-11-19,712,N,VIIRS,n,2,295.46,3.01,D,0
27.32368,83.14415,351.5,0.41,0.37,2023-04-18,744,N,VIIRS,n,2,318.35,7.61,D,0
19.86321,82.26836,309.85,0.43,0.46,2023-02-09,1946,N,VIIRS,n,2,288.68,1.29,N,0
29.19439,79.87001,337.31,0.67,0.74,2023-05-23,648,N,VIIRS,n,2,291.72,8.62,D,0
28.36009,80.61487,327.45,0.44,0.38,2023-02-07,756,N,VIIRS,n,2,296.8,2.23,D,0
21.40468,86.32439,334.7,0.41,0.37,2023-02-24,735,N,VIIRS,n,2,306.92,2.42,D,0
21.4749,71.61085,346.07,0.4,0.37,2023-12-12,819,N,VIIRS,n,2,306.26,6.35,D,0
23.74473,79.73856,342.61,0.49,0.49,2023-02-27,820,N,VIIRS,l,2,314.58,7.94,D,0
11.42909,78.99406,340.22,0.54,0.42,2023-03-06,746,N,VIIRS,n,2,309.89,5.78,D,0
19.10259,78.75385,340.58,0.38,0.36,2023-05-19,800,N,VIIRS,l,2,314.04,7.59,D,0
23.80238,84.84459,305.32,0.46,0.47,2023-05-03,2029,N,VIIRS,n,2,288.04,1.07,N,2
19.63544,80.36213,348.97,0.52,0.41,2023-04-13,736,N,VIIRS,n,2,304.78,8.27,D,0
23.68363,86.09494,345.89,0.39,0.36,2023-06-06,723,N,VIIRS,l,2,310.85,7.21,D,2
25.01554,86.45959,337.08,0.43,0.46,2023-03-06,749,N,VIIRS,l,2,307.78,6.64,D,0
24.95504,77.11128,301.06,0.42,0.45,2023-04-18,2011,N,VIIRS,n,2,290.85,0.22,N,0
25.78334,91.59552,349.23,0.43,0.38,2023-04-10,653,N,VIIRS,n,2,302.64,6.3,D,0
16.82359,73.62713,336.52,0.39,0.36,2023-04-05,826,N,VIIRS,l,2,307.21,4.11,D,0
30.63471,74.4724,341.79,0.48,0.4,2023-11-17,750,N,VIIRS,n,2,304.2,7.7,D,0
22.79731,86.20755,319.58,0.53,0.5,2023-02-10,1926,N,VIIRS,n,2,291.88,3.29,N,2
22.86141,79.80756,333.46,0.5,0.49,2023-02-14,724,N,VIIRS,n,2,303.01,3.25,D,0
20.98518,85.13128,311.83,0.54,0.51,2023-04-01,2030,N,VIIRS,n,2,291.12,1.95,N,2
30.67991,74.35522,336.47,0.34,0.56,2023-05-06,848,N,VIIRS,n,2,301.37,3.05,D,0
15.36446,74.88422,338.96,0.38,0.36,2023-02-11,818,N,VIIRS,n,2,310.22,2.06,D,0
19.30555,84.42855,351.66,0.48,0.48,2023-03-08,710,N,VIIRS,n,2,303.18,14.2,D,0
10.32714,77.09237,342.12,0.45,0.47,2023-02-26,835,N,VIIRS,n,2,302.86,9.73,D,0
22.94045,92.70961,340.41,0.5,0.41,2023-03-13,717,N,VIIRS,n,2,306.63,11.83,D,0
17.75655,82.4145,314.9,0.33,0.55,2023-03-10,2043,N,VIIRS,n,2,290.83,2.1,N,0
25.50173,90.54279,335.38,0.49,0.65,2023-03-27,756,N,VIIRS,n,2,295.9,5.4,D,0
18.13592,78.329,339.35,0.44,0.38,2023-02-22,812,N,VIIRS,l,2,312.55,6.39,D,0
23.29708,92.98415,334.45,0.52,0.41,2023-03-13,717,N,VIIRS,n,2,297.68,109.13,D,0
24.52647,94.05975,336.24,0.58,0.52,2023-01-27,621,N,VIIRS,n,2,298.67,5.34,D,0
26.03242,76.95611,331.87,0.4,0.37,2023-10-15,807,N,VIIRS,l,2,306.25,1.44,D,0
19.74599,77.51289,345.28,0.39,0.36,2023-04-06,807,N,VIIRS,n,2,314.59,6.31,D,0
24.29482,93.06419,367.0,0.35,0.56,2023-04-13,737,N,VIIRS,l,2,328.07,165.86,D,0
24.23225,74.79314,367.0,0.39,0.36,2023-05-13,815,N,VIIRS,l,2,325.09,0.82,D,0
21.8243,82.43826,335.96,0.55,0.51,2023-01-21,813,N,VIIRS,n,2,304.29,5.34,D,0
30.15226,75.97124,342.27,0.46,0.63,2023-11-03,712,N,VIIRS,n,2,292.92,8.58,D,0
24.69441,87.55604,340.27,0.39,0.44,2023-02-26,659,N,VIIRS,n,2,305.17,2.12,D,0
26.72238,84.03515,341.61,0.49,0.65,2023-04-16,822,N,VIIRS,n,2,305.2,3.9,D,0
13.39578,78.90536,332.07,0.41,0.45,2023-04-21,824,N,VIIRS,n,2,300.31,2.38,D,0
30.85858,74.47129,338.88,0.41,0.37,2023-11-05,815,N,VIIRS,n,2,300.88,2.34,D,0
28.88027,79.33154,343.53,0.44,0.38,2023-10-22,737,N,VIIRS,n,2,302.47,6.79,D,0
23.78692,86.33462,316.4,0.46,0.39,2023-02-13,2010,N,VIIRS,n,2,293.57,2.09,N,2
13.98721,79.1601,342.81,0.41,0.6,2023-04-19,722,N,VIIRS,n,2,311.52,5.69,D,0
30.0565,79.74534,346.5,0.39,0.36,2023-12-14,743,N,VIIRS,n,2,296.78,6.18,D,0
17.47326,74.63255,304.58,0.41,0.37,2023-05-03,2031,N,VIIRS,n,2,291.67,0.68,N,0
25.8775,91.42991,330.08,0.39,0.37,2023-02-26,659,N,VIIRS,n,2,303.54,2.57,D,0
18.2866,73.18111,343.33,0.5,0.49,2023-01-06,754,N,VIIRS,n,2,301.13,5.18,D,0
19.12468,82.46441,331.15,0.41,0.6,2023-03-04,825,N,VIIRS,l,2,304.81,2.49,D,0
21.80915,76.97462,340.94,0.4,0.6,2023-02-15,845,N,VIIRS,n,2,307.02,3.8,D,0
12.81807,78.86169,303.2,0.46,0.47,2023-03-02,1954,N,VIIRS,n,2,291.7,1.25,N,0
27.33796,81.35493,331.31,0.38,0.36,2023-10-27,743,N,VIIRS,n,2,302.27,1.36,D,0
26.87204,73.51646,295.49,0.48,0.48,2023-02-04,2119,N,VIIRS,n,2,284.66,1.21,N,2
23.79567,86.35081,317.77,0.42,0.45,2023-10-29,1931,N,VIIRS,n,2,294.96,3.57,N,2
20.80146,78.02268,350.18,0.4,0.37,2023-02-07,754,N,VIIRS,n,2,310.72,3.43,D,0
15.25489,78.67653,344.32,0.42,0.45,2023-02-16,824,N,VIIRS,n,2,309.04,6.24,D,0
18.2552,79.38335,332.82,0.39,0.36,2023-11-11,759,N,VIIRS,n,2,298.77,1.67,D,0
30.30542,75.05924,367.0,0.33,0.56,2023-11-13,725,N,VIIRS,h,2,300.05,9.8,D,0
15.58665,79.23773,343.69,0.41,0.37,2023-02-23,753,N,VIIRS,n,2,313.56,1.79,D,0
16.26099,80.03597,336.02,0.33,0.55,2023-05-21,722,N,VIIRS,n,2,300.55,2.36,D,0
19.0433,82.76414,335.36,0.33,0.56,2023-06-03,819,N,VIIRS,n,2,303.21,2.9,D,0
22.32011,79.09261,295.48,0.46,0.47,2023-04-24,1959,N,VIIRS,n,2,269.11,0.79,N,0
29.10452,79.9513,344.75,0.48,0.4,2023-06-04,803,N,VIIRS,n,2,308.94,7.46,D,0
25.76779,91.36691,330.64,0.51,0.5,2023-04-11,634,N,VIIRS,n,2,299.16,3.96,D,0
13.54286,79.58735,332.48,0.59,0.7,2023-04-25,850,N,VIIRS,n,2,285.61,3.42,D,0
11.09489,78.97202,336.67,0.46,0.47,2023-03-17,740,N,VIIRS,n,2,299.98,2.19,D,0
30.16759,75.59021,339.62,0.5,0.66,2023-11-19,853,N,VIIRS,n,2,294.87,8.71,D,0
23.54645,78.28372,327.73,0.34,0.56,2023-04-19,1952,N,VIIRS,n,2,282.64,2.07,N,0
24.47052,85.18034,306.06,0.39,0.36,2023-03-12,2004,N,VIIRS,n,2,293.46,1.19,N,0
25.68877,92.88243,343.95,0.4,0.37,2023-04-10,653,N,VIIRS,n,2,314.31,110.57,D,0
20.79842,85.33885,346.94,0.43,0.38,2023-12-30,740,N,VIIRS,n,2,300.33,4.55,D,0
23.48228,76.71853,303.3,0.43,0.46,2023-04-18,2011,N,VIIRS,n,2,289.44,0.7,N,0
20.50727,85.08868,334.06,0.39,0.44,2023-02-23,754,N,VIIRS,n,2,300.88,1.46,D,0
13.98516,79.03244,301.66,0.46,0.39,2023-03-12,2007,N,VIIRS,n,2,291.02,0.79,N,0
20.30381,79.60268,333.98,0.58,0.52,2023-04-19,724,N,VIIRS,l,2,307.65,5.74,D,0
20.94852,82.14694,342.03,0.43,0.38,2023-02-07,754,N,VIIRS,n,2,307.01,3.0,D,0
23.68316,86.39511,333.62,0.57,0.52,2023-01-27,2029,N,VIIRS,n,2,290.9,3.71,N,2
18.68455,73.04023,333.66,0.5,0.41,2023-09-29,806,N,VIIRS,n,2,289.38,4.22,D,2
21.64762,83.12854,336.17,0.41,0.37,2023-02-02,748,N,VIIRS,l,2,307.36,2.87,D,0
18.18246,79.36913,343.61,0.4,0.6,2023-06-02,838,N,VIIRS,n,2,308.01,4.06,D,0
21.84921,82.61694,332.04,0.68,0.74,2023-01-15,645,N,VIIRS,n,2,297.09,4.01,D,0
22.47985,76.51154,346.43,0.39,0.36,2023-04-17,802,N,VIIRS,l,2,320.79,6.46,D,0
23.42095,80.06049,331.09,0.32,0.55,2023-05-07,827,N,VIIRS,l,2,302.91,2.7,D,0
24.48329,93.53564,328.92,0.39,0.36,2023-03-09,652,N,VIIRS,n,2,299.48,85.28,D,0
24.27669,80.77926,339.34,0.51,0.41,2023-04-24,731,N,VIIRS,n,2,307.65,2.55,D,0
15.28762,75.08602,334.77,0.39,0.36,2023-12-23,811,N,VIIRS,n,2,304.92,1.57,D,0
31.30589,77.08706,295.64,0.48,0.65,2023-12-31,2129,N,VIIRS,n,2,278.1,1.23,N,0
22.6853,76.92747,297.23,0.5,0.41,2023-02-02,2017,N,VIIRS,n,2,282.66,0.62,N,0
21.77726,81.64944,339.7,0.39,0.59,2023-12-17,825,N,VIIRS,n,2,296.94,12.25,D,0
20.97097,85.17297,325.9,0.54,0.51,2023-10-10,2028,N,VIIRS,n,2,295.92,4.66,N,2
30.34336,77.1242,337.5,0.4,0.37,2023-12-13,802,N,VIIRS,n,2,294.36,3.48,D,0
19.28328,84.64812,341.29,0.38,0.36,2023-03-12,735,N,VIIRS,n,2,306.32,4.66,D,0
18.23261,73.31842,332.63,0.42,0.61,2023-04-19,904,N,VIIRS,l,2,305.53,6.41,D,0
23.90286,91.93631,344.0,0.42,0.45,2023-04-16,640,N,VIIRS,n,2,305.95,9.45,D,0
28.84346,77.14555,295.54,0.39,0.36,2023-12-18,2033,N,VIIRS,n,2,282.05,0.54,N,0
23.45905,78.2558,304.57,0.53,0.42,2023-04-18,2011,N,VIIRS,n,2,290.16,0.84,N,0
30.27442,75.61768,349.94,0.42,0.45,2023-11-15,828,N,VIIRS,n,2,300.68,6.23,D,0
18.46217,73.89948,342.58,0.4,0.37,2023-03-20,826,N,VIIRS,n,2,316.65,4.24,D,0
23.72549,85.02174,295.95,0.57,0.69,2023-03-20,2054,N,VIIRS,n,2,284.64,0.73,N,0
23.53282,84.14515,305.55,0.4,0.37,2023-04-18,2011,N,VIIRS,n,2,294.46,1.4,N,0
12.3324,77.85329,345.68,0.5,0.41,2023-02-23,752,N,VIIRS,n,2,305.35,13.93,D,0
19.44978,75.72754,338.09,0.39,0.36,2023-06-09,807,N,VIIRS,l,2,308.77,5.98,D,0
19.91678,80.84037,333.95,0.43,0.38,2023-05-19,801,N,VIIRS,l,2,303.96,3.38,D,0
29.98542,75.6617,312.93,0.4,0.37,2023-11-16,809,N,VIIRS,l,2,318.61,24.13,D,0
22.04151,83.73312,318.38,0.34,0.56,2023-11-05,2041,N,VIIRS,n,2,291.78,2.35,N,0
24.90549,93.71323,333.9,0.39,0.36,2023-03-14,659,N,VIIRS,n,2,300.1,23.43,D,0
25.52736,88.40229,349.61,0.57,0.69,2023-04-06,809,N,VIIRS,n,2,308.91,9.17,D,0
25.51985,85.14678,335.24,0.46,0.39,2023-12-14,742,N,VIIRS,n,2,296.45,4.47,D,0
22.50174,92.86002,337.74,0.5,0.41,2023-04-14,717,N,VIIRS,l,2,308.27,4.88,D,0
25.87638,92.19038,335.23,0.63,0.72,2023-03-27,756,N,VIIRS,n,2,287.71,8.69,D,0
30.12106,74.24635,342.98,0.4,0.37,2023-11-05,815,N,VIIRS,n,2,303.35,12.72,D,0
23.76278,86.39653,312.62,0.56,0.43,2023-10-16,2015,N,VIIRS,n,2,296.48,2.04,N,2
21.87449,85.62347,367.0,0.35,0.56,2023-03-05,807,N,VIIRS,h,2,308.05,3.52,D,0
20.42842,79.76561,330.91,0.55,0.42,2023-03-26,814,N,VIIRS,l,2,301.86,5.62,D,0
19.17036,84.30725,343.51,0.43,0.38,2023-03-06,747,N,VIIRS,n,2,304.5,3.66,D,0
25.81268,91.56132,350.87,0.47,0.4,2023-04-14,718,N,VIIRS,n,2,311.83,22.31,D,0
21.28536,75.46322,317.33,0.48,0.4,2023-02-23,2024,N,VIIRS,n,2,296.61,1.61,N,0
20.0439,82.74494,343.4,0.41,0.37,2023-03-12,735,N,VIIRS,n,2,314.03,4.85,D,0
14.34949,78.37155,348.92,0.48,0.4,2023-04-16,819,N,VIIRS,n,2,317.42,14.95,D,0
25.58582,86.57047,330.59,0.35,0.56,2023-06-04,802,N,VIIRS,l,2,302.29,2.52,D,0
21.10333,72.64842,305.97,0.34,0.56,2023-02-25,2127,N,VIIRS,n,2,290.53,3.79,N,2
24.36189,77.29845,367.0,0.45,0.39,2023-05-13,815,N,VIIRS,l,2,327.73,1.87,D,0
23.24314,70.02399,340.93,0.41,0.37,2023-03-14,840,N,VIIRS,n,2,313.53,4.93,D,0
18.00591,74.13171,296.99,0.43,0.62,2023-02-03,1959,N,VIIRS,n,2,286.01,0.41,N,0
29.85458,75.60321,337.31,0.51,0.5,2023-11-04,834,N,VIIRS,n,2,297.73,6.96,D,0
31.67657,75.22575,342.09,0.44,0.38,2023-05-13,817,N,VIIRS,l,2,314.82,7.73,D,0
13.17859,76.09602,331.15,0.43,0.46,2023-12-27,835,N,VIIRS,n,2,305.75,2.05,D,0
27.53375,95.40112,301.25,0.55,0.43,2023-03-13,1944,N,VIIRS,n,2,287.76,0.73,N,2
22.33899,77.07685,304.98,0.63,0.72,2023-03-08,1939,N,VIIRS,n,2,286.1,1.66,N,0
21.24445,83.69789,334.46,0.6,0.71,2023-02-16,645,N,VIIRS,n,2,301.08,3.9,D,0
23.77999,86.34539,312.27,0.41,0.37,2023-08-19,2003,N,VIIRS,n,2,287.4,1.92,N,2
23.70337,84.85579,339.61,0.47,0.4,2023-03-13,718,N,VIIRS,n,2,310.51,5.14,D,0
22.81383,86.08549,308.77,0.41,0.37,2023-04-13,2005,N,VIIRS,n,2,297.36,0.95,N,2
21.77589,82.29221,336.53,0.58,0.52,2023-02-20,711,N,VIIRS,n,2,310.21,2.75,D,0
24.16819,82.5598,305.68,0.73,0.76,2023-10-14,1912,N,VIIRS,n,2,291.33,1.25,N,2
25.85648,92.09747,309.72,0.49,0.4,2023-04-10,1920,N,VIIRS,n,2,288.69,1.34,N,0
30.29686,76.8373,335.49,0.5,0.41,2023-10-04,815,N,VIIRS,n,2,305.16,5.12,D,0
14.01724,76.12627,341.45,0.41,0.37,2023-02-01,805,N,VIIRS,n,2,309.06,3.91,D,0
22.03096,83.74428,296.47,0.38,0.36,2023-01-07,2004,N,VIIRS,n,2,284.88,1.11,N,2
22.41867,77.39419,298.21,0.47,0.64,2023-03-29,1946,N,VIIRS,n,2,284.4,1.5,N,0
15.64868,78.84142,300.11,0.34,0.56,2023-03-04,2056,N,VIIRS,n,2,289.79,0.6,N,0
20.97532,86.007,307.34,0.42,0.38,2023-03-28,2005,N,VIIRS,n,2,293.55,0.79,N,2
23.18798,78.30332,345.01,0.39,0.44,2023-04-13,737,N,VIIRS,n,2,314.18,10.88,D,0
23.69173,82.1027,337.24,0.54,0.42,2023-04-19,724,N,VIIRS,l,2,307.88,5.07,D,0
22.22593,86.07791,367.0,0.37,0.58,2023-03-05,807,N,VIIRS,h,2,312.59,4.27,D,0
29.90727,76.10144,333.42,0.46,0.39,2023-11-05,815,N,VIIRS,n,2,302.8,3.27,D,0
20.81501,81.44236,339.55,0.53,0.42,2023-05-26,729,N,VIIRS,n,2,307.3,3.59,D,0
16.21781,77.73735,367.0,0.36,0.58,2023-03-07,728,N,VIIRS,h,2,304.62,9.72,D,0
23.78468,86.33308,319.07,0.44,0.38,2023-12-26,1944,N,VIIRS,n,2,293.32,2.84,N,2
15.44985,76.35815,341.51,0.45,0.47,2023-03-06,747,N,VIIRS,n,2,308.11,4.51,D,0
15.33459,76.24799,308.58,0.46,0.47,2023-02-24,2006,N,VIIRS,n,2,292.6,1.88,N,0
29.76097,75.76379,331.64,0.52,0.41,2023-11-12,743,N,VIIRS,l,2,302.24,3.16,D,0
25.6605,77.2138,334.58,0.57,0.69,2023-01-19,852,N,VIIRS,n,2,294.27,6.12,D,0
31.57246,74.94308,352.13,0.43,0.38,2023-05-13,817,N,VIIRS,n,2,316.68,6.23,D,0
18.08913,82.82249,338.31,0.41,0.45,2023-05-24,806,N,VIIRS,n,2,295.23,7.89,D,0
26.99606,92.63258,344.89,0.41,0.45,2023-04-11,635,N,VIIRS,n,2,297.84,4.22,D,0
21.32094,80.44583,335.44,0.4,0.44,2023-06-11,729,N,VIIRS,n,2,301.98,2.46,D,0
21.87456,77.58829,346.91,0.41,0.37,2023-03-11,755,N,VIIRS,n,2,314.56,5.4,D,0
23.6434,75.59277,367.0,0.43,0.46,2023-05-12,833,N,VIIRS,l,2,326.12,1.28,D,0
22.88124,77.21766,331.86,0.42,0.45,2023-03-04,826,N,VIIRS,l,2,306.22,1.3,D,0
21.64371,83.05051,342.58,0.41,0.61,2023-01-25,658,N,VIIRS,n,2,302.82,4.11,D,0
30.75501,78.30904,299.31,0.38,0.36,2023-12-18,2032,N,VIIRS,n,2,278.19,1.02,N,0
16.25472,77.09298,336.8,0.44,0.38,2023-01-10,818,N,VIIRS,n,2,308.6,2.71,D,0
21.10678,72.64609,337.47,0.38,0.36,2023-03-31,2050,N,VIIRS,n,2,296.98,4.49,N,2
19.21737,83.15378,337.2,0.46,0.39,2023-03-07,729,N,VIIRS,n,2,303.01,5.3,D,0
25.91852,92.44113,344.2,0.44,0.38,2023-04-09,712,N,VIIRS,n,2,302.01,6.94,D,0
31.92429,74.94544,343.92,0.43,0.38,2023-05-13,817,N,VIIRS,l,2,317.51,8.15,D,0
29.12753,76.13559,351.18,0.4,0.37,2023-05-08,810,N,VIIRS,n,2,317.6,11.24,D,0
19.15614,74.97993,340.06,0.43,0.46,2023-06-02,838,N,VIIRS,l,2,313.34,2.02,D,0
24.61153,80.72066,330.62,0.5,0.41,2023-11-18,729,N,VIIRS,n,2,299.87,2.28,D,0
15.78247,78.78897,309.38,0.43,0.38,2023-02-28,2031,N,VIIRS,n,2,291.95,1.19,N,0
27.31802,95.26516,303.55,0.51,0.41,2023-03-31,1907,N,VIIRS,n,2,288.22,0.51,N,2
23.76662,86.37269,305.16,0.51,0.41,2023-11-19,1938,N,VIIRS,n,2,293.06,1.8,N,2
14.79751,76.02102,343.61,0.48,0.4,2023-02-12,759,N,VIIRS,l,2,317.33,7.43,D,0
23.68019,86.09032,299.2,0.34,0.56,2023-01-20,1920,N,VIIRS,n,2,287.51,1.23,N,2
23.73235,82.14274,337.48,0.4,0.37,2023-04-07,750,N,VIIRS,l,2,308.14,2.71,D,0
13.91,78.36543,304.99,0.67,0.74,2023-02-26,1929,N,VIIRS,n,2,289.97,2.0,N,0
23.05607,83.47324,314.31,0.4,0.44,2023-04-17,2030,N,VIIRS,n,2,294.93,2.14,N,0
30.91469,76.00282,332.08,0.48,0.4,2023-11-12,744,N,VIIRS,n,2,299.96,2.07,D,0
22.93415,78.17353,317.31,0.54,0.51,2023-04-08,1959,N,VIIRS,n,2,286.07,2.26,N,0
25.08364,86.41126,304.42,0.53,0.42,2023-03-06,2016,N,VIIRS,n,2,293.54,1.88,N,0
20.50827,85.21992,301.33,0.4,0.37,2023-02-24,2005,N,VIIRS,n,2,289.6,0.73,N,0
29.44481,77.63602,348.79,0.38,0.59,2023-02-04,713,N,VIIRS,n,2,295.54,3.9,D,0
23.63632,77.71277,318.5,0.42,0.45,2023-04-21,2055,N,VIIRS,n,2,290.55,2.5,N,0
25.2289,91.1885,326.19,0.44,0.46,2023-02-11,640,N,VIIRS,n,2,295.02,2.48,D,0
17.65128,80.56096,335.65,0.37,0.58,2023-03-09,831,N,VIIRS,l,2,305.79,3.57,D,0
20.7306,73.42108,338.01,0.38,0.36,2023-05-02,820,N,VIIRS,l,2,309.97,4.73,D,0
15.17052,76.68594,313.0,0.51,0.41,2023-04-02,2013,N,VIIRS,n,2,296.81,1.48,N,2
23.86531,92.13694,346.85,0.6,0.53,2023-04-13,737,N,VIIRS,n,2,306.72,13.81,D,0
19.52099,82.76685,350.71,0.42,0.46,2023-06-09,806,N,VIIRS,n,2,307.13,8.48,D,0
23.6161,78.23573,367.0,0.48,0.64,2023-04-25,712,N,VIIRS,h,2,307.57,15.67,D,0
26.86487,88.45846,303.53,0.43,0.46,2023-03-14,1925,N,VIIRS,n,2,290.62,1.25,N,0
21.72105,83.98669,333.16,0.45,0.63,2023-02-05,652,N,VIIRS,n,2,303.45,2.08,D,0
22.26648,83.35464,302.67,0.49,0.4,2023-02-14,1952,N,VIIRS,n,2,284.71,0.69,N,0
30.50886,74.88239,343.73,0.56,0.51,2023-05-10,732,N,VIIRS,l,2,313.84,6.95,D,0
26.87292,73.51481,302.19,0.47,0.48,2023-10-21,2021,N,VIIRS,n,2,291.59,1.14,N,2
9.34573,77.60832,334.69,0.48,0.48,2023-08-05,835,N,VIIRS,l,2,306.52,1.69,D,0
26.23273,94.22409,311.16,0.5,0.41,2023-03-13,1944,N,VIIRS,n,2,290.34,1.61,N,0
24.76313,83.59293,342.83,0.53,0.5,2023-04-20,706,N,VIIRS,n,2,310.07,5.46,D,0
21.649,84.14957,341.84,0.45,0.39,2023-04-07,749,N,VIIRS,l,2,312.36,5.0,D,0
20.60797,80.53758,336.31,0.39,0.36,2023-03-11,754,N,VIIRS,l,2,308.66,2.14,D,0
19.82558,84.04928,342.48,0.52,0.5,2023-03-05,807,N,VIIRS,n,2,302.91,13.68,D,0
15.17794,76.67273,304.85,0.39,0.36,2023-01-06,2025,N,VIIRS,n,2,292.6,0.77,N,2
30.22023,75.0411,337.59,0.34,0.56,2023-11-13,725,N,VIIRS,n,2,296.58,3.02,D,0
18.68456,73.0396,310.49,0.39,0.36,2023-05-13,2044,N,VIIRS,n,2,297.73,1.67,N,2
14.15764,76.40841,312.0,0.41,0.61,2023-01-09,2109,N,VIIRS,n,2,286.26,1.01,N,0
24.56015,87.47869,342.67,0.49,0.4,2023-03-03,705,N,VIIRS,n,2,310.16,4.85,D,0
23.55975,81.96828,334.19,0.34,0.56,2023-04-16,821,N,VIIRS,l,2,304.49,3.18,D,0
23.47386,80.63654,344.0,0.4,0.37,2023-03-27,756,N,VIIRS,n,2,312.78,5.83,D,0
21.73431,70.06092,355.04,0.34,0.56,2023-03-11,755,N,VIIRS,n,2,315.24,4.26,D,0
30.80176,75.33231,350.04,0.45,0.39,2023-05-09,751,N,VIIRS,l,2,321.64,22.22,D,0
11.6846,79.26077,367.0,0.33,0.55,2023-02-26,836,N,VIIRS,h,2,307.49,9.62,D,0
19.55062,84.89713,335.35,0.4,0.37,2023-05-20,741,N,VIIRS,l,2,305.91,1.86,D,0
25.11856,77.0022,345.47,0.68,0.74,2023-04-14,859,N,VIIRS,n,2,307.83,6.25,D,0
21.93092,85.22242,310.2,0.47,0.64,2023-10-30,1913,N,VIIRS,n,2,289.0,1.26,N,2
23.68199,86.38961,298.46,0.45,0.63,2023-12-23,2040,N,VIIRS,n,2,286.25,1.49,N,2
20.45954,83.79679,330.47,0.4,0.44,2023-04-14,717,N,VIIRS,l,2,305.05,3.04,D,0
19.67292,82.42431,337.09,0.5,0.41,2023-02-28,800,N,VIIRS,n,2,307.16,8.83,D,0
20.94343,83.7081,335.27,0.5,0.49,2023-06-12,710,N,VIIRS,n,2,302.91,2.51,D,0
21.12736,81.98316,341.09,0.42,0.38,2023-05-30,754,N,VIIRS,n,2,309.45,7.89,D,0
23.96239,83.34178,339.35,0.56,0.43,2023-06-17,717,N,VIIRS,n,2,304.48,5.99,D,0
18.20007,80.53131,332.14,0.59,0.53,2023-05-23,825,N,VIIRS,n,2,300.52,3.78,D,0
23.64304,83.26057,335.74,0.47,0.48,2023-05-27,711,N,VIIRS,n,2,304.27,3.09,D,0
19.93411,77.54948,343.35,0.42,0.38,2023-03-27,755,N,VIIRS,l,2,316.48,5.7,D,0
24.20424,85.45366,345.97,0.46,0.39,2023-04-18,743,N,VIIRS,n,2,315.23,6.57,D,0
29.87482,77.99206,328.07,0.57,0.43,2023-01-21,816,N,VIIRS,n,2,294.69,1.96,D,0
24.21395,92.80991,340.28,0.44,0.38,2023-03-08,711,N,VIIRS,n,2,302.5,11.75,D,0
23.70194,92.28353,341.09,0.42,0.37,2023-04-09,711,N,VIIRS,n,2,309.59,42.53,D,0
19.16209,78.88426,337.35,0.39,0.36,2023-04-12,755,N,VIIRS,l,2,310.77,4.07,D,0
25.49592,78.60575,337.12,0.53,0.5,2023-05-21,725,N,VIIRS,l,2,310.92,5.15,D,0
18.04251,80.02084,335.29,0.4,0.37,2023-02-12,800,N,VIIRS,n,2,309.18,4.89,D,0
18.15674,80.28368,311.24,0.43,0.46,2023-04-19,1954,N,VIIRS,n,2,296.64,2.74,N,0
25.36606,84.07574,304.97,0.39,0.36,2023-04-18,2010,N,VIIRS,n,2,294.0,0.6,N,0
23.77545,86.21133,311.42,0.4,0.37,2023-03-02,1951,N,VIIRS,n,2,294.92,1.84,N,2
21.52142,78.16199,304.08,0.33,0.55,2023-03-02,1952,N,VIIRS,n,2,291.71,0.95,N,0
13.92756,77.94794,336.95,0.4,0.37,2023-03-26,812,N,VIIRS,n,2,305.76,1.62,D,0
22.00152,82.26045,335.63,0.4,0.37,2023-02-02,748,N,VIIRS,l,2,310.41,2.33,D,0
21.17338,81.61274,353.2,0.38,0.36,2023-06-10,748,N,VIIRS,n,2,311.95,6.74,D,0
15.91091,73.80782,332.42,0.32,0.55,2023-04-23,748,N,VIIRS,l,2,303.17,2.14,D,0
25.65101,87.94749,342.72,0.45,0.39,2023-05-10,731,N,VIIRS,n,2,316.14,7.9,D,0
27.35401,84.24454,333.9,0.52,0.42,2023-04-07,750,N,VIIRS,n,2,305.92,2.55,D,0
25.5866,78.58498,335.67,0.54,0.68,2023-05-06,846,N,VIIRS,n,2,302.36,7.95,D,0
12.40651,75.3971,349.74,0.37,0.58,2023-02-13,740,N,VIIRS,n,2,305.48,4.09,D,0
13.43083,78.78362,332.21,0.49,0.4,2023-03-15,818,N,VIIRS,l,2,305.27,5.71,D,0
20.59818,80.38771,305.64,0.35,0.56,2023-04-05,2056,N,VIIRS,n,2,292.16,0.93,N,0
22.58911,85.92408,348.38,0.39,0.36,2023-02-14,723,N,VIIRS,n,2,311.96,3.18,D,0
26.67416,91.00806,355.01,0.42,0.45,2023-02-27,640,N,VIIRS,n,2,302.17,28.27,D,0
19.26593,78.48957,309.3,0.45,0.39,2023-02-17,2037,N,VIIRS,n,2,289.91,1.41,N,0
26.15404,89.89241,331.77,0.43,0.38,2023-02-26,659,N,VIIRS,n,2,300.05,3.55,D,0
20.35863,80.03991,349.97,0.54,0.68,2023-04-04,705,N,VIIRS,n,2,296.55,12.05,D,0
23.27811,77.13736,345.14,0.46,0.47,2023-04-13,737,N,VIIRS,n,2,313.35,5.04,D,0
23.60257,80.16478,339.44,0.47,0.39,2023-11-07,735,N,VIIRS,n,2,302.02,4.38,D,0
13.22559,75.91919,330.42,0.43,0.62,2023-02-09,855,N,VIIRS,l,2,302.81,2.81,D,0
20.01394,82.92642,312.2,0.39,0.36,2023-04-18,2012,N,VIIRS,n,2,297.67,1.94,N,0
16.06818,79.09278,322.88,0.41,0.37,2023-04-18,2013,N,VIIRS,n,2,296.98,1.3,N,0
22.38176,79.71175,333.49,0.6,0.53,2023-11-15,825,N,VIIRS,n,2,302.99,5.2,D,0
23.69611,82.55967,338.8,0.39,0.36,2023-04-18,743,N,VIIRS,l,2,313.58,4.56,D,0
20.82882,84.13689,350.47,0.4,0.37,2023-04-18,742,N,VIIRS,n,2,318.94,10.02,D,0
20.7973,81.50826,339.34,0.45,0.39,2023-05-31,736,N,VIIRS,l,2,310.71,9.3,D,0
14.71968,74.84966,333.76,0.38,0.36,2023-04-16,819,N,VIIRS,l,2,307.79,1.66,D,0
22.26043,84.1571,340.18,0.4,0.37,2023-04-18,743,N,VIIRS,l,2,313.63,2.47,D,0
19.98811,85.28831,317.18,0.45,0.39,2023-03-13,1946,N,VIIRS,n,2,296.63,3.15,N,0
17.54126,76.89878,336.9,0.53,0.42,2023-11-15,824,N,VIIRS,n,2,304.4,5.66,D,0
19.18711,80.50739,352.91,0.41,0.37,2023-04-17,801,N,VIIRS,n,2,311.9,7.62,D,0
25.00716,86.41919,336.2,0.44,0.46,2023-03-30,659,N,VIIRS,l,2,308.27,3.41,D,0
24.27691,87.76114,345.63,0.41,0.37,2023-04-09,712,N,VIIRS,l,2,310.78,12.06,D,0
17.88971,80.17101,334.54,0.57,0.43,2023-03-12,735,N,VIIRS,l,2,306.54,4.57,D,0
29.99741,78.45924,301.18,0.45,0.39,2023-04-16,2047,N,VIIRS,n,2,286.79,0.62,N,0
30.57393,74.20788,347.85,0.43,0.46,2023-05-12,835,N,VIIRS,n,2,317.0,4.03,D,0
30.15085,77.06428,329.24,0.64,0.54,2023-11-20,834,N,VIIRS,n,2,296.06,5.24,D,0
29.60594,75.81975,338.34,0.38,0.36,2023-10-10,802,N,VIIRS,n,2,304.88,2.67,D,0
21.4756,70.75882,344.43,0.63,0.54,2023-03-02,904,N,VIIRS,n,2,314.16,8.99,D,0
23.54775,86.54627,303.57,0.46,0.64,2023-12-23,2040,N,VIIRS,n,2,286.17,0.82,N,2
23.7754,86.38958,306.11,0.33,0.55,2023-02-05,1920,N,VIIRS,n,2,292.38,1.39,N,2
18.42222,77.97899,300.32,0.41,0.37,2023-12-03,2017,N,VIIRS,n,2,271.78,0.6,N,0
19.39046,79.00113,355.78,0.39,0.6,2023-02-26,838,N,VIIRS,n,2,306.65,6.02,D,0
19.11873,78.79571,305.51,0.37,0.58,2023-03-09,2102,N,VIIRS,n,2,287.64,1.27,N,0
19.37958,75.62894,339.34,0.57,0.43,2023-03-09,832,N,VIIRS,n,2,307.9,5.9,D,0
22.32298,82.65994,306.05,0.38,0.36,2023-02-13,2011,N,VIIRS,n,2,288.98,1.07,N,2
18.41028,72.94995,338.64,0.51,0.41,2023-03-05,807,N,VIIRS,n,2,307.23,4.83,D,0
18.37451,80.8298,309.7,0.5,0.41,2023-03-07,1959,N,VIIRS,n,2,290.79,1.78,N,0
23.61115,83.444,342.05,0.52,0.42,2023-04-12,756,N,VIIRS,n,2,311.8,4.28,D,0
24.93878,93.73592,346.22,0.61,0.71,2023-03-06,749,N,VIIRS,n,2,299.46,30.26,D,0
19.02388,78.94345,344.25,0.48,0.48,2023-04-05,826,N,VIIRS,n,2,312.83,9.49,D,0
11.22429,78.87188,345.26,0.46,0.47,2023-04-18,740,N,VIIRS,n,2,306.37,5.37,D,0
14.98462,78.66929,308.8,0.52,0.41,2023-03-05,2038,N,VIIRS,n,2,294.39,2.28,N,0
24.35999,93.98232,340.15,0.63,0.54,2023-04-08,730,N,VIIRS,n,2,303.25,6.16,D,0
23.82693,85.50089,300.32,0.6,0.53,2023-02-10,1926,N,VIIRS,n,2,290.27,3.1,N,2
22.19902,85.25735,340.74,0.42,0.45,2023-04-12,755,N,VIIRS,n,2,309.71,2.96,D,0
31.52724,74.60867,344.63,0.36,0.57,2023-11-14,847,N,VIIRS,n,2,298.72,3.31,D,0
29.91493,74.94447,301.54,0.63,0.54,2023-01-08,2124,N,VIIRS,n,2,269.37,3.87,N,0
21.96343,84.21462,341.27,0.45,0.47,2023-03-16,801,N,VIIRS,n,2,296.77,5.29,D,0
20.79644,85.25191,317.57,0.4,0.37,2023-11-23,2004,N,VIIRS,n,2,292.44,2.57,N,2
25.65794,93.84412,327.63,0.68,0.74,2023-02-24,556,N,VIIRS,n,2,293.16,3.63,D,0
29.4121,76.9308,331.7,0.39,0.36,2023-10-05,756,N,VIIRS,n,2,304.37,1.88,D,0
22.81631,86.08727,304.68,0.47,0.39,2023-10-27,2009,N,VIIRS,n,2,292.08,1.43,N,2
15.16881,76.37883,298.77,0.36,0.57,2023-06-06,1954,N,VIIRS,n,2,277.05,1.21,N,2
21.74237,83.95754,340.56,0.46,0.47,2023-02-04,710,N,VIIRS,n,2,305.12,5.82,D,0
20.65662,83.13094,339.56,0.43,0.46,2023-02-25,716,N,VIIRS,n,2,308.1,2.06,D,0
21.08166,85.04037,335.73,0.43,0.38,2023-05-05,723,N,VIIRS,l,2,302.52,8.17,D,2
30.79255,76.69087,339.84,0.53,0.5,2023-10-12,725,N,VIIRS,n,2,304.93,3.96,D,0
21.02434,85.60797,367.0,0.37,0.58,2023-02-21,651,N,VIIRS,h,2,308.33,6.82,D,0
18.26158,81.97659,339.38,0.37,0.58,2023-03-04,825,N,VIIRS,n,2,309.05,4.75,D,0
17.65757,80.06208,304.84,0.54,0.42,2023-06-11,1959,N,VIIRS,n,2,278.27,3.19,N,0
19.10183,82.16708,309.48,0.43,0.38,2023-11-18,1958,N,VIIRS,n,2,292.37,1.97,N,0
23.64285,74.50608,310.69,0.43,0.38,2023-04-05,2055,N,VIIRS,n,2,294.65,1.09,N,0
22.84988,77.46502,351.5,0.45,0.39,2023-03-26,814,N,VIIRS,n,2,312.55,6.5,D,0
23.33869,79.49965,348.12,0.43,0.38,2023-03-17,743,N,VIIRS,n,2,309.93,9.78,D,0
31.64042,75.52911,345.29,0.53,0.5,2023-05-12,836,N,VIIRS,n,2,312.64,4.68,D,0
24.28476,93.72357,367.0,0.48,0.65,2023-04-18,743,N,VIIRS,h,2,302.93,10.45,D,0
25.75429,88.20151,330.74,0.44,0.62,2023-06-04,802,N,VIIRS,l,2,303.63,3.5,D,0
11.45022,79.13492,332.59,0.41,0.6,2023-04-20,843,N,VIIRS,l,2,306.93,4.04,D,0
20.54918,80.14207,336.35,0.39,0.36,2023-03-11,754,N,VIIRS,n,2,307.47,2.87,D,0
26.40466,79.95426,334.69,0.44,0.38,2023-11-07,736,N,VIIRS,n,2,304.24,3.37,D,0
22.27263,82.63602,339.76,0.53,0.42,2023-01-13,723,N,VIIRS,n,2,302.86,5.21,D,0
25.45084,75.70554,350.86,0.32,0.55,2023-05-10,731,N,VIIRS,l,2,323.81,6.79,D,0
16.53093,76.85459,341.8,0.49,0.4,2023-01-22,753,N,VIIRS,n,2,310.9,4.09,D,0
15.4025,78.69821,340.63,0.33,0.56,2023-02-26,837,N,VIIRS,n,2,308.94,4.34,D,0
19.75533,80.66408,337.34,0.4,0.44,2023-04-11,814,N,VIIRS,n,2,307.18,6.99,D,0
15.18003,76.66248,303.35,0.51,0.66,2023-03-19,2116,N,VIIRS,n,2,292.96,1.31,N,2
22.66173,72.45612,332.39,0.39,0.36,2023-12-17,825,N,VIIRS,n,2,302.32,1.02,D,0
25.90717,78.3466,330.6,0.53,0.42,2023-11-07,736,N,VIIRS,l,2,302.91,4.22,D,0
30.81577,75.31297,352.92,0.42,0.45,2023-11-07,738,N,VIIRS,n,2,302.52,28.13,D,0
21.19111,85.18564,305.03,0.38,0.36,2023-03-07,1958,N,VIIRS,n,2,290.56,0.69,N,0
21.34917,85.8077,344.76,0.4,0.37,2023-03-02,723,N,VIIRS,n,2,310.12,3.94,D,0
22.91132,86.07158,302.85,0.53,0.42,2023-02-20,1939,N,VIIRS,n,2,290.65,0.81,N,0
30.75219,75.22791,367.0,0.49,0.65,2023-05-11,714,N,VIIRS,h,2,312.59,9.53,D,0
21.66972,82.18221,336.15,0.33,0.55,2023-04-16,820,N,VIIRS,l,2,308.46,1.98,D,0
23.72143,85.00705,305.73,0.43,0.38,2023-05-05,1952,N,VIIRS,n,2,291.93,0.89,N,2
21.6107,85.64124,331.22,0.46,0.39,2023-01-24,717,N,VIIRS,l,2,305.6,2.35,D,0
18.14114,73.59407,348.3,0.39,0.36,2023-06-03,819,N,VIIRS,n,2,309.17,7.16,D,0
19.9365,82.27612,341.99,0.39,0.36,2023-02-13,741,N,VIIRS,n,2,316.32,5.39,D,0
20.75718,84.25217,316.89,0.42,0.37,2023-04-18,2012,N,VIIRS,n,2,300.03,2.32,N,0
26.53608,94.86314,334.12,0.42,0.38,2023-01-26,640,N,VIIRS,n,2,290.52,17.58,D,0
31.97344,74.87613,330.05,0.39,0.37,2023-10-31,809,N,VIIRS,n,2,299.33,1.21,D,0
26.01275,93.34625,299.94,0.44,0.38,2023-03-09,1919,N,VIIRS,n,2,289.91,1.61,N,0
21.3428,81.97935,352.74,0.39,0.36,2023-02-13,742,N,VIIRS,n,2,313.2,13.04,D,0
22.16885,83.26035,331.35,0.39,0.36,2023-03-12,736,N,VIIRS,l,2,305.79,2.35,D,0
22.59365,85.90489,296.43,0.69,0.74,2023-12-23,1900,N,VIIRS,n,2,284.78,1.07,N,2
23.33139,79.48817,342.15,0.39,0.36,2023-03-27,756,N,VIIRS,l,2,317.14,24.39,D,0
30.60249,75.09502,345.34,0.39,0.44,2023-05-07,829,N,VIIRS,n,2,314.45,5.41,D,0
22.94432,72.06266,330.45,0.32,0.54,2023-11-24,857,N,VIIRS,n,2,299.76,1.68,D,0
24.11677,88.34526,334.64,0.53,0.42,2023-03-30,659,N,VIIRS,n,2,301.77,1.38,D,0
19.08743,82.16236,300.67,0.39,0.44,2023-11-11,2029,N,VIIRS,n,2,288.25,0.78,N,0
21.79447,85.1596,339.8,0.39,0.36,2023-04-13,736,N,VIIRS,l,2,313.15,7.15,D,0
29.68782,75.1973,349.25,0.39,0.36,2023-10-26,802,N,VIIRS,n,2,302.55,6.1,D,0
27.28699,82.54528,309.45,0.39,0.36,2023-04-18,2010,N,VIIRS,n,2,295.97,1.09,N,0
20.96315,85.17932,306.11,0.43,0.62,2023-10-20,2041,N,VIIRS,n,2,292.31,2.5,N,2
9.96753,76.39864,335.21,0.67,0.74,2023-05-10,907,N,VIIRS,n,2,285.43,3.6,D,0
15.56364,78.06143,309.96,0.48,0.48,2023-02-27,2050,N,VIIRS,n,2,292.75,1.49,N,0
21.51717,83.64248,346.5,0.5,0.41,2023-06-15,754,N,VIIRS,n,2,299.58,4.93,D,0
18.62308,80.46558,340.76,0.41,0.37,2023-02-12,800,N,VIIRS,l,2,311.91,6.03,D,0
9.09913,77.81512,349.08,0.47,0.39,2023-03-04,823,N,VIIRS,n,2,306.98,9.0,D,0
21.68399,81.41304,332.69,0.44,0.38,2023-12-25,734,N,VIIRS,n,2,302.47,3.25,D,0
19.87548,82.63262,343.63,0.34,0.56,2023-02-27,819,N,VIIRS,n,2,308.75,1.68,D,0
23.76846,86.37592,304.63,0.4,0.37,2023-06-22,1951,N,VIIRS,n,2,282.85,1.18,N,2
30.56534,76.37462,336.35,0.48,0.4,2023-10-20,815,N,VIIRS,n,2,300.66,4.59,D,0
25.71778,92.10463,332.62,0.57,0.43,2023-02-11,640,N,VIIRS,n,2,292.47,6.37,D,0
18.6869,73.0499,306.01,0.51,0.5,2023-05-22,2115,N,VIIRS,n,2,293.63,2.2,N,2
16.61514,73.42178,339.58,0.33,0.55,2023-04-23,748,N,VIIRS,n,2,306.71,2.59,D,0
28.55701,76.13249,341.66,0.53,0.5,2023-10-03,833,N,VIIRS,n,2,311.21,4.81,D,0
15.17412,76.37548,306.28,0.62,0.54,2023-01-20,2103,N,VIIRS,n,2,292.27,2.09,N,2
23.68619,93.2306,300.28,0.61,0.54,2023-03-12,2004,N,VIIRS,n,2,289.18,0.83,N,0
23.69276,75.53148,336.06,0.41,0.37,2023-01-27,802,N,VIIRS,n,2,298.9,6.46,D,0
13.94007,79.08876,367.0,0.51,0.49,2023-04-13,734,N,VIIRS,h,2,313.08,16.71,D,0
25.29326,94.53617,340.53,0.35,0.57,2023-01-18,730,N,VIIRS,n,2,296.2,3.28,D,0
19.22227,78.74541,307.17,0.4,0.37,2023-02-28,2030,N,VIIRS,n,2,294.51,1.49,N,0
22.4666,92.58299,302.4,0.42,0.45,2023-03-15,1908,N,VIIRS,n,2,288.69,1.06,N,0
20.85887,80.27466,337.79,0.5,0.41,2023-04-13,736,N,VIIRS,l,2,309.98,6.43,D,0
30.38254,74.61587,332.84,0.41,0.37,2023-11-21,815,N,VIIRS,n,2,299.77,3.77,D,0
23.38189,78.03741,352.31,0.39,0.44,2023-04-16,821,N,VIIRS,l,2,323.54,27.41,D,0
19.52842,80.15033,367.0,0.38,0.36,2023-04-12,755,N,VIIRS,h,2,311.04,8.9,D,0
17.96507,82.82985,314.22,0.38,0.36,2023-03-12,2006,N,VIIRS,n,2,294.61,1.14,N,0
26.03383,92.10159,356.17,0.56,0.43,2023-03-31,641,N,VIIRS,n,2,299.37,29.66,D,0
23.54899,86.54443,305.46,0.51,0.5,2023-07-04,1926,N,VIIRS,n,2,282.63,1.28,N,2
31.36474,76.16222,326.67,0.41,0.37,2023-01-17,751,N,VIIRS,n,2,293.33,5.06,D,0
30.47874,75.57607,367.0,0.4,0.6,2023-11-14,847,N,VIIRS,h,2,302.87,5.66,D,0
20.61495,79.81542,335.38,0.45,0.47,2023-02-27,819,N,VIIRS,n,2,310.0,3.2,D,0
21.91987,83.34915,318.72,0.5,0.41,2023-03-11,2023,N,VIIRS,n,2,297.77,2.28,N,2
21.12446,80.38711,339.35,0.4,0.44,2023-03-10,813,N,VIIRS,n,2,308.03,2.91,D,0
33.28941,75.51586,295.85,0.39,0.36,2023-09-28,2051,N,VIIRS,n,2,280.45,0.55,N,0
22.00208,83.47716,331.32,0.4,0.44,2023-06-20,801,N,VIIRS,n,2,296.72,3.14,D,0
25.88027,80.62299,330.73,0.39,0.36,2023-10-27,742,N,VIIRS,n,2,304.53,2.31,D,0
26.51263,90.22808,333.01,0.42,0.38,2023-03-13,718,N,VIIRS,n,2,301.92,3.29,D,0
23.75301,78.99062,367.0,0.54,0.42,2023-05-13,814,N,VIIRS,h,2,326.52,16.48,D,0
9.27464,78.61635,339.44,0.5,0.41,2023-02-23,751,N,VIIRS,n,2,309.3,8.62,D,0
21.86191,85.22866,344.65,0.42,0.45,2023-04-12,755,N,VIIRS,n,2,308.86,4.62,D,0
18.51459,77.74532,367.0,0.41,0.6,2023-11-13,722,N,VIIRS,h,2,301.3,9.73,D,0
21.83383,84.60968,312.87,0.39,0.44,2023-03-11,2023,N,VIIRS,n,2,292.11,1.15,N,0
23.68476,86.3962,313.04,0.47,0.4,2023-10-27,2009,N,VIIRS,n,2,292.53,1.45,N,2
25.42268,84.01196,354.73,0.39,0.44,2023-04-28,756,N,VIIRS,n,2,306.73,19.41,D,0
23.77759,86.39143,310.56,0.46,0.39,2023-03-17,2010,N,VIIRS,n,2,291.48,1.46,N,2
28.55249,77.29982,343.13,0.41,0.37,2023-01-17,750,N,VIIRS,n,2,293.77,11.27,D,0
14.53637,79.08144,335.61,0.49,0.4,2023-10-16,745,N,VIIRS,n,2,299.61,3.83,D,0
23.54696,86.5445,299.19,0.47,0.48,2023-02-07,2023,N,VIIRS,n,2,287.07,0.88,N,2
13.50126,76.79911,338.77,0.5,0.66,2023-12-26,854,N,VIIRS,n,2,303.68,4.71,D,0
18.24075,80.53417,347.2,0.54,0.42,2023-05-15,735,N,VIIRS,n,2,310.44,6.28,D,0
15.50691,78.72813,367.0,0.34,0.56,2023-02-26,837,N,VIIRS,h,2,313.1,8.5,D,0
19.51833,80.67935,346.4,0.42,0.38,2023-04-17,801,N,VIIRS,n,2,310.42,3.24,D,0
30.12468,75.73668,343.65,0.43,0.46,2023-11-15,828,N,VIIRS,n,2,305.24,17.24,D,0
23.62375,85.64197,300.81,0.51,0.41,2023-03-06,2016,N,VIIRS,n,2,286.85,0.6,N,2
24.16761,92.1713,335.98,0.43,0.38,2023-04-10,653,N,VIIRS,n,2,310.14,13.35,D,0
19.87742,83.55867,367.0,0.33,0.55,2023-04-20,704,N,VIIRS,h,2,302.89,27.25,D,0
21.57504,82.937,337.87,0.41,0.37,2023-02-02,748,N,VIIRS,l,2,308.9,2.33,D,0
15.09605,76.60777,307.27,0.54,0.51,2023-03-07,2000,N,VIIRS,n,2,292.31,1.64,N,0
20.54862,83.80392,316.17,0.4,0.37,2023-04-18,2012,N,VIIRS,n,2,301.14,2.02,N,0
18.96318,80.12098,311.96,0.55,0.43,2023-03-07,1959,N,VIIRS,n,2,293.82,2.3,N,0
20.72256,81.41918,296.71,0.43,0.38,2023-12-24,2022,N,VIIRS,n,2,284.8,0.3,N,0
14.38958,74.94476,336.95,0.46,0.39,2023-03-05,805,N,VIIRS,l,2,308.84,2.18,D,0
29.22181,76.33054,345.44,0.39,0.36,2023-11-22,756,N,VIIRS,n,2,300.17,7.11,D,0
10.92181,77.06287,311.97,0.39,0.36,2023-02-23,2026,N,VIIRS,n,2,293.13,0.61,N,0
24.19309,75.44167,300.15,0.46,0.47,2023-04-15,2108,N,VIIRS,n,2,290.14,0.51,N,0
26.58125,94.76695,330.88,0.48,0.48,2023-01-24,718,N,VIIRS,n,2,293.86,5.77,D,0
28.34521,80.69527,325.99,0.43,0.46,2023-12-26,717,N,VIIRS,n,2,295.27,2.79,D,0
24.75291,87.53616,350.62,0.49,0.41,2023-02-24,736,N,VIIRS,n,2,313.47,6.13,D,0
21.23317,79.63044,309.04,0.39,0.44,2023-04-11,2043,N,VIIRS,n,2,294.75,1.91,N,2
18.1354,73.80721,315.52,0.4,0.37,2023-03-05,2037,N,VIIRS,n,2,290.22,1.31,N,0
23.63411,76.54533,344.37,0.39,0.44,2023-04-21,827,N,VIIRS,l,2,317.72,12.88,D,0
26.85495,83.22382,337.67,0.45,0.47,2023-04-17,803,N,VIIRS,l,2,312.01,3.33,D,0
21.79269,72.64622,316.46,0.4,0.37,2023-05-23,2055,N,VIIRS,n,2,283.54,0.91,N,2
14.39984,79.27322,342.8,0.44,0.39,2023-04-11,812,N,VIIRS,l,2,314.76,5.68,D,0
26.63643,71.42627,351.13,0.41,0.37,2023-10-20,814,N,VIIRS,n,2,306.54,3.68,D,0
16.87671,80.11861,303.77,0.43,0.46,2023-02-14,1953,N,VIIRS,n,2,292.64,0.79,N,0
30.00256,75.09602,351.84,0.45,0.47,2023-05-15,739,N,VIIRS,n,2,315.7,10.61,D,0
13.1493,78.88358,346.6,0.39,0.36,2023-04-17,759,N,VIIRS,n,2,316.94,17.28,D,0
21.50669,84.63304,344.77,0.38,0.36,2023-03-12,736,N,VIIRS,n,2,306.44,3.86,D,0
21.87544,83.49571,305.18,0.41,0.37,2023-01-02,1958,N,VIIRS,n,2,289.3,1.12,N,2
23.79411,86.35167,334.34,0.47,0.47,2023-01-09,658,N,VIIRS,l,2,305.51,4.01,D,2
21.7578,84.02055,307.14,0.35,0.57,2023-10-08,1926,N,VIIRS,n,2,296.03,0.97,N,2
17.20914,78.8624,340.95,0.46,0.39,2023-03-22,748,N,VIIRS,n,2,305.87,3.69,D,0
22.56598,82.64144,316.79,0.54,0.42,2023-04-17,2030,N,VIIRS,n,2,297.26,3.97,N,0
23.38238,71.58757,308.02,0.53,0.42,2023-04-20,2114,N,VIIRS,n,2,295.23,1.5,N,0
15.10929,75.04071,297.69,0.7,0.75,2023-01-03,1941,N,VIIRS,n,2,287.09,0.65,N,0
31.85596,75.40968,338.51,0.5,0.65,2023-05-11,855,N,VIIRS,l,2,311.97,5.71,D,0
21.26826,79.44949,338.62,0.38,0.36,2023-04-12,755,N,VIIRS,l,2,313.13,2.57,D,0
22.03603,83.73188,313.46,0.4,0.37,2023-12-30,2009,N,VIIRS,n,2,289.17,1.49,N,2
31.65493,75.5577,334.1,0.5,0.66,2023-05-11,854,N,VIIRS,n,2,271.27,5.32,D,0
14.27493,78.84254,303.12,0.61,0.54,2023-02-25,1948,N,VIIRS,n,2,292.41,2.53,N,0
25.11855,85.83317,345.18,0.39,0.44,2023-05-06,705,N,VIIRS,n,2,314.31,4.58,D,0
31.24058,75.04604,337.11,0.43,0.38,2023-11-05,815,N,VIIRS,n,2,303.17,3.88,D,0
21.67236,82.0799,311.47,0.41,0.37,2023-04-13,2005,N,VIIRS,n,2,298.35,2.29,N,2
31.36353,75.32922,343.46,0.32,0.55,2023-11-09,840,N,VIIRS,n,2,292.28,3.32,D,0
13.95038,79.10979,331.37,0.45,0.39,2023-04-13,2008,N,VIIRS,n,2,300.42,5.46,N,0
22.3764,85.14305,348.09,0.41,0.37,2023-04-19,724,N,VIIRS,l,2,316.62,5.03,D,0
25.44731,92.92906,334.5,0.54,0.42,2023-03-29,718,N,VIIRS,n,2,293.0,6.14,D,0
21.48951,85.12553,335.25,0.4,0.45,2023-03-11,755,N,VIIRS,n,2,309.34,2.53,D,0
25.29643,91.39278,310.85,0.4,0.37,2023-04-14,1945,N,VIIRS,n,2,283.58,1.16,N,0
29.2774,73.58688,338.28,0.54,0.68,2023-05-16,720,N,VIIRS,n,2,301.5,3.76,D,0
30.24573,75.06233,342.32,0.48,0.48,2023-11-04,834,N,VIIRS,n,2,299.96,8.89,D,0
11.26262,77.3359,330.82,0.6,0.71,2023-04-19,721,N,VIIRS,l,2,301.45,2.47,D,0
27.06271,83.07468,332.46,0.38,0.36,2023-11-23,736,N,VIIRS,n,2,299.23,2.36,D,0
25.76018,92.17245,337.77,0.57,0.43,2023-02-27,640,N,VIIRS,n,2,293.78,10.3,D,0
22.4175,69.04074,312.72,0.39,0.36,2023-01-20,2101,N,VIIRS,n,2,288.52,0.85,N,2
20.79988,75.85242,334.42,0.51,0.41,2023-01-31,826,N,VIIRS,n,2,303.08,2.25,D,0
21.96443,84.66064,335.84,0.39,0.36,2023-05-15,736,N,VIIRS,n,2,307.11,2.64,D,0
27.05944,83.52328,344.22,0.47,0.48,2023-04-17,803,N,VIIRS,l,2,314.65,8.59,D,0
24.22286,92.57992,340.68,0.39,0.36,2023-03-14,658,N,VIIRS,n,2,308.26,3.98,D,0
23.14629,77.95853,325.42,0.38,0.36,2023-04-17,2030,N,VIIRS,n,2,292.43,1.78,N,0
15.8892,74.52821,337.78,0.46,0.47,2023-04-04,844,N,VIIRS,l,2,312.76,1.82,D,0
13.7169,76.54259,337.13,0.46,0.39,2023-01-31,824,N,VIIRS,n,2,282.29,8.47,D,0
22.76579,71.2249,349.78,0.54,0.42,2023-05-24,808,N,VIIRS,n,2,317.3,7.06,D,0
17.8796,80.11713,348.16,0.47,0.4,2023-03-01,741,N,VIIRS,n,2,311.18,5.92,D,0
25.2595,84.05679,339.75,0.48,0.48,2023-04-17,802,N,VIIRS,l,2,313.24,6.72,D,0
25.11137,77.04428,313.8,0.44,0.39,2023-04-12,2023,N,VIIRS,n,2,293.63,2.73,N,0
21.7685,84.02487,311.49,0.46,0.39,2023-08-29,2017,N,VIIRS,n,2,292.14,1.03,N,2
21.76084,85.56899,337.14,0.55,0.68,2023-02-11,820,N,VIIRS,n,2,304.96,7.26,D,0
25.16636,83.88582,327.63,0.47,0.64,2023-12-12,819,N,VIIRS,n,2,295.86,1.76,D,0
21.07903,85.03494,339.07,0.42,0.38,2023-05-04,742,N,VIIRS,n,2,304.66,3.65,D,2
30.85715,74.95215,342.54,0.41,0.37,2023-11-06,756,N,VIIRS,n,2,300.7,18.1,D,0
29.8232,75.46046,335.45,0.44,0.38,2023-11-05,815,N,VIIRS,n,2,304.44,3.95,D,0
29.77812,75.94892,336.55,0.61,0.53,2023-11-13,725,N,VIIRS,n,2,302.21,2.38,D,0
19.32295,78.00899,346.75,0.39,0.36,2023-04-06,807,N,VIIRS,n,2,312.68,7.98,D,0
22.65503,72.48463,332.69,0.47,0.39,2023-11-16,807,N,VIIRS,n,2,305.18,3.0,D,0
19.2727,84.40291,333.0,0.39,0.36,2023-03-12,735,N,VIIRS,n,2,306.46,2.0,D,0
25.91482,78.05551,337.12,0.56,0.52,2023-05-05,725,N,VIIRS,n,2,310.58,6.75,D,0
30.55317,76.00835,340.31,0.39,0.44,2023-11-07,737,N,VIIRS,n,2,298.3,5.53,D,0
21.39557,70.49138,347.08,0.39,0.36,2023-03-04,826,N,VIIRS,n,2,311.47,3.78,D,0
25.42118,80.13622,345.61,0.4,0.37,2023-06-15,755,N,VIIRS,n,2,309.72,22.88,D,0
25.53944,76.59849,341.45,0.41,0.61,2023-10-29,845,N,VIIRS,n,2,302.7,5.4,D,0
17.57322,73.96642,337.82,0.46,0.64,2023-04-03,903,N,VIIRS,l,2,311.08,2.71,D,0
16.35773,80.58062,337.67,0.45,0.47,2023-04-16,819,N,VIIRS,l,2,309.44,8.39,D,0
23.68278,86.09496,340.96,0.62,0.54,2023-02-12,801,N,VIIRS,n,2,305.08,8.83,D,2
23.22493,79.69992,340.91,0.39,0.36,2023-11-22,754,N,VIIRS,n,2,304.23,3.43,D,0
21.74815,83.8181,321.01,0.45,0.39,2023-02-02,2017,N,VIIRS,n,2,288.82,2.48,N,0
23.11571,75.54643,304.56,0.39,0.44,2023-04-10,2102,N,VIIRS,n,2,288.6,0.62,N,0
11.81847,79.59349,331.6,0.41,0.61,2023-10-28,720,N,VIIRS,n,2,292.71,2.4,D,0
21.88403,82.41738,367.0,0.44,0.63,2023-01-09,658,N,VIIRS,h,2,303.97,5.56,D,0
17.52425,77.17433,305.14,0.34,0.56,2023-02-14,1953,N,VIIRS,n,2,286.6,0.89,N,0
16.08375,79.79548,334.55,0.43,0.62,2023-05-16,716,N,VIIRS,n,2,303.06,2.61,D,0
15.17433,76.65576,341.55,0.41,0.37,2023-02-11,818,N,VIIRS,l,2,315.46,8.05,D,2
21.91989,83.34898,331.21,0.39,0.59,2023-03-30,659,N,VIIRS,l,2,302.11,2.49,D,2
28.61754,77.46522,295.77,0.34,0.56,2023-02-03,1956,N,VIIRS,n,2,283.12,0.16,N,0
23.20269,73.21751,307.31,0.45,0.39,2023-02-17,2036,N,VIIRS,n,2,288.26,1.17,N,0
15.32002,74.20895,333.54,0.55,0.51,2023-03-24,850,N,VIIRS,n,2,300.69,6.66,D,0
21.11647,73.80055,318.55,0.39,0.44,2023-04-12,2025,N,VIIRS,n,2,294.06,2.51,N,0
18.89755,80.45206,339.65,0.38,0.36,2023-04-12,755,N,VIIRS,n,2,304.99,2.81,D,0
20.96577,85.17599,345.48,0.5,0.49,2023-02-15,704,N,VIIRS,n,2,312.25,11.14,D,2
30.65299,75.29241,342.27,0.53,0.5,2023-05-10,732,N,VIIRS,l,2,313.76,7.34,D,0
23.6662,92.06184,338.56,0.51,0.5,2023-04-11,634,N,VIIRS,n,2,300.38,8.71,D,0
23.16674,83.60209,306.59,0.39,0.36,2023-04-18,2011,N,VIIRS,n,2,294.94,1.52,N,0
25.5049,93.59675,331.3,0.39,0.59,2023-04-13,737,N,VIIRS,n,2,301.27,5.37,D,0
27.34854,83.40652,304.19,0.43,0.38,2023-04-12,2022,N,VIIRS,n,2,292.34,0.62,N,0
15.51713,78.75802,315.27,0.32,0.55,2023-02-25,1947,N,VIIRS,n,2,295.32,1.53,N,0
20.05023,80.41463,342.57,0.39,0.44,2023-04-11,814,N,VIIRS,n,2,305.65,3.2,D,0
22.74771,78.6795,344.99,0.48,0.4,2023-04-18,743,N,VIIRS,l,2,315.82,5.4,D,0
30.62211,74.35477,336.4,0.34,0.56,2023-11-14,847,N,VIIRS,n,2,307.39,33.1,D,0
13.83675,78.97092,339.83,0.43,0.38,2023-02-07,752,N,VIIRS,n,2,310.01,2.36,D,0
14.28981,77.79993,340.74,0.45,0.47,2023-02-05,830,N,VIIRS,n,2,307.56,1.73,D,0
31.10094,74.96901,345.32,0.58,0.7,2023-11-24,859,N,VIIRS,n,2,291.82,8.47,D,0
25.82277,91.50754,335.84,0.43,0.38,2023-04-10,653,N,VIIRS,l,2,303.62,4.31,D,0
14.91916,75.97683,338.0,0.5,0.66,2023-03-07,728,N,VIIRS,n,2,302.98,5.85,D,0
21.29896,81.96754,345.42,0.42,0.38,2023-03-12,736,N,VIIRS,n,2,311.14,4.45,D,0
26.32624,71.08242,342.63,0.42,0.38,2023-10-20,814,N,VIIRS,n,2,312.09,7.55,D,0
12.49771,78.19715,337.5,0.59,0.7,2023-02-25,855,N,VIIRS,n,2,307.4,7.31,D,0
31.80389,77.1959,327.62,0.41,0.37,2023-01-27,804,N,VIIRS,n,2,293.05,2.45,D,0
9.43335,78.79896,335.63,0.4,0.44,2023-02-18,745,N,VIIRS,n,2,303.12,3.68,D,0
25.85955,94.35839,342.74,0.52,0.42,2023-04-11,634,N,VIIRS,n,2,301.76,114.6,D,0
22.09763,84.36105,333.51,0.58,0.52,2023-04-06,808,N,VIIRS,l,2,308.25,3.25,D,0
25.19891,92.3047,343.6,0.39,0.36,2023-03-14,659,N,VIIRS,n,2,308.0,23.17,D,0
30.45931,74.93373,348.23,0.48,0.48,2023-11-04,834,N,VIIRS,n,2,300.47,9.66,D,0
20.79179,85.25469,330.97,0.4,0.37,2023-04-03,1953,N,VIIRS,n,2,296.86,3.87,N,2
23.8033,86.32745,323.65,0.55,0.43,2023-03-22,2017,N,VIIRS,n,2,296.82,2.33,N,2
27.33126,83.64799,367.0,0.59,0.7,2023-05-07,828,N,VIIRS,h,2,302.86,8.72,D,0
19.10356,82.1715,297.02,0.47,0.4,2023-03-11,2024,N,VIIRS,n,2,285.34,0.48,N,0
20.57925,84.73772,315.96,0.49,0.48,2023-04-20,1934,N,VIIRS,n,2,296.26,2.43,N,0
23.60862,78.04327,338.71,0.5,0.49,2023-04-08,731,N,VIIRS,n,2,306.46,4.3,D,0
24.09624,93.0313,335.86,0.43,0.62,2023-04-12,615,N,VIIRS,n,2,293.8,7.46,D,0
20.69737,85.55484,299.09,0.43,0.62,2023-12-01,1913,N,VIIRS,n,2,286.93,0.26,N,0
22.28033,82.82711,334.45,0.57,0.43,2023-04-17,802,N,VIIRS,l,2,309.02,4.34,D,0
31.22996,74.61025,347.7,0.39,0.36,2023-10-31,809,N,VIIRS,n,2,299.34,5.51,D,0
19.32949,80.4636,330.92,0.43,0.46,2023-05-26,729,N,VIIRS,l,2,304.56,1.4,D,0
26.74347,84.3421,338.9,0.55,0.51,2023-06-02,659,N,VIIRS,n,2,307.44,3.18,D,0
19.73266,82.5945,338.93,0.39,0.36,2023-03-01,741,N,VIIRS,l,2,310.01,2.5,D,0
31.05116,75.64401,338.8,0.4,0.37,2023-05-08,810,N,VIIRS,l,2,309.31,1.19,D,0
25.13177,85.28837,314.86,0.43,0.38,2023-04-19,1952,N,VIIRS,n,2,295.51,1.77,N,0
22.18903,82.01558,334.64,0.41,0.37,2023-01-07,735,N,VIIRS,n,2,305.43,2.81,D,0
23.78686,86.33266,317.01,0.53,0.5,2023-11-25,1925,N,VIIRS,n,2,294.78,3.14,N,2
21.37806,81.68285,305.19,0.51,0.49,2023-02-06,2042,N,VIIRS,n,2,290.64,2.94,N,2
20.8422,81.95101,355.08,0.4,0.44,2023-05-24,807,N,VIIRS,n,2,306.39,7.09,D,0
20.95768,85.17337,315.84,0.4,0.37,2023-03-12,2005,N,VIIRS,n,2,294.37,1.31,N,2
15.4146,78.86044,347.36,0.5,0.49,2023-02-24,734,N,VIIRS,n,2,311.44,5.92,D,0
32.0942,75.48817,345.2,0.45,0.39,2023-05-13,817,N,VIIRS,l,2,316.2,5.97,D,0
17.33417,78.49933,335.59,0.48,0.4,2023-03-06,747,N,VIIRS,l,2,306.69,4.17,D,0
25.35461,83.93211,338.88,0.42,0.38,2023-12-15,723,N,VIIRS,n,2,303.01,8.41,D,0
25.73693,78.05689,330.68,0.33,0.55,2023-11-20,833,N,VIIRS,n,2,295.62,1.35,D,0
23.72013,86.44366,307.21,0.42,0.61,2023-03-04,1913,N,VIIRS,n,2,295.01,1.9,N,2
14.55054,74.89548,339.95,0.4,0.37,2023-02-16,824,N,VIIRS,n,2,311.25,3.49,D,0
19.99192,83.54939,331.17,0.48,0.4,2023-05-14,754,N,VIIRS,n,2,302.97,10.45,D,0
27.32267,84.46912,310.9,0.57,0.52,2023-04-11,2041,N,VIIRS,n,2,292.03,3.43,N,0
21.79999,83.32547,338.39,0.63,0.72,2023-02-05,832,N,VIIRS,n,2,304.07,6.77,D,0
29.69482,77.21598,337.52,0.32,0.55,2023-02-09,719,N,VIIRS,n,2,291.3,3.47,D,0
23.78669,86.33337,333.83,0.57,0.43,2023-11-14,704,N,VIIRS,n,2,308.27,3.92,D,2
19.28874,73.07373,302.13,0.41,0.45,2023-01-09,2108,N,VIIRS,n,2,291.51,0.43,N,0
22.26418,75.13456,314.79,0.48,0.4,2023-10-14,2054,N,VIIRS,n,2,295.59,1.72,N,2
23.65082,83.87931,312.49,0.39,0.36,2023-04-18,2011,N,VIIRS,n,2,297.87,2.08,N,0
22.19119,83.14112,339.32,0.48,0.4,2023-04-12,755,N,VIIRS,l,2,312.4,2.73,D,0
23.56452,87.08808,309.03,0.38,0.43,2023-05-06,1933,N,VIIRS,n,2,296.38,1.09,N,2
22.10987,83.56111,295.14,0.49,0.65,2023-03-09,1920,N,VIIRS,n,2,278.62,0.43,N,0
16.98615,75.88359,307.78,0.39,0.36,2023-04-22,2038,N,VIIRS,n,2,294.24,0.65,N,0
23.14801,75.61584,336.52,0.46,0.47,2023-04-18,743,N,VIIRS,n,2,300.87,6.35,D,0
21.6878,82.92232,331.64,0.52,0.41,2023-01-29,723,N,VIIRS,l,2,305.47,7.34,D,0
18.75452,72.91525,307.47,0.4,0.44,2023-02-26,2108,N,VIIRS,n,2,296.58,1.25,N,0
22.04001,83.74188,308.57,0.52,0.41,2023-04-28,2024,N,VIIRS,n,2,291.53,2.55,N,2
19.5792,80.6924,300.65,0.43,0.46,2023-04-19,1953,N,VIIRS,n,2,280.67,0.91,N,0
21.70494,83.57731,330.14,0.33,0.55,2023-02-06,813,N,VIIRS,l,2,302.58,1.7,D,0
30.88539,76.0206,341.27,0.46,0.39,2023-05-13,816,N,VIIRS,l,2,314.65,4.27,D,0
25.64092,94.58788,342.18,0.44,0.38,2023-04-16,640,N,VIIRS,n,2,307.81,6.82,D,0
30.18445,76.06474,340.76,0.39,0.36,2023-11-06,756,N,VIIRS,n,2,305.43,10.96,D,0
25.37516,75.86269,345.62,0.5,0.41,2023-04-23,750,N,VIIRS,l,2,317.75,8.13,D,0
26.68311,83.02872,333.45,0.52,0.42,2023-10-23,717,N,VIIRS,n,2,300.99,3.39,D,0
23.77936,86.3909,325.22,0.39,0.37,2023-04-19,1952,N,VIIRS,n,2,304.05,3.52,N,2
9.6729,76.93478,350.01,0.43,0.46,2023-02-26,835,N,VIIRS,n,2,316.58,21.59,D,0
22.45016,81.70701,332.81,0.49,0.48,2023-03-29,718,N,VIIRS,n,2,302.25,5.29,D,0
25.21951,92.17515,332.15,0.39,0.36,2023-03-14,659,N,VIIRS,n,2,297.07,2.3,D,0
14.60411,79.19076,313.84,0.46,0.47,2023-03-02,1954,N,VIIRS,n,2,293.46,1.35,N,0
20.69453,81.69621,307.97,0.61,0.71,2023-05-28,1921,N,VIIRS,n,2,288.27,4.05,N,0
18.66626,82.62321,367.0,0.53,0.67,2023-02-21,831,N,VIIRS,h,2,307.19,13.07,D,0
21.41743,85.94531,344.14,0.4,0.37,2023-02-24,735,N,VIIRS,n,2,309.84,3.35,D,0
22.76927,75.52795,346.3,0.66,0.73,2023-04-03,905,N,VIIRS,n,2,297.2,6.17,D,0
21.92506,83.33958,316.25,0.77,0.77,2023-02-10,2107,N,VIIRS,n,2,291.52,4.38,N,3
25.15911,75.94047,334.65,0.48,0.4,2023-04-21,2055,N,VIIRS,n,2,269.57,3.5,N,0
13.18312,76.36543,341.03,0.39,0.44,2023-03-11,753,N,VIIRS,n,2,309.1,0.9,D,0
30.74163,75.04459,332.91,0.39,0.36,2023-11-16,809,N,VIIRS,n,2,298.35,2.54,D,0
23.44332,80.21921,335.21,0.56,0.69,2023-11-25,658,N,VIIRS,n,2,299.96,5.89,D,0
31.05184,77.81293,295.37,0.39,0.36,2023-11-05,2039,N,VIIRS,n,2,281.56,0.46,N,0
21.89353,83.88477,339.16,0.38,0.36,2023-03-12,736,N,VIIRS,n,2,309.88,3.5,D,0
23.68117,86.0899,304.99,0.55,0.68,2023-10-09,1906,N,VIIRS,n,2,293.95,1.65,N,2
29.94046,80.35159,335.33,0.51,0.41,2023-03-16,803,N,VIIRS,n,2,283.95,6.73,D,0
18.57946,83.22708,333.53,0.74,0.76,2023-03-04,645,N,VIIRS,l,2,303.69,5.92,D,0
24.13691,82.70094,308.64,0.46,0.39,2023-02-03,1957,N,VIIRS,n,2,286.79,0.77,N,0
25.82544,91.19283,341.58,0.45,0.39,2023-03-29,718,N,VIIRS,n,2,295.74,5.05,D,0
17.16956,81.13154,331.28,0.4,0.44,2023-04-27,813,N,VIIRS,l,2,303.24,1.95,D,0
17.33973,76.07616,338.64,0.54,0.51,2023-01-28,741,N,VIIRS,n,2,309.23,4.24,D,0
19.28212,80.37314,336.42,0.57,0.43,2023-04-11,814,N,VIIRS,l,2,309.59,5.5,D,0
19.3215,83.35849,348.63,0.44,0.46,2023-02-09,716,N,VIIRS,n,2,308.31,6.03,D,0
22.47691,92.79084,331.17,0.49,0.48,2023-05-10,1958,N,VIIRS,n,2,294.61,4.17,N,0
31.177,78.12479,327.72,0.49,0.49,2023-12-28,821,N,VIIRS,n,2,297.5,3.34,D,0
23.82592,85.50143,314.71,0.43,0.38,2023-05-20,2010,N,VIIRS,n,2,300.7,4.33,N,2
21.03785,82.01212,337.45,0.42,0.38,2023-02-07,754,N,VIIRS,n,2,307.84,4.24,D,0
29.90443,78.86308,333.52,0.4,0.37,2023-01-22,757,N,VIIRS,n,2,295.5,4.13,D,0
19.29507,73.43302,335.76,0.74,0.76,2023-04-19,724,N,VIIRS,n,2,300.16,2.96,D,0
26.40096,83.68307,308.09,0.54,0.42,2023-04-17,2029,N,VIIRS,n,2,295.15,1.08,N,0
23.80434,86.32816,328.85,0.43,0.46,2023-10-13,1931,N,VIIRS,n,2,299.7,4.33,N,2
23.70667,86.07264,303.57,0.43,0.62,2023-11-21,2040,N,VIIRS,n,2,288.55,0.62,N,2
18.1076,79.97202,339.98,0.44,0.38,2023-03-05,806,N,VIIRS,l,2,312.26,5.52,D,0
23.7361,82.97547,332.7,0.39,0.6,2023-05-18,820,N,VIIRS,n,2,299.31,4.63,D,0
18.92658,79.10219,331.66,0.33,0.55,2023-12-15,721,N,VIIRS,n,2,299.03,1.18,D,0
18.75079,73.18954,334.61,0.39,0.36,2023-05-23,826,N,VIIRS,l,2,306.13,2.93,D,0
23.51706,78.06281,346.42,0.61,0.53,2023-04-10,834,N,VIIRS,n,2,309.97,9.17,D,0
20.79476,85.25879,306.52,0.4,0.37,2023-06-06,1952,N,VIIRS,n,2,289.06,1.11,N,2
21.25697,82.8759,331.35,0.43,0.62,2023-12-27,657,N,VIIRS,n,2,298.22,2.67,D,0
24.55054,80.95038,333.31,0.39,0.36,2023-11-17,748,N,VIIRS,n,2,301.48,2.19,D,0
25.0877,79.39938,341.38,0.48,0.4,2023-05-08,808,N,VIIRS,l,2,311.41,13.1,D,0
21.58534,81.87719,346.72,0.39,0.36,2023-03-17,742,N,VIIRS,n,2,308.69,5.07,D,0
19.26038,79.83602,346.07,0.44,0.39,2023-03-05,806,N,VIIRS,n,2,308.84,4.37,D,0
21.46248,76.43513,336.21,0.44,0.46,2023-01-28,742,N,VIIRS,n,2,302.52,4.14,D,0
21.47402,71.64958,337.41,0.4,0.37,2023-02-11,820,N,VIIRS,l,2,311.21,4.55,D,0
23.48006,80.93617,335.23,0.58,0.7,2023-03-14,839,N,VIIRS,n,2,304.27,4.04,D,0
31.41894,75.31464,330.97,0.42,0.45,2023-10-14,828,N,VIIRS,n,2,292.92,2.65,D,0
15.83517,78.97837,334.86,0.41,0.37,2023-02-23,753,N,VIIRS,l,2,309.63,5.61,D,0
17.16017,80.29073,331.12,0.4,0.37,2023-01-11,759,N,VIIRS,n,2,304.02,2.59,D,0
30.58485,75.41642,343.63,0.44,0.38,2023-11-05,815,N,VIIRS,n,2,307.17,17.47,D,0
27.32113,82.78795,349.69,0.53,0.42,2023-04-12,757,N,VIIRS,n,2,317.04,9.81,D,0
24.11008,85.63961,349.79,0.41,0.37,2023-04-13,737,N,VIIRS,n,2,316.19,9.54,D,0
21.82442,72.69614,337.1,0.44,0.38,2023-11-04,832,N,VIIRS,l,2,309.53,4.2,D,0
14.08288,78.29173,343.66,0.38,0.36,2023-03-21,806,N,VIIRS,n,2,313.14,12.84,D,0
25.89699,78.4821,337.01,0.54,0.42,2023-04-27,815,N,VIIRS,l,2,310.83,4.46,D,0
18.37567,80.02528,330.71,0.45,0.63,2023-06-02,838,N,VIIRS,l,2,303.86,4.16,D,0
30.88908,75.71712,339.09,0.61,0.53,2023-05-05,726,N,VIIRS,n,2,306.27,4.48,D,0
23.67036,86.4175,297.33,0.47,0.4,2023-12-30,2009,N,VIIRS,n,2,286.77,0.78,N,2
22.48241,71.84603,339.31,0.5,0.66,2023-04-13,737,N,VIIRS,l,2,310.26,4.17,D,0
19.52929,80.9372,334.4,0.49,0.4,2023-05-15,735,N,VIIRS,n,2,305.12,2.77,D,0
28.67712,77.33773,330.05,0.4,0.37,2023-08-29,750,N,VIIRS,l,2,303.96,1.82,D,0
30.19666,75.41019,332.69,0.4,0.37,2023-11-06,756,N,VIIRS,n,2,299.26,4.51,D,0
23.68662,86.38892,308.43,0.44,0.38,2023-10-07,1944,N,VIIRS,n,2,293.02,1.68,N,2
18.44831,76.0622,303.57,0.32,0.55,2023-01-18,1959,N,VIIRS,n,2,285.45,0.36,N,0
21.5781,82.02095,297.47,0.4,0.37,2023-12-19,2016,N,VIIRS,n,2,286.02,0.76,N,2
18.69135,73.03931,334.75,0.49,0.4,2023-01-27,2031,N,VIIRS,n,2,294.75,4.37,N,2
25.86561,92.20793,329.6,0.44,0.62,2023-03-27,615,N,VIIRS,n,2,288.69,16.81,D,0
25.10509,83.91132,343.58,0.39,0.36,2023-04-13,737,N,VIIRS,l,2,318.4,7.38,D,0
23.50739,75.63708,367.0,0.69,0.74,2023-04-25,712,N,VIIRS,h,2,307.39,19.15,D,0
25.24801,92.99464,340.99,0.38,0.36,2023-03-14,659,N,VIIRS,n,2,301.25,3.24,D,0
13.99819,77.80448,351.18,0.53,0.42,2023-03-04,824,N,VIIRS,n,2,313.64,6.02,D,0
22.36471,87.01749,309.25,0.47,0.4,2023-06-28,1939,N,VIIRS,n,2,285.24,1.53,N,2
28.89431,79.34657,337.11,0.42,0.61,2023-05-12,835,N,VIIRS,l,2,309.88,2.54,D,0
24.60999,76.93277,302.69,0.52,0.42,2023-04-23,2017,N,VIIRS,n,2,290.56,0.69,N,0
23.16637,82.34483,303.99,0.39,0.36,2023-02-18,2017,N,VIIRS,n,2,288.39,1.19,N,2
20.80567,85.25529,310.33,0.55,0.51,2023-02-28,2030,N,VIIRS,n,2,294.29,2.52,N,2
24.14499,88.60468,335.48,0.38,0.36,2023-03-29,718,N,VIIRS,n,2,302.48,2.83,D,0
9.60615,77.98604,336.82,0.4,0.44,2023-03-09,829,N,VIIRS,n,2,306.71,5.84,D,0
20.96814,85.15351,317.85,0.34,0.56,2023-10-31,2035,N,VIIRS,n,2,291.53,1.86,N,0
22.08905,82.61549,343.09,0.53,0.42,2023-02-14,723,N,VIIRS,n,2,308.69,4.37,D,0
23.77328,86.38754,309.32,0.53,0.5,2023-07-04,1926,N,VIIRS,n,2,289.61,2.92,N,2
25.74075,91.2812,303.12,0.54,0.42,2023-04-10,1920,N,VIIRS,n,2,292.22,1.09,N,0
18.62239,81.84521,340.67,0.4,0.37,2023-02-13,741,N,VIIRS,l,2,314.66,4.08,D,0
15.74827,80.21762,334.89,0.53,0.5,2023-05-23,825,N,VIIRS,n,2,301.78,2.42,D,0
21.61401,82.26295,348.72,0.44,0.38,2023-03-11,755,N,VIIRS,n,2,311.23,13.43,D,0
30.22474,75.67317,346.44,0.63,0.72,2023-11-08,859,N,VIIRS,n,2,291.89,10.38,D,0
23.07008,77.58111,306.14,0.57,0.43,2023-04-18,2011,N,VIIRS,n,2,287.29,0.95,N,0
13.15967,80.28525,315.24,0.38,0.36,2023-05-20,2013,N,VIIRS,n,2,295.34,2.38,N,2
15.04963,75.7284,367.0,0.4,0.44,2023-02-23,753,N,VIIRS,h,2,318.26,12.64,D,0
8.34188,77.77778,343.48,0.59,0.53,2023-06-23,841,N,VIIRS,n,2,300.21,5.43,D,0
29.68172,75.63192,331.38,0.45,0.39,2023-11-01,750,N,VIIRS,n,2,299.7,6.67,D,0
25.03893,85.35549,334.71,0.39,0.36,2023-11-18,729,N,VIIRS,n,2,300.94,2.53,D,0
16.00781,78.48258,341.15,0.39,0.36,2023-02-17,806,N,VIIRS,n,2,308.84,2.75,D,0
22.0524,81.98417,340.4,0.6,0.53,2023-05-27,711,N,VIIRS,n,2,305.3,4.71,D,0
24.01553,88.54421,334.0,0.4,0.37,2023-04-03,724,N,VIIRS,n,2,303.2,1.41,D,0
20.92942,81.90331,307.16,0.59,0.53,2023-05-27,1940,N,VIIRS,n,2,290.59,1.08,N,0
22.02167,83.38074,310.5,0.5,0.49,2023-02-17,2036,N,VIIRS,n,2,290.82,1.71,N,2
24.95393,93.6312,333.54,0.48,0.4,2023-03-08,711,N,VIIRS,n,2,299.89,5.54,D,0
23.46527,76.07954,346.05,0.52,0.42,2023-04-07,750,N,VIIRS,n,2,311.53,23.78,D,0
22.89017,77.09111,302.13,0.39,0.44,2023-04-05,2055,N,VIIRS,n,2,291.61,0.61,N,0
14.776,79.13039,340.75,0.41,0.37,2023-02-23,753,N,VIIRS,n,2,312.83,3.6,D,0
24.90873,81.27369,334.24,0.39,0.36,2023-02-02,749,N,VIIRS,n,2,301.87,4.57,D,0
29.55417,75.45021,340.58,0.39,0.36,2023-05-08,810,N,VIIRS,l,2,313.63,5.73,D,0
25.33915,73.07037,344.39,0.46,0.64,2023-05-10,731,N,VIIRS,l,2,316.68,5.91,D,0
14.27001,77.56202,304.3,0.45,0.47,2023-01-02,2000,N,VIIRS,n,2,289.17,0.54,N,0
28.30386,73.24309,343.05,0.4,0.37,2023-03-05,809,N,VIIRS,n,2,311.47,2.79,D,0
21.88429,82.2571,338.68,0.54,0.51,2023-02-06,813,N,VIIRS,n,2,308.06,3.96,D,0
19.71926,82.58108,300.4,0.39,0.36,2023-02-13,2011,N,VIIRS,n,2,289.48,0.69,N,0
22.4035,83.42264,335.32,0.39,0.44,2023-02-25,717,N,VIIRS,n,2,306.74,3.46,D,0
31.27711,76.04162,332.31,0.46,0.47,2023-11-15,828,N,VIIRS,n,2,298.92,2.74,D,0
15.17012,76.6656,322.78,0.54,0.51,2023-05-26,2000,N,VIIRS,n,2,294.26,4.8,N,2
20.25431,85.08672,306.51,0.35,0.56,2023-03-05,2036,N,VIIRS,n,2,294.56,4.27,N,0
29.82209,79.22053,338.07,0.38,0.36,2023-06-10,750,N,VIIRS,l,2,310.28,3.32,D,0
20.92085,82.52275,339.23,0.46,0.47,2023-01-08,716,N,VIIRS,n,2,302.44,4.56,D,0
20.53879,85.72047,306.96,0.47,0.4,2023-03-17,2011,N,VIIRS,n,2,283.45,0.84,N,0
24.25328,84.82209,341.62,0.41,0.37,2023-04-19,724,N,VIIRS,l,2,314.84,8.49,D,0
13.6092,79.13873,351.77,0.52,0.5,2023-02-24,734,N,VIIRS,n,2,311.35,9.52,D,0
29.97139,75.4696,331.4,0.44,0.38,2023-11-05,815,N,VIIRS,n,2,300.31,1.57,D,0
25.26837,83.81073,355.15,0.41,0.37,2023-04-18,744,N,VIIRS,n,2,320.45,6.15,D,0
19.52842,78.31779,350.04,0.57,0.52,2023-03-23,730,N,VIIRS,n,2,305.48,5.97,D,0
18.6608,78.14724,330.26,0.55,0.68,2023-11-19,849,N,VIIRS,n,2,296.87,2.66,D,0
30.575,75.95271,343.12,0.41,0.37,2023-05-08,810,N,VIIRS,l,2,313.51,6.06,D,0
14.65869,74.80495,333.92,0.46,0.39,2023-02-21,830,N,VIIRS,l,2,306.82,2.81,D,0
25.5193,94.5212,367.0,0.35,0.57,2023-03-07,730,N,VIIRS,h,2,301.71,11.96,D,0
30.59451,74.26361,328.65,0.42,0.61,2023-11-19,853,N,VIIRS,n,2,294.13,3.41,D,0
23.77938,86.38842,311.4,0.39,0.36,2023-08-30,1957,N,VIIRS,n,2,283.07,1.79,N,2
29.47499,79.83359,301.86,0.4,0.6,2023-03-03,2111,N,VIIRS,n,2,284.16,0.77,N,0
25.40931,94.1414,330.4,0.33,0.55,2023-02-19,730,N,VIIRS,n,2,298.53,2.75,D,0
19.31531,73.1375,337.95,0.39,0.36,2023-03-31,820,N,VIIRS,n,2,304.23,3.41,D,0
22.6816,77.65643,303.45,0.56,0.43,2023-04-02,2011,N,VIIRS,n,2,288.76,0.83,N,0
18.16062,80.81163,341.99,0.48,0.4,2023-03-05,806,N,VIIRS,n,2,311.34,3.84,D,0
22.05993,88.11463,307.49,0.39,0.36,2023-03-13,1946,N,VIIRS,n,2,294.69,1.0,N,0
15.25022,74.59104,344.81,0.4,0.37,2023-04-11,813,N,VIIRS,n,2,309.99,5.69,D,0
17.93814,80.16174,350.82,0.45,0.63,2023-02-26,837,N,VIIRS,n,2,304.63,13.33,D,0
25.43206,78.62942,296.9,0.45,0.39,2023-12-23,2040,N,VIIRS,n,2,283.85,0.59,N,0
22.1911,92.59824,350.53,0.5,0.66,2023-04-12,615,N,VIIRS,n,2,303.11,7.9,D,0
31.80312,75.58671,330.08,0.41,0.37,2023-10-31,809,N,VIIRS,l,2,302.21,2.71,D,0
16.11027,77.02856,343.35,0.51,0.41,2023-05-23,825,N,VIIRS,n,2,310.72,10.72,D,0
25.32664,92.70222,333.0,0.44,0.39,2023-03-08,711,N,VIIRS,n,2,300.8,2.93,D,0
23.591,77.18782,306.76,0.4,0.44,2023-04-18,2011,N,VIIRS,n,2,287.21,1.0,N,0
24.23591,77.27065,346.62,0.4,0.37,2023-03-27,756,N,VIIRS,n,2,315.11,5.41,D,0
16.05074,79.10207,356.6,0.45,0.47,2023-02-16,824,N,VIIRS,n,2,311.68,9.09,D,0
27.03631,69.71501,308.72,0.42,0.61,2023-03-01,2150,N,VIIRS,n,2,286.92,1.04,N,0
18.68298,73.04073,339.47,0.39,0.36,2023-01-10,819,N,VIIRS,l,2,310.37,6.97,D,2
13.35179,79.04044,343.35,0.33,0.56,2023-02-19,727,N,VIIRS,n,2,303.28,2.97,D,0
22.11995,83.87799,367.0,0.54,0.68,2023-03-04,826,N,VIIRS,h,2,306.16,8.11,D,0
18.81803,80.2655,337.8,0.54,0.42,2023-04-13,736,N,VIIRS,n,2,305.5,6.65,D,0
23.14994,92.35618,305.75,0.55,0.68,2023-03-11,1842,N,VIIRS,n,2,290.07,0.79,N,0
21.81799,70.98574,340.75,0.66,0.73,2023-04-02,924,N,VIIRS,n,2,305.69,5.15,D,0
29.95791,75.21676,336.94,0.38,0.59,2023-10-29,846,N,VIIRS,n,2,297.2,4.23,D,0
12.98139,76.05692,331.58,0.52,0.5,2023-03-06,746,N,VIIRS,l,2,306.21,1.56,D,0
27.61663,93.0546,335.41,0.39,0.36,2023-04-15,700,N,VIIRS,n,2,293.55,3.86,D,0
29.68478,79.0134,301.04,0.47,0.48,2023-05-12,2059,N,VIIRS,n,2,290.07,0.97,N,0
30.26629,79.4848,307.84,0.37,0.58,2023-03-03,2111,N,VIIRS,n,2,282.21,1.28,N,0
17.76368,81.53123,311.11,0.4,0.37,2023-04-13,2006,N,VIIRS,n,2,297.15,1.21,N,0
13.80414,77.91012,306.26,0.52,0.41,2023-04-13,2008,N,VIIRS,n,2,295.65,2.03,N,0
19.09005,82.17052,304.05,0.39,0.44,2023-11-11,2029,N,VIIRS,n,2,289.1,1.76,N,0
23.57582,82.79539,339.03,0.48,0.4,2023-04-12,756,N,VIIRS,l,2,311.61,4.39,D,0
31.23142,74.63931,329.16,0.45,0.63,2023-11-03,853,N,VIIRS,n,2,291.95,3.18,D,0
19.85879,80.10094,344.12,0.38,0.36,2023-04-12,755,N,VIIRS,n,2,308.43,3.83,D,0
13.92038,79.47684,306.57,0.54,0.51,2023-04-14,1949,N,VIIRS,n,2,295.35,2.63,N,0
15.52403,74.79731,341.6,0.49,0.65,2023-03-18,903,N,VIIRS,n,2,305.45,5.76,D,0
22.36864,87.30103,336.49,0.38,0.36,2023-04-03,724,N,VIIRS,l,2,307.22,3.41,D,2
25.0248,84.00627,335.02,0.49,0.49,2023-12-16,704,N,VIIRS,n,2,297.98,4.41,D,0
21.1076,72.64667,344.99,0.48,0.65,2023-01-07,736,N,VIIRS,n,2,297.92,7.09,D,2
21.32579,85.4864,305.11,0.54,0.42,2023-03-06,2017,N,VIIRS,n,2,293.08,1.59,N,0
13.15046,76.09485,301.14,0.44,0.38,2023-02-18,2020,N,VIIRS,n,2,289.17,1.0,N,0
20.97035,81.40108,352.52,0.67,0.74,2023-02-05,652,N,VIIRS,n,2,304.83,9.02,D,0
21.24461,81.77091,303.26,0.41,0.45,2023-03-05,2036,N,VIIRS,n,2,291.72,0.9,N,2
20.7603,85.29221,308.62,0.44,0.46,2023-04-28,2024,N,VIIRS,n,2,292.31,1.23,N,0
28.90403,79.49458,340.49,0.54,0.42,2023-06-09,809,N,VIIRS,n,2,309.06,1.18,D,0
23.84662,94.11224,332.44,0.4,0.6,2023-04-13,737,N,VIIRS,n,2,301.8,1.9,D,0
17.72875,79.04627,357.26,0.47,0.48,2023-06-08,825,N,VIIRS,n,2,299.14,9.12,D,0
21.57915,85.34013,367.0,0.42,0.45,2023-04-12,755,N,VIIRS,h,2,320.42,32.82,D,0
23.80029,87.04813,307.3,0.48,0.64,2023-12-28,1906,N,VIIRS,n,2,291.88,2.5,N,2
31.88973,75.28671,337.65,0.37,0.58,2023-05-16,720,N,VIIRS,l,2,308.99,3.2,D,0
24.40645,87.84939,339.82,0.46,0.47,2023-04-10,653,N,VIIRS,l,2,310.36,6.29,D,0
19.72992,80.0603,306.9,0.41,0.37,2023-04-02,2012,N,VIIRS,n,2,295.08,1.04,N,0
24.21754,79.42257,342.2,0.38,0.59,2023-01-04,833,N,VIIRS,n,2,296.71,3.74,D,0
23.71133,77.91342,367.0,0.47,0.64,2023-04-20,846,N,VIIRS,h,2,303.22,4.82,D,0
23.37657,77.91881,352.28,0.57,0.43,2023-05-02,821,N,VIIRS,n,2,306.71,17.7,D,0
26.72506,82.0849,339.4,0.42,0.37,2023-06-10,749,N,VIIRS,l,2,310.77,3.67,D,0
16.00524,78.1711,337.27,0.42,0.46,2023-12-14,739,N,VIIRS,n,2,304.17,6.25,D,0
31.0562,76.00277,347.46,0.49,0.4,2023-05-20,745,N,VIIRS,n,2,317.4,8.28,D,0
21.32638,80.77465,333.06,0.47,0.4,2023-04-13,736,N,VIIRS,l,2,305.54,4.73,D,0
29.84403,75.79363,334.21,0.4,0.37,2023-10-31,809,N,VIIRS,n,2,302.45,5.71,D,0
18.55906,73.48604,330.93,0.35,0.56,2023-02-09,857,N,VIIRS,l,2,303.46,4.41,D,0
31.55261,75.36959,331.66,0.5,0.49,2023-04-24,733,N,VIIRS,l,2,306.34,2.66,D,0
29.75639,75.3568,332.48,0.41,0.37,2023-11-06,756,N,VIIRS,n,2,301.6,3.95,D,0
22.34479,69.87673,367.0,0.34,0.56,2023-11-22,754,N,VIIRS,h,2,304.42,7.19,D,0
30.05647,74.51525,343.66,0.49,0.4,2023-11-17,750,N,VIIRS,n,2,289.16,34.16,D,0
26.79527,83.27774,304.37,0.41,0.45,2023-04-22,2035,N,VIIRS,n,2,290.61,0.55,N,0
23.20591,79.82227,341.99,0.49,0.4,2023-11-16,807,N,VIIRS,n,2,301.68,5.09,D,0
11.10358,76.52977,341.39,0.41,0.45,2023-03-11,752,N,VIIRS,n,2,303.05,17.87,D,0
24.7729,94.09076,302.0,0.4,0.37,2023-05-06,1932,N,VIIRS,n,2,290.5,0.71,N,0
32.75167,74.56448,306.31,0.39,0.44,2023-05-19,2027,N,VIIRS,n,2,290.9,0.59,N,0
17.98461,78.45667,338.44,0.44,0.39,2023-03-10,813,N,VIIRS,n,2,310.93,4.36,D,0
23.61816,88.36694,336.36,0.46,0.39,2023-03-03,704,N,VIIRS,l,2,309.92,2.9,D,0
12.68981,78.49044,336.89,0.38,0.36,2023-03-05,805,N,VIIRS,l,2,311.39,2.82,D,0
26.7196,84.34542,328.97,0.42,0.46,2023-02-07,756,N,VIIRS,n,2,295.21,1.88,D,0
31.0236,74.70675,337.61,0.42,0.37,2023-05-13,816,N,VIIRS,l,2,311.43,5.94,D,0
18.68124,73.03416,328.68,0.42,0.38,2023-10-31,2036,N,VIIRS,n,2,296.01,1.9,N,2
21.21089,83.77762,335.29,0.75,0.77,2023-06-03,639,N,VIIRS,n,2,299.79,5.21,D,0
31.06645,74.93356,333.81,0.46,0.39,2023-11-17,750,N,VIIRS,n,2,300.38,2.24,D,0
25.84712,76.7682,339.64,0.43,0.46,2023-10-22,736,N,VIIRS,n,2,306.39,8.55,D,0
23.56436,93.09392,367.0,0.53,0.42,2023-03-13,717,N,VIIRS,h,2,311.9,15.61,D,0
30.5674,74.6879,336.75,0.46,0.47,2023-11-04,834,N,VIIRS,n,2,292.76,3.26,D,0
23.78097,86.39236,335.67,0.39,0.36,2023-03-18,724,N,VIIRS,l,2,305.74,4.33,D,2
18.43126,78.51649,335.07,0.56,0.43,2023-01-12,741,N,VIIRS,n,2,308.46,4.75,D,0
28.48942,80.41929,331.41,0.41,0.37,2023-01-23,737,N,VIIRS,n,2,298.79,2.0,D,0
21.74052,79.02971,355.75,0.39,0.36,2023-02-12,801,N,VIIRS,n,2,310.69,12.27,D,0
22.23037,80.18866,341.01,0.49,0.4,2023-03-12,736,N,VIIRS,n,2,308.8,3.86,D,0
15.70655,74.2091,332.97,0.57,0.69,2023-03-07,909,N,VIIRS,n,2,298.55,5.05,D,0
23.01462,78.13422,331.79,0.61,0.53,2023-04-10,834,N,VIIRS,l,2,304.4,2.12,D,0
20.53597,84.60833,333.81,0.38,0.36,2023-03-12,735,N,VIIRS,l,2,308.42,2.47,D,0
30.34823,74.8661,347.41,0.41,0.37,2023-11-22,756,N,VIIRS,n,2,301.39,6.74,D,0
26.79272,93.93531,331.0,0.43,0.46,2023-02-17,627,N,VIIRS,n,2,298.72,2.3,D,0
17.95349,80.31052,337.5,0.58,0.52,2023-03-02,722,N,VIIRS,n,2,310.25,5.44,D,0
18.80672,83.18688,341.63,0.58,0.52,2023-04-09,710,N,VIIRS,n,2,295.72,11.78,D,0
13.72289,77.96929,343.82,0.38,0.43,2023-02-18,746,N,VIIRS,n,2,309.47,4.49,D,0
30.16061,75.0574,341.43,0.34,0.56,2023-05-05,726,N,VIIRS,n,2,304.16,3.22,D,0
25.71964,78.01289,350.4,0.55,0.43,2023-11-23,736,N,VIIRS,n,2,302.48,9.75,D,0
15.63765,78.59171,330.85,0.52,0.5,2023-05-31,734,N,VIIRS,n,2,298.95,3.99,D,0
28.6571,79.92921,340.35,0.41,0.37,2023-06-15,756,N,VIIRS,n,2,306.49,5.1,D,0
13.78035,78.74108,332.86,0.54,0.51,2023-05-15,734,N,VIIRS,n,2,298.58,2.68,D,0
24.16156,82.6682,301.1,0.52,0.5,2023-03-26,2042,N,VIIRS,n,2,289.08,0.82,N,0
25.98647,91.95501,352.09,0.42,0.38,2023-04-09,712,N,VIIRS,n,2,291.26,10.07,D,0
22.63154,85.90707,343.23,0.38,0.36,2023-03-07,730,N,VIIRS,n,2,309.33,3.17,D,0
30.85888,74.86811,340.41,0.39,0.36,2023-05-08,810,N,VIIRS,l,2,312.87,3.87,D,0
13.56208,78.45223,304.06,0.53,0.42,2023-02-17,2038,N,VIIRS,n,2,291.07,1.12,N,0
19.32008,83.20383,330.47,0.46,0.63,2023-03-04,825,N,VIIRS,l,2,302.65,3.66,D,0
21.07793,85.04155,333.6,0.42,0.38,2023-12-14,740,N,VIIRS,l,2,304.28,3.57,D,2
20.13271,79.72025,335.0,0.55,0.43,2023-04-13,736,N,VIIRS,l,2,307.64,2.04,D,0
25.23772,91.2908,310.26,0.4,0.37,2023-03-13,1945,N,VIIRS,n,2,292.31,2.43,N,0
19.66165,84.24644,303.59,0.42,0.38,2023-03-01,2011,N,VIIRS,n,2,293.57,1.29,N,0
23.75642,86.40492,308.95,0.53,0.5,2023-06-02,1926,N,VIIRS,n,2,296.03,2.5,N,2
23.77942,86.38995,321.67,0.41,0.37,2023-10-22,2003,N,VIIRS,n,2,290.89,2.02,N,2
22.36724,87.29752,319.86,0.45,0.39,2023-04-13,2005,N,VIIRS,n,2,299.32,1.83,N,2
28.18215,80.95687,329.03,0.52,0.41,2023-11-29,724,N,VIIRS,n,2,293.51,2.88,D,0
21.94439,86.57341,344.07,0.43,0.38,2023-01-07,735,N,VIIRS,n,2,300.93,8.51,D,0
19.18937,82.86839,342.25,0.44,0.38,2023-04-12,755,N,VIIRS,n,2,311.89,5.33,D,0
25.80552,78.03382,338.41,0.35,0.57,2023-11-08,717,N,VIIRS,n,2,297.34,3.26,D,0
18.80854,84.26069,301.83,0.41,0.61,2023-03-10,2043,N,VIIRS,n,2,289.79,1.31,N,0
22.79457,82.53144,337.84,0.4,0.37,2023-04-13,737,N,VIIRS,l,2,312.28,2.89,D,0
15.74954,79.81808,340.38,0.52,0.42,2023-06-05,740,N,VIIRS,n,2,307.3,6.35,D,0
23.7837,80.21587,313.67,0.41,0.37,2023-04-17,2030,N,VIIRS,n,2,296.56,2.15,N,0
21.14283,81.91338,339.83,0.5,0.66,2023-02-10,658,N,VIIRS,n,2,305.53,3.68,D,0
10.67985,78.9504,355.58,0.48,0.65,2023-04-03,721,N,VIIRS,n,2,293.22,20.52,D,0
25.27414,75.68945,342.12,0.51,0.5,2023-10-22,736,N,VIIRS,n,2,299.69,14.81,D,0
24.13315,93.45599,309.38,0.49,0.48,2023-03-10,1901,N,VIIRS,n,2,283.06,1.98,N,0
22.064,88.12312,328.33,0.4,0.44,2023-10-11,2009,N,VIIRS,n,2,296.59,0.79,N,2
30.06097,75.3032,336.19,0.46,0.39,2023-11-17,750,N,VIIRS,n,2,302.56,3.29,D,0
22.28648,86.1993,333.25,0.39,0.36,2023-03-02,723,N,VIIRS,l,2,306.56,1.99,D,0
21.85543,87.52103,339.16,0.46,0.47,2023-12-19,747,N,VIIRS,n,2,298.5,2.14,D,0
30.31998,75.65312,339.48,0.38,0.59,2023-11-08,719,N,VIIRS,n,2,294.76,3.95,D,0
15.57265,78.85139,334.96,0.55,0.51,2023-04-10,831,N,VIIRS,l,2,308.49,4.4,D,0
21.87726,83.55431,302.17,0.43,0.38,2023-03-22,2017,N,VIIRS,n,2,287.85,0.48,N,2
29.57409,78.91087,341.55,0.4,0.37,2023-02-13,744,N,VIIRS,n,2,302.08,4.15,D,0
30.69936,74.82414,357.15,0.45,0.63,2023-11-19,853,N,VIIRS,n,2,299.0,6.42,D,0
14.23483,78.44096,347.34,0.44,0.39,2023-02-23,753,N,VIIRS,n,2,316.38,7.72,D,0
25.41252,76.66255,339.87,0.52,0.41,2023-10-25,820,N,VIIRS,n,2,309.47,7.14,D,0
22.95367,92.83816,355.05,0.51,0.49,2023-03-07,729,N,VIIRS,n,2,304.79,16.64,D,0
21.14527,83.07748,337.98,0.57,0.43,2023-02-12,801,N,VIIRS,n,2,310.16,7.97,D,0
23.1559,77.92357,334.35,0.32,0.55,2023-10-28,723,N,VIIRS,n,2,301.98,2.38,D,0
21.86056,82.04244,333.52,0.41,0.37,2023-11-23,735,N,VIIRS,l,2,304.22,5.23,D,0
21.4609,84.82252,335.67,0.39,0.59,2023-02-22,813,N,VIIRS,l,2,308.95,3.09,D,0
29.55353,76.12878,330.44,0.61,0.54,2023-05-05,726,N,VIIRS,l,2,301.38,1.75,D,0
20.22332,80.89302,311.43,0.39,0.36,2023-04-18,2012,N,VIIRS,n,2,296.65,1.36,N,0
21.71344,87.73779,345.7,0.38,0.59,2023-12-29,759,N,VIIRS,n,2,295.8,3.89,D,0
17.99322,80.05119,331.76,0.4,0.37,2023-01-11,800,N,VIIRS,l,2,304.89,3.0,D,0
23.83107,91.78371,336.1,0.57,0.69,2023-04-12,756,N,VIIRS,n,2,297.61,3.65,D,0
16.02385,78.78013,314.65,0.49,0.41,2023-03-12,2006,N,VIIRS,n,2,295.24,1.11,N,3
31.29749,76.39194,329.05,0.39,0.36,2023-11-06,756,N,VIIRS,n,2,300.41,1.92,D,0
21.55032,74.5907,304.72,0.46,0.39,2023-02-16,2055,N,VIIRS,n,2,290.81,0.67,N,0
17.90204,80.58316,332.86,0.4,0.37,2023-03-06,747,N,VIIRS,n,2,304.87,2.11,D,0
19.49909,78.70385,338.04,0.34,0.56,2023-05-21,723,N,VIIRS,n,2,306.89,4.31,D,0
24.18711,78.54111,318.38,0.41,0.37,2023-04-06,2036,N,VIIRS,n,2,289.86,1.35,N,0
22.75308,69.56145,317.22,0.63,0.72,2023-05-25,2158,N,VIIRS,n,2,291.41,3.49,N,3
25.73954,92.26408,340.85,0.51,0.49,2023-03-07,730,N,VIIRS,n,2,302.14,3.35,D,0
30.11576,75.77132,340.23,0.4,0.37,2023-10-31,809,N,VIIRS,n,2,299.92,3.15,D,0
18.60968,78.54137,333.82,0.45,0.47,2023-03-04,825,N,VIIRS,l,2,308.11,4.63,D,0
23.46241,84.46425,334.1,0.42,0.38,2023-04-18,743,N,VIIRS,l,2,308.58,3.23,D,0
22.51392,73.91588,304.56,0.4,0.44,2023-02-26,2107,N,VIIRS,n,2,292.56,1.25,N,0
17.89268,74.46763,341.33,0.39,0.44,2023-02-26,838,N,VIIRS,n,2,310.84,1.9,D,0
19.58727,83.84861,308.44,0.52,0.42,2023-02-25,1946,N,VIIRS,n,2,293.02,1.85,N,0
28.39702,80.86405,341.52,0.41,0.6,2023-06-08,828,N,VIIRS,n,2,305.07,7.07,D,0
23.76493,86.37519,302.98,0.43,0.46,2023-03-03,1932,N,VIIRS,n,2,291.23,1.69,N,0
21.92125,83.34663,303.05,0.48,0.4,2023-12-31,1951,N,VIIRS,n,2,290.87,1.95,N,2
31.03326,76.24316,338.85,0.39,0.36,2023-11-06,756,N,VIIRS,n,2,297.44,3.7,D,0
24.11423,88.35372,335.77,0.4,0.37,2023-04-03,724,N,VIIRS,n,2,303.71,3.01,D,0
22.29168,86.98876,347.59,0.41,0.37,2023-03-13,717,N,VIIRS,n,2,313.03,4.14,D,0
22.38404,71.76252,344.57,0.52,0.5,2023-04-12,756,N,VIIRS,n,2,312.43,9.69,D,0
20.75076,82.19388,342.26,0.4,0.44,2023-06-06,723,N,VIIRS,n,2,306.8,4.55,D,0
19.32733,73.16502,355.78,0.61,0.71,2023-02-19,729,N,VIIRS,n,2,315.73,12.98,D,0
22.9596,77.453,340.28,0.44,0.46,2023-04-05,827,N,VIIRS,l,2,310.56,3.99,D,0
20.94156,82.05119,355.54,0.4,0.44,2023-05-24,807,N,VIIRS,n,2,311.2,13.22,D,0
20.30155,84.72128,323.71,0.39,0.36,2023-03-12,2005,N,VIIRS,n,2,296.0,1.96,N,0
23.28067,80.35043,345.74,0.41,0.37,2023-04-18,743,N,VIIRS,n,2,317.63,5.97,D,0
19.15838,84.2203,334.26,0.42,0.61,2023-02-27,819,N,VIIRS,n,2,298.38,2.41,D,0
22.34159,79.81631,342.8,0.32,0.54,2023-11-08,716,N,VIIRS,n,2,302.39,4.3,D,0
25.2927,84.35746,342.46,0.5,0.41,2023-05-09,749,N,VIIRS,l,2,314.75,8.63,D,0
23.82789,86.71883,332.11,0.68,0.74,2023-05-08,627,N,VIIRS,l,2,304.53,4.14,D,0
22.13868,85.31462,367.0,0.53,0.5,2023-04-17,802,N,VIIRS,h,2,303.32,13.03,D,0
18.01353,80.26248,345.09,0.45,0.47,2023-03-15,819,N,VIIRS,n,2,301.6,3.79,D,0
20.99073,82.22157,336.59,0.48,0.48,2023-12-26,715,N,VIIRS,n,2,300.17,3.81,D,0
21.93002,85.21882,308.15,0.42,0.45,2023-01-22,2023,N,VIIRS,n,2,287.37,1.11,N,2
23.69501,86.07948,326.02,0.55,0.51,2023-01-27,2029,N,VIIRS,n,2,288.06,4.39,N,2
9.6326,77.83729,345.69,0.4,0.37,2023-02-17,804,N,VIIRS,n,2,317.95,6.63,D,0
22.08865,86.90009,331.77,0.72,0.76,2023-03-05,627,N,VIIRS,n,2,305.29,5.88,D,0
15.00107,79.55473,339.07,0.46,0.39,2023-06-10,746,N,VIIRS,n,2,303.31,2.44,D,0
25.13237,94.25216,335.77,0.38,0.36,2023-04-10,653,N,VIIRS,n,2,307.99,7.63,D,0
23.68479,82.3411,339.11,0.46,0.39,2023-04-12,756,N,VIIRS,l,2,313.73,3.28,D,0
21.42193,81.38375,336.66,0.52,0.42,2023-12-20,728,N,VIIRS,n,2,298.56,3.19,D,0
27.39535,82.53451,339.35,0.41,0.61,2023-11-20,652,N,VIIRS,n,2,297.2,4.9,D,0
27.53893,96.27629,332.94,0.42,0.37,2023-04-11,635,N,VIIRS,n,2,299.86,5.24,D,0
18.68172,73.03499,308.61,0.4,0.6,2023-12-25,2004,N,VIIRS,n,2,294.69,2.21,N,2
23.75991,86.40368,324.36,0.41,0.37,2023-08-03,2004,N,VIIRS,n,2,291.59,2.74,N,2
18.15594,74.74025,340.24,0.41,0.45,2023-12-24,753,N,VIIRS,n,2,280.93,2.55,D,0
14.13918,77.56339,340.06,0.44,0.38,2023-02-11,818,N,VIIRS,l,2,312.55,7.29,D,0
21.91399,87.50141,333.98,0.41,0.37,2023-12-20,728,N,VIIRS,n,2,302.33,5.1,D,0
27.25911,83.59445,350.21,0.42,0.38,2023-04-18,744,N,VIIRS,l,2,327.01,39.06,D,0
22.29813,93.16312,341.12,0.34,0.56,2023-01-23,735,N,VIIRS,n,2,296.86,3.03,D,0
17.94961,80.56419,307.37,0.42,0.38,2023-03-11,2025,N,VIIRS,n,2,293.44,0.89,N,0
17.82622,76.80531,340.74,0.43,0.46,2023-03-25,832,N,VIIRS,n,2,306.29,3.79,D,0
23.78891,84.8348,333.68,0.58,0.52,2023-02-26,658,N,VIIRS,n,2,306.13,1.89,D,0
18.67986,73.03337,334.91,0.39,0.36,2023-03-31,820,N,VIIRS,n,2,301.72,6.4,D,2
21.91318,83.24624,342.35,0.43,0.38,2023-01-02,729,N,VIIRS,n,2,299.78,5.14,D,0
22.49147,77.48321,307.72,0.47,0.64,2023-03-29,1946,N,VIIRS,n,2,287.33,1.41,N,0
31.24339,74.96983,338.45,0.5,0.65,2023-05-11,714,N,VIIRS,l,2,310.53,2.37,D,0
23.7957,86.35017,317.53,0.4,0.37,2023-04-19,1952,N,VIIRS,n,2,301.63,5.09,N,2
25.41779,85.96413,304.97,0.39,0.36,2023-03-07,1957,N,VIIRS,n,2,286.7,0.68,N,0
18.72232,79.53544,328.81,0.33,0.56,2023-01-15,2055,N,VIIRS,n,2,293.65,2.88,N,2
25.57446,90.85086,347.51,0.42,0.45,2023-03-07,730,N,VIIRS,n,2,305.7,17.52,D,0
19.41732,73.19521,347.2,0.39,0.36,2023-04-21,826,N,VIIRS,n,2,316.48,11.57,D,0
23.72921,86.44927,304.62,0.57,0.52,2023-02-28,2029,N,VIIRS,n,2,291.23,1.65,N,2
26.28851,73.00816,322.0,0.39,0.36,2023-04-05,2055,N,VIIRS,n,2,293.32,1.7,N,0
21.64234,84.67104,335.15,0.47,0.4,2023-03-06,748,N,VIIRS,l,2,305.39,4.92,D,0
13.68122,76.40953,351.95,0.45,0.39,2023-04-05,825,N,VIIRS,n,2,315.03,10.63,D,0
14.21789,78.93621,342.96,0.52,0.5,2023-02-24,734,N,VIIRS,n,2,313.5,9.42,D,0
30.10116,75.79984,346.56,0.4,0.37,2023-05-08,810,N,VIIRS,n,2,313.31,10.66,D,0
14.59661,75.35279,319.32,0.44,0.38,2023-01-05,2044,N,VIIRS,n,2,289.81,1.12,N,0
21.92476,83.35085,309.24,0.4,0.6,2023-12-28,2047,N,VIIRS,n,2,290.41,1.46,N,2
23.79229,87.07605,306.77,0.42,0.37,2023-02-25,1945,N,VIIRS,n,2,296.6,1.97,N,0
18.85837,72.92675,330.51,0.43,0.38,2023-05-24,2037,N,VIIRS,n,2,296.45,4.29,N,2
20.43613,83.78721,310.23,0.4,0.37,2023-04-18,2012,N,VIIRS,n,2,297.34,1.68,N,0
30.49747,75.98646,346.24,0.39,0.36,2023-11-06,756,N,VIIRS,n,2,294.83,11.56,D,0
24.68192,80.56853,334.44,0.44,0.38,2023-11-23,736,N,VIIRS,n,2,300.7,2.5,D,0
22.01328,84.96904,335.37,0.39,0.36,2023-03-23,730,N,VIIRS,l,2,306.51,3.17,D,0
12.71148,76.56182,335.47,0.47,0.4,2023-01-27,758,N,VIIRS,n,2,305.33,4.68,D,0
30.91949,75.42709,336.22,0.44,0.39,2023-07-12,751,N,VIIRS,n,2,298.18,3.69,D,0
12.75242,76.55686,345.74,0.45,0.47,2023-02-10,836,N,VIIRS,n,2,311.83,9.24,D,0
25.59545,92.97006,337.14,0.38,0.36,2023-04-15,659,N,VIIRS,n,2,292.02,16.01,D,0
21.31427,75.83817,335.08,0.41,0.61,2023-05-27,851,N,VIIRS,n,2,304.32,4.49,D,0
21.28961,81.90285,336.58,0.63,0.54,2023-03-08,711,N,VIIRS,n,2,304.58,2.75,D,0
20.29021,84.70654,301.57,0.41,0.61,2023-03-10,2043,N,VIIRS,n,2,288.47,0.84,N,0
30.43362,74.70733,338.5,0.54,0.68,2023-05-11,714,N,VIIRS,l,2,311.83,4.07,D,0
18.32136,82.7306,334.41,0.5,0.41,2023-05-19,800,N,VIIRS,n,2,301.92,4.04,D,0
9.93658,76.96679,317.77,0.53,0.42,2023-03-12,2008,N,VIIRS,n,2,292.65,2.18,N,0
25.86476,91.98502,334.73,0.49,0.49,2023-04-08,731,N,VIIRS,n,2,301.68,5.81,D,0
30.81263,76.14847,355.2,0.47,0.48,2023-05-10,732,N,VIIRS,n,2,329.01,62.53,D,0
18.25584,79.40328,338.71,0.42,0.38,2023-05-24,806,N,VIIRS,n,2,307.8,2.83,D,0
23.79069,86.35081,305.52,0.41,0.37,2023-12-25,2002,N,VIIRS,n,2,289.88,1.11,N,2
24.76397,86.48044,314.94,0.34,0.56,2023-03-05,2035,N,VIIRS,n,2,290.98,1.53,N,0
26.40003,93.6328,344.66,0.39,0.36,2023-03-09,653,N,VIIRS,n,2,302.57,8.55,D,0
18.92556,79.70519,334.88,0.52,0.42,2023-04-11,813,N,VIIRS,l,2,307.86,4.69,D,0
19.23523,80.06504,311.7,0.41,0.37,2023-03-01,2011,N,VIIRS,n,2,294.52,1.65,N,0
25.20566,86.47622,309.15,0.38,0.36,2023-03-07,1957,N,VIIRS,n,2,290.93,0.96,N,0
19.69012,84.15872,302.56,0.5,0.41,2023-03-13,1946,N,VIIRS,n,2,290.82,0.63,N,0
12.60438,76.36668,343.71,0.43,0.46,2023-02-26,836,N,VIIRS,n,2,314.3,4.44,D,0
21.68309,85.15388,306.79,0.39,0.36,2023-04-13,2005,N,VIIRS,n,2,295.28,1.75,N,0
30.47351,76.52584,330.77,0.56,0.43,2023-10-06,737,N,VIIRS,n,2,304.08,3.95,D,0
15.00414,79.99479,306.02,0.33,0.56,2023-03-08,1941,N,VIIRS,n,2,292.38,0.92,N,0
25.71376,94.89754,367.0,0.47,0.64,2023-04-13,737,N,VIIRS,h,2,300.04,51.56,D,0
15.56818,75.58509,342.62,0.5,0.49,2023-03-22,747,N,VIIRS,n,2,307.15,3.61,D,0
25.12889,83.39783,330.27,0.34,0.56,2023-05-01,659,N,VIIRS,n,2,299.07,1.4,D,0
15.29529,78.69183,334.14,0.5,0.41,2023-02-27,818,N,VIIRS,l,2,308.45,2.14,D,0
30.8826,75.49965,332.91,0.38,0.36,2023-10-26,803,N,VIIRS,n,2,303.8,5.18,D,0
23.26861,78.82046,333.83,0.34,0.56,2023-04-10,834,N,VIIRS,l,2,305.48,1.59,D,0
25.89373,76.66574,331.72,0.64,0.72,2023-10-29,705,N,VIIRS,n,2,298.62,4.18,D,0
22.10771,79.29569,334.35,0.38,0.36,2023-11-06,754,N,VIIRS,n,2,305.13,2.52,D,0
24.32645,92.98841,340.01,0.38,0.36,2023-03-14,659,N,VIIRS,n,2,304.79,11.2,D,0
23.68952,86.39018,316.2,0.39,0.37,2023-04-03,1952,N,VIIRS,n,2,298.38,1.95,N,2
21.38914,81.64539,302.25,0.41,0.45,2023-02-01,2036,N,VIIRS,n,2,289.39,0.94,N,2
19.6034,75.08381,333.23,0.37,0.58,2023-05-31,736,N,VIIRS,l,2,307.87,2.02,D,0
25.07333,84.05339,338.48,0.39,0.44,2023-12-24,754,N,VIIRS,n,2,297.63,4.2,D,0
15.24834,78.72013,346.04,0.39,0.36,2023-02-28,759,N,VIIRS,n,2,313.64,3.77,D,0
20.9448,85.0061,307.93,0.52,0.41,2023-05-25,2017,N,VIIRS,n,2,276.77,2.22,N,0
25.06153,84.18364,338.0,0.6,0.71,2023-05-07,827,N,VIIRS,n,2,301.71,6.76,D,0
22.25892,87.46425,337.6,0.74,0.76,2023-01-10,819,N,VIIRS,n,2,296.56,5.89,D,0
18.89576,83.1512,332.08,0.58,0.52,2023-03-08,710,N,VIIRS,n,2,304.36,4.63,D,0
19.92724,83.49911,338.87,0.39,0.36,2023-03-12,735,N,VIIRS,l,2,311.48,2.25,D,0
21.92418,72.7085,345.37,0.41,0.37,2023-03-26,814,N,VIIRS,n,2,312.71,5.75,D,0
25.97015,84.24327,351.06,0.55,0.68,2023-06-03,640,N,VIIRS,n,2,306.69,12.0,D,0
17.65913,75.50057,334.44,0.46,0.39,2023-12-13,759,N,VIIRS,n,2,303.59,2.82,D,0
19.53149,73.11546,351.49,0.53,0.5,2023-03-24,851,N,VIIRS,n,2,312.36,10.99,D,0
21.89973,83.98163,300.08,0.36,0.57,2023-02-26,1927,N,VIIRS,n,2,289.01,0.62,N,0
8.76894,77.78273,330.81,0.47,0.47,2023-07-28,745,N,VIIRS,n,2,300.08,1.73,D,0
13.27984,77.4337,330.6,0.42,0.61,2023-05-27,849,N,VIIRS,n,2,295.83,4.35,D,0
17.97734,80.25388,334.28,0.45,0.47,2023-03-15,819,N,VIIRS,n,2,298.1,1.84,D,0
15.8607,76.57945,342.33,0.55,0.68,2023-02-14,722,N,VIIRS,n,2,311.88,5.89,D,0
21.8784,83.77943,335.88,0.57,0.43,2023-04-14,718,N,VIIRS,l,2,310.86,3.09,D,0
30.68251,74.6273,343.61,0.39,0.36,2023-05-08,810,N,VIIRS,l,2,316.95,6.9,D,0
22.05351,85.4641,308.01,0.45,0.39,2023-01-12,2010,N,VIIRS,n,2,286.49,1.37,N,2
18.64332,78.44533,344.24,0.4,0.37,2023-05-24,807,N,VIIRS,n,2,310.77,5.46,D,0
30.29512,78.77286,345.24,0.4,0.37,2023-04-18,745,N,VIIRS,n,2,310.62,8.06,D,0
21.61713,83.90922,335.45,0.36,0.58,2023-01-09,658,N,VIIRS,n,2,298.94,2.62,D,0
29.9387,75.76996,344.14,0.51,0.66,2023-11-03,853,N,VIIRS,n,2,292.07,5.82,D,0
18.68275,78.89034,318.23,0.44,0.38,2023-02-13,2012,N,VIIRS,n,2,293.22,2.81,N,0
29.69451,75.49746,341.4,0.41,0.45,2023-11-15,827,N,VIIRS,n,2,304.55,4.75,D,0
22.36357,80.0706,338.52,0.39,0.36,2023-03-06,749,N,VIIRS,n,2,308.06,3.0,D,0
28.22196,73.2505,354.01,0.44,0.38,2023-10-26,802,N,VIIRS,n,2,308.62,3.45,D,0
22.70278,84.01552,346.99,0.45,0.39,2023-04-19,724,N,VIIRS,l,2,314.29,7.04,D,0
13.3944,80.07535,306.42,0.44,0.39,2023-02-23,2026,N,VIIRS,n,2,292.77,0.63,N,0
19.84254,81.13515,345.79,0.47,0.48,2023-04-19,723,N,VIIRS,n,2,307.27,6.58,D,0
27.26252,83.95626,336.53,0.45,0.47,2023-04-20,706,N,VIIRS,n,2,308.72,2.03,D,0
19.29076,82.6251,338.78,0.39,0.6,2023-03-03,704,N,VIIRS,n,2,302.51,2.94,D,0
18.79279,82.9221,338.4,0.34,0.56,2023-04-16,820,N,VIIRS,n,2,304.82,1.71,D,0
17.85967,74.3022,352.87,0.78,0.78,2023-03-28,916,N,VIIRS,n,2,311.59,11.24,D,0
22.48891,77.22995,302.61,0.39,0.59,2023-04-03,1953,N,VIIRS,n,2,288.97,0.71,N,0
23.05175,75.49048,333.44,0.42,0.45,2023-10-03,832,N,VIIRS,l,2,307.52,3.16,D,0
16.88828,77.04112,340.4,0.39,0.59,2023-04-24,729,N,VIIRS,n,2,309.69,8.33,D,0
23.77883,86.38895,330.7,0.41,0.37,2023-10-07,716,N,VIIRS,n,2,297.94,2.0,D,2
19.94482,80.64072,336.4,0.32,0.54,2023-03-13,717,N,VIIRS,n,2,301.06,1.41,D,0
30.64827,74.65916,342.99,0.41,0.37,2023-05-13,816,N,VIIRS,l,2,317.26,6.61,D,0
23.06778,75.84273,335.23,0.69,0.74,2023-04-19,905,N,VIIRS,n,2,302.05,6.61,D,0
23.86814,92.22419,338.77,0.39,0.44,2023-04-19,724,N,VIIRS,n,2,300.46,4.22,D,0
23.78214,86.20975,319.33,0.44,0.39,2023-11-24,1944,N,VIIRS,n,2,293.81,2.17,N,2
23.72987,92.63898,331.59,0.39,0.36,2023-03-03,704,N,VIIRS,n,2,303.18,2.48,D,0
15.42239,77.95129,310.57,0.54,0.42,2023-02-24,2006,N,VIIRS,n,2,295.19,1.39,N,0
29.53632,77.64417,336.17,0.34,0.56,2023-12-06,833,N,VIIRS,n,2,298.42,2.62,D,0
12.81359,77.45901,339.7,0.44,0.62,2023-03-07,727,N,VIIRS,n,2,307.2,3.28,D,0
22.24869,85.89761,299.57,0.56,0.52,2023-02-28,2029,N,VIIRS,n,2,289.26,1.33,N,0
21.68152,84.03697,305.69,0.7,0.75,2023-01-10,1908,N,VIIRS,n,2,288.27,2.9,N,2
23.16658,82.33989,315.09,0.57,0.43,2023-06-06,1951,N,VIIRS,n,2,297.35,3.74,N,2
21.27667,79.30515,311.74,0.41,0.37,2023-04-17,2031,N,VIIRS,n,2,292.22,0.67,N,0
19.20446,80.25788,337.52,0.41,0.37,2023-04-17,801,N,VIIRS,l,2,308.74,3.86,D,0
15.05815,76.9678,340.4,0.49,0.41,2023-04-21,825,N,VIIRS,n,2,308.09,9.59,D,0
28.33344,77.71597,330.35,0.38,0.36,2023-01-22,756,N,VIIRS,n,2,294.87,1.48,D,0
20.78656,85.26392,306.97,0.35,0.57,2023-12-02,2035,N,VIIRS,n,2,279.32,1.44,N,2
19.49944,76.04238,342.16,0.42,0.38,2023-10-26,759,N,VIIRS,n,2,308.77,5.03,D,0
26.7619,83.20169,303.18,0.38,0.59,2023-03-04,2053,N,VIIRS,n,2,289.52,1.04,N,2
24.53016,80.72066,334.8,0.4,0.6,2023-10-29,704,N,VIIRS,n,2,300.41,1.84,D,0
23.80612,86.33131,309.69,0.69,0.75,2023-11-15,2053,N,VIIRS,n,2,290.39,2.51,N,2
25.05076,76.99783,299.83,0.67,0.74,2023-04-09,1939,N,VIIRS,n,2,287.33,0.95,N,0
21.92937,85.22015,300.97,0.65,0.73,2023-01-15,2054,N,VIIRS,n,2,284.48,1.13,N,2
19.11609,77.54593,339.81,0.48,0.4,2023-02-06,2043,N,VIIRS,n,2,293.21,8.05,N,0
24.16922,82.55875,320.08,0.57,0.43,2023-06-06,1951,N,VIIRS,n,2,297.54,3.33,N,2
16.23775,78.77414,344.48,0.43,0.46,2023-03-04,825,N,VIIRS,n,2,309.17,5.58,D,0
31.91785,75.49602,346.81,0.53,0.5,2023-05-12,836,N,VIIRS,n,2,312.79,7.5,D,0
21.44019,86.05094,341.74,0.44,0.46,2023-03-03,704,N,VIIRS,n,2,306.72,2.58,D,0
21.23044,85.1605,340.64,0.39,0.36,2023-03-12,736,N,VIIRS,n,2,313.22,3.57,D,0
22.05247,88.12503,313.9,0.39,0.44,2023-10-24,1925,N,VIIRS,n,2,294.88,2.98,N,2
17.62413,80.23631,332.57,0.75,0.77,2023-03-14,657,N,VIIRS,n,2,302.09,4.71,D,0
23.77966,86.36816,296.28,0.69,0.74,2023-03-20,2054,N,VIIRS,n,2,284.19,2.36,N,2
15.77485,75.91135,336.38,0.4,0.37,2023-01-10,818,N,VIIRS,l,2,311.12,2.79,D,0
21.26368,85.07193,311.87,0.43,0.38,2023-03-01,2011,N,VIIRS,n,2,294.26,1.57,N,0
10.30333,77.49015,331.27,0.46,0.39,2023-04-17,759,N,VIIRS,l,2,304.52,6.93,D,0
22.66146,83.8456,343.67,0.35,0.56,2023-04-11,814,N,VIIRS,n,2,311.18,2.5,D,0
13.97496,79.52538,334.29,0.4,0.37,2023-10-15,804,N,VIIRS,n,2,296.61,1.59,D,0
12.89904,78.33321,331.32,0.48,0.65,2023-02-14,721,N,VIIRS,l,2,304.43,2.54,D,0
21.07933,80.45614,338.3,0.42,0.38,2023-04-02,742,N,VIIRS,l,2,311.52,3.9,D,0
24.30852,92.23344,329.44,0.49,0.48,2023-03-26,634,N,VIIRS,n,2,295.18,3.45,D,0
18.60682,78.03336,343.66,0.42,0.45,2023-02-16,825,N,VIIRS,n,2,312.11,5.69,D,0
23.79211,86.35066,316.81,0.56,0.69,2023-10-25,2046,N,VIIRS,n,2,291.08,3.21,N,2
29.87206,75.93248,342.88,0.38,0.58,2023-11-08,718,N,VIIRS,n,2,297.05,4.89,D,0
21.34589,86.10159,344.95,0.41,0.37,2023-03-12,736,N,VIIRS,n,2,311.99,3.25,D,0
21.7648,82.79786,338.26,0.4,0.37,2023-05-25,748,N,VIIRS,l,2,311.36,9.09,D,0
13.13834,75.32571,316.37,0.4,0.37,2023-02-17,2038,N,VIIRS,n,2,288.74,0.77,N,0
20.97175,85.1692,313.29,0.58,0.52,2023-01-09,1927,N,VIIRS,n,2,290.85,2.2,N,2
18.67984,73.03619,311.4,0.39,0.36,2023-05-29,2043,N,VIIRS,n,2,298.56,1.22,N,2
19.74061,73.32858,333.34,0.47,0.4,2023-05-08,807,N,VIIRS,l,2,300.82,1.65,D,0
30.8811,77.80054,301.01,0.45,0.47,2023-12-30,2007,N,VIIRS,n,2,278.69,1.45,N,0
25.6861,83.92723,342.77,0.39,0.36,2023-12-04,729,N,VIIRS,n,2,300.18,3.01,D,0
29.40013,77.27058,325.19,0.45,0.39,2023-01-28,744,N,VIIRS,n,2,294.9,0.92,D,0
19.11743,74.93789,348.78,0.44,0.38,2023-03-20,826,N,VIIRS,n,2,313.48,10.31,D,0
23.66369,86.91656,302.79,0.42,0.38,2023-02-09,1945,N,VIIRS,n,2,288.95,1.74,N,2
21.24597,79.22363,318.87,0.35,0.57,2023-01-08,1946,N,VIIRS,n,2,288.81,1.69,N,2
19.57959,83.7831,331.81,0.43,0.38,2023-04-08,729,N,VIIRS,l,2,305.12,2.07,D,0
21.7885,76.64718,330.53,0.48,0.65,2023-11-03,850,N,VIIRS,l,2,303.18,2.34,D,0
18.52811,83.90782,352.81,0.39,0.44,2023-06-04,800,N,VIIRS,n,2,295.17,18.79,D,0
20.76829,81.59415,327.26,0.53,0.67,2023-12-27,657,N,VIIRS,n,2,298.76,1.95,D,0
21.55205,85.45467,347.74,0.57,0.43,2023-05-11,711,N,VIIRS,n,2,302.08,17.29,D,0
20.96309,85.18745,312.96,0.41,0.37,2023-03-18,1952,N,VIIRS,n,2,288.33,2.07,N,2
12.94527,75.61755,314.03,0.4,0.37,2023-03-11,2026,N,VIIRS,n,2,295.52,1.92,N,0
17.95208,78.11767,333.35,0.39,0.36,2023-12-02,805,N,VIIRS,n,2,296.29,2.63,D,0
19.81907,81.06955,334.56,0.52,0.41,2023-02-17,807,N,VIIRS,l,2,308.47,2.82,D,0
23.778,86.39687,307.23,0.36,0.57,2023-10-15,2034,N,VIIRS,n,2,294.19,1.77,N,2
21.14975,82.30289,340.11,0.43,0.38,2023-05-30,754,N,VIIRS,n,2,310.1,7.27,D,0
23.77266,86.20117,308.31,0.38,0.36,2023-05-26,1958,N,VIIRS,n,2,295.35,1.32,N,2
19.26184,76.03088,301.76,0.53,0.5,2023-03-12,2006,N,VIIRS,n,2,284.64,1.42,N,0
25.04994,79.79647,337.75,0.46,0.47,2023-05-05,725,N,VIIRS,n,2,307.35,2.62,D,0
22.03118,83.2399,336.34,0.39,0.36,2023-02-24,736,N,VIIRS,l,2,309.85,3.14,D,0
21.61058,85.16374,310.36,0.44,0.38,2023-04-18,2011,N,VIIRS,n,2,297.64,2.89,N,0
24.56064,87.40001,302.27,0.5,0.49,2023-02-23,2022,N,VIIRS,n,2,289.51,0.88,N,0
26.99738,82.00871,367.0,0.56,0.69,2023-01-31,647,N,VIIRS,h,2,293.03,11.82,D,0
14.26233,77.81133,303.28,0.48,0.4,2023-02-17,2038,N,VIIRS,n,2,292.69,1.02,N,0
13.02821,79.98469,338.59,0.63,0.72,2023-08-31,848,N,VIIRS,n,2,287.04,5.14,D,0
23.67856,86.08448,307.8,0.43,0.62,2023-10-30,1913,N,VIIRS,n,2,292.3,2.94,N,2
23.16909,82.34304,314.36,0.52,0.41,2023-11-11,2028,N,VIIRS,n,2,292.38,2.31,N,2
15.08214,74.58455,308.6,0.41,0.37,2023-03-10,2044,N,VIIRS,n,2,292.53,1.01,N,0
20.50458,81.32414,326.73,0.35,0.57,2023-12-21,709,N,VIIRS,n,2,297.19,4.13,D,0
19.77183,85.01685,304.8,0.54,0.42,2023-03-06,2018,N,VIIRS,n,2,293.51,1.16,N,0
26.40654,81.07014,332.64,0.38,0.36,2023-11-28,742,N,VIIRS,n,2,298.69,2.64,D,0
19.09094,78.8334,334.26,0.34,0.56,2023-06-06,723,N,VIIRS,n,2,302.37,3.78,D,0
17.65469,79.69333,340.82,0.39,0.36,2023-06-04,800,N,VIIRS,n,2,306.73,6.45,D,0
24.07322,93.92574,332.75,0.49,0.4,2023-04-09,711,N,VIIRS,l,2,303.14,5.03,D,0
22.29953,82.86674,333.7,0.42,0.45,2023-03-13,717,N,VIIRS,n,2,306.33,1.16,D,0
17.12395,74.05918,345.73,0.44,0.46,2023-03-03,844,N,VIIRS,n,2,313.39,6.19,D,0
21.75499,83.25508,334.94,0.39,0.36,2023-12-30,741,N,VIIRS,n,2,298.77,2.46,D,0
16.39424,79.64462,348.9,0.39,0.44,2023-03-15,819,N,VIIRS,n,2,296.76,4.27,D,0
13.1291,77.83028,337.14,0.66,0.73,2023-02-25,715,N,VIIRS,n,2,303.67,6.48,D,0
15.07394,74.78032,343.06,0.59,0.53,2023-03-08,850,N,VIIRS,n,2,307.82,6.95,D,0
23.35415,82.34212,341.38,0.42,0.61,2023-04-15,659,N,VIIRS,n,2,305.39,3.3,D,0
27.03467,93.28537,300.68,0.53,0.5,2023-04-13,2003,N,VIIRS,n,2,286.96,1.0,N,0
30.07066,74.38545,330.22,0.49,0.48,2023-11-07,737,N,VIIRS,n,2,296.67,2.32,D,0
23.98921,79.39231,305.55,0.39,0.36,2023-06-20,2029,N,VIIRS,n,2,277.11,0.81,N,2
25.7599,90.82928,352.0,0.44,0.38,2023-03-13,718,N,VIIRS,n,2,307.46,23.3,D,0
26.42375,94.41207,346.35,0.35,0.57,2023-03-07,730,N,VIIRS,n,2,296.21,3.58,D,0
20.01192,83.66339,308.98,0.4,0.37,2023-04-18,2012,N,VIIRS,n,2,295.68,1.91,N,0
23.69325,82.11704,343.54,0.45,0.39,2023-04-12,756,N,VIIRS,l,2,316.6,7.15,D,0
19.20812,80.63013,342.16,0.51,0.41,2023-05-15,735,N,VIIRS,n,2,307.9,8.08,D,0
19.56956,81.00842,342.38,0.42,0.45,2023-05-13,813,N,VIIRS,n,2,298.81,3.85,D,0
15.30108,76.6218,303.19,0.71,0.75,2023-03-19,1935,N,VIIRS,n,2,291.77,0.82,N,0
27.24204,82.74938,298.33,0.44,0.62,2023-04-10,2100,N,VIIRS,n,2,287.65,0.78,N,0
30.64468,74.70891,333.83,0.42,0.37,2023-11-22,756,N,VIIRS,n,2,299.76,2.82,D,0
19.56463,78.36064,311.49,0.38,0.36,2023-02-23,2024,N,VIIRS,n,2,294.1,1.48,N,0
22.82066,79.53101,343.57,0.42,0.45,2023-02-03,730,N,VIIRS,n,2,307.1,7.32,D,0
20.27883,74.35723,306.16,0.34,0.56,2023-01-23,2005,N,VIIRS,n,2,287.91,0.81,N,0
15.13279,74.85864,304.96,0.38,0.36,2023-03-05,2038,N,VIIRS,n,2,291.15,0.75,N,0
24.04373,77.2337,341.26,0.54,0.42,2023-10-11,742,N,VIIRS,n,2,310.77,4.78,D,0
25.96925,83.95065,330.77,0.42,0.37,2023-11-29,723,N,VIIRS,n,2,297.85,2.98,D,0
19.3612,80.99187,338.97,0.42,0.38,2023-05-20,742,N,VIIRS,l,2,305.96,4.09,D,0
24.42244,93.96658,332.71,0.6,0.53,2023-04-17,621,N,VIIRS,n,2,301.9,2.28,D,0
23.66838,84.99643,312.16,0.5,0.41,2023-12-26,1944,N,VIIRS,n,2,287.15,2.6,N,2
20.90965,71.4603,310.48,0.47,0.47,2023-03-08,2121,N,VIIRS,n,2,295.46,1.11,N,2
19.59671,83.38131,331.0,0.76,0.77,2023-03-14,838,N,VIIRS,n,2,291.76,6.82,D,0
18.70025,82.05838,306.25,0.38,0.59,2023-04-16,2050,N,VIIRS,n,2,294.12,1.14,N,0
22.46985,85.60766,344.61,0.4,0.37,2023-04-19,724,N,VIIRS,l,2,318.14,6.49,D,0
13.87754,78.46284,349.24,0.38,0.44,2023-03-04,824,N,VIIRS,n,2,311.73,5.5,D,0
31.85892,77.3081,330.73,0.46,0.39,2023-12-18,809,N,VIIRS,n,2,287.74,5.15,D,0
24.69084,73.00119,304.47,0.62,0.54,2023-10-23,2125,N,VIIRS,n,2,291.68,1.93,N,2
31.08445,75.45394,339.2,0.4,0.37,2023-05-08,810,N,VIIRS,l,2,310.13,2.88,D,0
20.7604,82.1129,345.39,0.5,0.41,2023-04-17,801,N,VIIRS,n,2,313.11,5.04,D,0
25.5342,76.58443,339.29,0.32,0.55,2023-05-17,840,N,VIIRS,n,2,308.94,6.68,D,0
31.13448,76.28588,337.3,0.57,0.52,2023-05-12,835,N,VIIRS,l,2,311.18,3.06,D,0
18.7612,79.66748,334.6,0.39,0.36,2023-04-17,801,N,VIIRS,l,2,305.54,2.33,D,0
22.10099,83.50082,348.78,0.41,0.45,2023-01-11,801,N,VIIRS,n,2,305.93,7.33,D,0
30.98059,74.94827,327.27,0.6,0.53,2023-11-09,840,N,VIIRS,n,2,290.06,2.18,D,0
25.46053,90.63803,331.33,0.47,0.4,2023-03-09,653,N,VIIRS,l,2,301.56,6.47,D,0
17.57421,80.78593,337.67,0.55,0.68,2023-02-15,703,N,VIIRS,n,2,304.43,2.31,D,0
26.74801,95.11147,339.3,0.4,0.44,2023-03-08,712,N,VIIRS,n,2,303.54,5.03,D,0
22.7985,86.09221,317.11,0.41,0.37,2023-03-28,2005,N,VIIRS,n,2,293.39,1.3,N,2
22.83292,75.5672,300.15,0.49,0.65,2023-04-14,2127,N,VIIRS,n,2,288.79,0.6,N,0
22.35642,86.00875,337.93,0.38,0.36,2023-03-07,729,N,VIIRS,l,2,311.77,1.84,D,0
24.49436,80.23466,351.42,0.4,0.37,2023-04-18,744,N,VIIRS,l,2,321.08,9.32,D,0
19.77653,80.22332,338.23,0.47,0.48,2023-04-16,820,N,VIIRS,n,2,307.1,2.94,D,0
21.81881,86.1012,331.61,0.44,0.38,2023-03-13,717,N,VIIRS,n,2,305.41,2.72,D,0
31.08007,77.7588,320.56,0.46,0.47,2023-11-28,2007,N,VIIRS,n,2,279.45,2.42,N,0
27.9474,79.69214,327.06,0.46,0.39,2023-12-13,801,N,VIIRS,n,2,296.34,1.43,D,0
31.77558,75.40501,347.98,0.51,0.41,2023-05-20,745,N,VIIRS,n,2,317.89,10.86,D,0
18.25427,73.41672,313.41,0.56,0.43,2023-02-07,2025,N,VIIRS,n,2,288.55,2.42,N,0
14.39245,75.59203,367.0,0.68,0.74,2023-04-19,722,N,VIIRS,h,2,307.88,12.82,D,0
17.61425,80.17077,336.94,0.44,0.39,2023-05-08,806,N,VIIRS,n,2,301.42,5.33,D,0
23.74928,86.42007,305.57,0.42,0.45,2023-10-29,1931,N,VIIRS,n,2,293.6,0.94,N,2
29.49461,74.52971,341.4,0.41,0.45,2023-05-04,745,N,VIIRS,n,2,310.55,3.38,D,0
21.77251,78.83527,308.25,0.39,0.36,2023-04-12,2024,N,VIIRS,n,2,294.48,1.37,N,0
21.60182,78.3338,316.44,0.41,0.45,2023-03-12,2005,N,VIIRS,n,2,293.03,1.42,N,0
14.97662,79.10384,342.92,0.41,0.37,2023-04-12,754,N,VIIRS,l,2,315.39,3.59,D,0
21.20733,79.41051,305.83,0.52,0.42,2023-04-13,2006,N,VIIRS,n,2,291.66,0.7,N,0
17.87137,80.79055,307.24,0.5,0.41,2023-02-28,2031,N,VIIRS,n,2,293.57,1.0,N,0
31.60685,74.63572,343.61,0.47,0.47,2023-05-12,836,N,VIIRS,n,2,311.04,4.19,D,0
19.64044,79.96078,332.1,0.54,0.42,2023-04-13,736,N,VIIRS,l,2,306.08,4.7,D,0
22.34108,83.16037,367.0,0.39,0.36,2023-04-18,743,N,VIIRS,h,2,315.66,15.1,D,0
20.96036,85.16608,312.62,0.53,0.42,2023-04-23,2018,N,VIIRS,n,2,286.29,2.28,N,2
21.26907,82.117,347.77,0.42,0.37,2023-01-23,735,N,VIIRS,n,2,307.27,6.75,D,0
21.9165,83.35382,309.78,0.39,0.36,2023-10-11,2009,N,VIIRS,n,2,296.11,1.08,N,2
25.48652,94.25788,328.12,0.53,0.42,2023-01-19,711,N,VIIRS,n,2,295.41,2.77,D,0
10.95673,79.67458,330.22,0.5,0.41,2023-04-07,746,N,VIIRS,l,2,304.31,1.07,D,0
22.05886,86.96942,344.84,0.46,0.63,2023-02-11,639,N,VIIRS,n,2,304.62,3.89,D,0
31.55121,75.05889,348.08,0.48,0.65,2023-05-11,714,N,VIIRS,n,2,308.57,4.78,D,0
21.83874,84.37666,367.0,0.67,0.74,2023-06-03,639,N,VIIRS,h,2,298.67,15.33,D,0
29.29441,76.7248,336.28,0.57,0.52,2023-05-05,726,N,VIIRS,n,2,302.71,6.44,D,0
30.82593,74.5682,330.01,0.44,0.62,2023-11-03,853,N,VIIRS,n,2,291.07,3.46,D,0
16.69005,74.34857,297.56,0.43,0.62,2023-02-04,2121,N,VIIRS,n,2,287.56,0.77,N,0
22.03873,88.2723,327.08,0.32,0.55,2023-12-24,753,N,VIIRS,n,2,294.16,1.42,D,0
25.54549,91.97977,339.36,0.39,0.44,2023-04-16,641,N,VIIRS,n,2,300.31,5.17,D,0
24.08794,93.43881,348.54,0.41,0.37,2023-03-03,704,N,VIIRS,n,2,310.75,10.0,D,0
18.13218,73.91679,349.33,0.4,0.37,2023-04-21,826,N,VIIRS,n,2,316.72,10.41,D,0
21.88547,82.17708,332.64,0.47,0.4,2023-12-20,728,N,VIIRS,n,2,294.45,2.9,D,0
23.34423,75.90164,318.3,0.48,0.64,2023-04-19,1952,N,VIIRS,n,2,289.73,4.4,N,0
27.67234,80.18679,335.39,0.37,0.58,2023-12-16,705,N,VIIRS,n,2,295.0,2.28,D,0
21.07325,83.21712,346.15,0.42,0.45,2023-03-13,717,N,VIIRS,n,2,307.22,12.64,D,0
25.19595,84.02723,326.31,0.58,0.7,2023-12-12,639,N,VIIRS,n,2,296.12,4.23,D,0
14.43566,75.21681,312.72,0.51,0.5,2023-03-12,2007,N,VIIRS,n,2,289.14,1.77,N,0
23.37704,79.97532,306.85,0.53,0.67,2023-04-04,1933,N,VIIRS,n,2,286.76,1.29,N,0
24.37972,93.77621,325.82,0.49,0.49,2023-12-31,722,N,VIIRS,n,2,289.36,2.08,D,0
30.21257,75.17873,351.46,0.59,0.7,2023-11-08,859,N,VIIRS,n,2,290.54,14.93,D,0
24.19801,84.86371,297.23,0.44,0.62,2023-02-27,2047,N,VIIRS,n,2,285.96,0.47,N,0
19.21677,80.48759,342.66,0.53,0.5,2023-04-19,723,N,VIIRS,n,2,305.63,9.89,D,0
11.54792,79.13088,350.76,0.45,0.63,2023-02-14,720,N,VIIRS,n,2,306.96,7.26,D,0
21.64258,83.91335,330.21,0.69,0.74,2023-02-05,832,N,VIIRS,n,2,303.22,3.69,D,0
30.18962,75.07416,344.58,0.43,0.38,2023-11-05,815,N,VIIRS,n,2,302.88,5.52,D,0
31.2835,77.26972,296.6,0.39,0.36,2023-02-01,2033,N,VIIRS,n,2,280.92,0.57,N,0
29.99127,79.00963,325.34,0.45,0.39,2023-02-12,803,N,VIIRS,n,2,288.27,2.3,D,0
23.02283,77.20041,303.52,0.39,0.59,2023-04-19,1952,N,VIIRS,n,2,290.57,0.63,N,0
30.60823,75.60815,335.8,0.38,0.59,2023-11-24,719,N,VIIRS,n,2,300.39,3.5,D,0
17.57578,82.3124,330.54,0.44,0.46,2023-03-02,722,N,VIIRS,l,2,305.09,3.15,D,0
11.38888,78.96064,343.19,0.47,0.4,2023-04-16,818,N,VIIRS,l,2,317.96,14.78,D,0
25.1621,83.93339,308.36,0.62,0.54,2023-04-20,1933,N,VIIRS,n,2,290.57,2.74,N,0
23.86001,92.09608,333.31,0.41,0.37,2023-04-09,711,N,VIIRS,n,2,301.98,2.57,D,0
19.71542,80.39394,336.12,0.51,0.41,2023-03-28,736,N,VIIRS,l,2,309.34,7.07,D,0
30.09471,74.84325,340.92,0.36,0.57,2023-11-14,846,N,VIIRS,n,2,298.2,3.87,D,0
15.18147,76.64344,299.37,0.32,0.55,2023-07-31,2103,N,VIIRS,n,2,285.15,0.72,N,2
30.79033,74.79607,332.33,0.37,0.58,2023-11-14,847,N,VIIRS,n,2,297.02,1.76,D,0
22.84464,78.63757,333.4,0.39,0.36,2023-11-22,754,N,VIIRS,n,2,303.35,1.5,D,0
15.69672,74.16197,336.23,0.4,0.6,2023-03-01,741,N,VIIRS,n,2,303.79,1.77,D,0
14.51998,79.23968,306.36,0.47,0.48,2023-02-22,2044,N,VIIRS,n,2,293.35,1.36,N,0
21.55507,77.20273,299.18,0.6,0.71,2023-02-20,1939,N,VIIRS,n,2,288.84,1.0,N,0
15.11632,76.8211,304.12,0.33,0.55,2023-01-20,2103,N,VIIRS,n,2,290.72,0.64,N,0
24.45057,92.64085,338.21,0.52,0.5,2023-05-10,730,N,VIIRS,n,2,298.9,6.73,D,0
25.49978,84.31445,310.65,0.39,0.36,2023-04-18,2010,N,VIIRS,n,2,295.04,0.87,N,0
21.18948,81.3876,298.84,0.51,0.66,2023-12-27,1926,N,VIIRS,n,2,284.88,0.82,N,2
29.37511,77.6386,327.78,0.45,0.39,2023-01-16,809,N,VIIRS,n,2,291.94,2.47,D,0
21.77864,77.10728,341.76,0.42,0.38,2023-04-11,814,N,VIIRS,n,2,301.55,11.65,D,0
28.17216,97.09783,329.55,0.68,0.74,2023-01-23,737,N,VIIRS,n,2,285.81,9.66,D,0
25.12554,83.51444,330.78,0.33,0.55,2023-05-01,659,N,VIIRS,n,2,299.6,2.5,D,0
30.46041,74.06371,331.62,0.43,0.46,2023-11-20,834,N,VIIRS,n,2,295.7,1.9,D,0
15.66142,79.87818,355.52,0.43,0.62,2023-03-13,716,N,VIIRS,n,2,305.17,12.58,D,0
22.83153,87.38991,332.29,0.52,0.41,2023-01-30,704,N,VIIRS,n,2,300.3,3.22,D,0
22.0338,86.04674,303.0,0.39,0.37,2023-03-02,1952,N,VIIRS,n,2,289.49,0.58,N,0
25.09851,76.20227,345.89,0.42,0.38,2023-10-21,755,N,VIIRS,n,2,312.83,3.29,D,0
22.43067,92.61919,367.0,0.4,0.6,2023-03-16,621,N,VIIRS,h,2,306.06,39.95,D,0
17.63841,80.23217,334.47,0.56,0.43,2023-03-28,735,N,VIIRS,n,2,301.65,4.2,D,0
21.87958,83.55473,309.87,0.44,0.38,2023-12-19,2016,N,VIIRS,n,2,285.92,1.31,N,2
25.77224,76.35704,339.93,0.5,0.41,2023-07-05,821,N,VIIRS,n,2,299.15,3.97,D,0
9.97798,76.37476,305.6,0.38,0.36,2023-10-05,2026,N,VIIRS,n,2,291.47,1.34,N,2
19.97998,80.2597,336.47,0.53,0.5,2023-04-19,723,N,VIIRS,n,2,304.53,3.33,D,0
22.49183,85.03353,337.47,0.52,0.5,2023-02-12,801,N,VIIRS,n,2,304.48,3.15,D,0
19.72855,82.44955,332.95,0.39,0.36,2023-02-02,748,N,VIIRS,l,2,306.41,5.2,D,0
19.22949,78.64533,304.12,0.45,0.47,2023-02-19,1959,N,VIIRS,n,2,292.27,1.18,N,0
19.53165,80.44202,352.87,0.39,0.36,2023-04-12,755,N,VIIRS,n,2,308.55,5.07,D,0
31.28396,76.46366,342.01,0.54,0.51,2023-05-21,726,N,VIIRS,n,2,312.33,4.86,D,0
21.14279,76.44772,357.55,0.4,0.37,2023-03-26,814,N,VIIRS,n,2,316.1,18.46,D,0
16.28972,78.69922,303.52,0.52,0.67,2023-03-14,2109,N,VIIRS,n,2,290.68,1.84,N,0
18.47476,83.97311,335.14,0.39,0.36,2023-12-25,733,N,VIIRS,n,2,302.95,4.4,D,0
15.71475,79.11401,347.09,0.47,0.4,2023-03-06,747,N,VIIRS,n,2,311.22,6.17,D,0
24.59435,78.33669,311.79,0.45,0.39,2023-05-13,2042,N,VIIRS,n,2,294.57,1.14,N,0
21.98623,83.23424,303.66,0.63,0.54,2023-07-09,1933,N,VIIRS,n,2,286.91,0.74,N,2
16.55396,80.69943,331.55,0.59,0.7,2023-05-22,703,N,VIIRS,n,2,293.5,4.01,D,0
30.60886,74.63632,337.7,0.39,0.36,2023-11-16,809,N,VIIRS,n,2,287.71,8.18,D,0
17.79842,73.69035,335.32,0.38,0.44,2023-04-17,801,N,VIIRS,n,2,302.42,2.43,D,0
20.98997,82.28379,306.93,0.54,0.42,2023-02-28,2030,N,VIIRS,n,2,294.38,1.71,N,0
21.37789,81.67891,298.72,0.78,0.78,2023-05-06,2114,N,VIIRS,n,2,282.39,0.63,N,2
19.66597,79.00233,340.29,0.49,0.4,2023-04-11,814,N,VIIRS,l,2,311.64,9.3,D,0
31.87376,74.62248,337.77,0.39,0.36,2023-10-31,809,N,VIIRS,n,2,298.7,3.52,D,0
20.76747,83.35977,333.71,0.38,0.44,2023-02-28,800,N,VIIRS,l,2,308.32,1.83,D,0
31.59206,75.07037,345.93,0.39,0.36,2023-06-25,810,N,VIIRS,n,2,283.87,7.81,D,0
13.47888,76.81076,298.91,0.64,0.54,2023-02-14,1954,N,VIIRS,n,2,288.61,1.79,N,0
23.76742,77.57185,344.49,0.4,0.37,2023-05-08,808,N,VIIRS,l,2,316.24,17.77,D,0
18.00479,79.72766,330.56,0.62,0.54,2023-01-29,722,N,VIIRS,n,2,297.71,4.79,D,0
22.08615,82.81561,344.26,0.47,0.4,2023-02-07,755,N,VIIRS,n,2,306.6,7.96,D,0
16.17954,78.83181,347.89,0.39,0.36,2023-02-28,759,N,VIIRS,n,2,313.3,6.02,D,0
22.33676,82.31187,332.98,0.38,0.36,2023-03-17,742,N,VIIRS,l,2,307.55,1.18,D,0
15.17297,76.37788,302.32,0.48,0.4,2023-12-23,2043,N,VIIRS,n,2,290.94,1.25,N,2
26.33697,93.23576,367.0,0.37,0.58,2023-04-12,616,N,VIIRS,h,2,300.59,27.3,D,0
18.4009,75.22778,339.05,0.57,0.43,2023-03-11,754,N,VIIRS,l,2,313.8,18.5,D,0
15.18815,76.65643,308.19,0.4,0.44,2023-01-26,2050,N,VIIRS,n,2,294.97,1.89,N,2
25.44,94.63693,334.77,0.38,0.36,2023-03-09,652,N,VIIRS,n,2,288.92,4.06,D,0
21.37717,81.67863,303.61,0.39,0.36,2023-12-30,2010,N,VIIRS,n,2,290.54,1.1,N,2
20.94411,86.05766,305.57,0.43,0.38,2023-03-29,1946,N,VIIRS,n,2,293.81,0.99,N,2
22.00389,82.66652,301.52,0.56,0.69,2023-02-21,2101,N,VIIRS,n,2,291.28,2.28,N,2
22.80088,86.08883,311.79,0.34,0.56,2023-10-19,1919,N,VIIRS,n,2,292.43,0.78,N,2
25.13733,83.99673,340.12,0.48,0.48,2023-04-17,802,N,VIIRS,l,2,314.93,4.06,D,0
25.51212,90.93386,329.32,0.45,0.47,2023-03-31,640,N,VIIRS,n,2,292.0,2.96,D,0
22.9326,77.83038,334.59,0.46,0.63,2023-03-03,845,N,VIIRS,n,2,299.88,4.73,D,0
21.43989,86.41576,335.1,0.39,0.36,2023-03-02,723,N,VIIRS,n,2,307.03,1.95,D,0
23.78136,86.20965,333.42,0.51,0.49,2023-01-06,755,N,VIIRS,l,2,304.21,4.66,D,2
16.02116,78.65644,313.63,0.39,0.36,2023-04-12,2026,N,VIIRS,n,2,297.28,1.19,N,0
25.14939,76.33188,345.78,0.37,0.58,2023-05-05,725,N,VIIRS,n,2,313.15,4.6,D,0
18.01074,80.18483,335.97,0.47,0.4,2023-03-01,741,N,VIIRS,n,2,307.14,2.77,D,0
25.61563,90.91664,339.7,0.42,0.45,2023-03-07,730,N,VIIRS,n,2,298.52,5.96,D,0
29.20484,76.93288,334.07,0.43,0.38,2023-12-18,808,N,VIIRS,n,2,298.18,8.01,D,0
23.77843,86.3886,312.51,0.42,0.61,2023-03-20,1914,N,VIIRS,n,2,288.89,1.78,N,2
25.95226,78.18752,331.93,0.4,0.37,2023-11-17,749,N,VIIRS,n,2,299.17,1.61,D,0
29.81998,75.59702,357.29,0.4,0.37,2023-02-07,757,N,VIIRS,l,2,298.96,8.36,D,0
24.35289,87.86975,339.93,0.52,0.5,2023-04-07,749,N,VIIRS,l,2,311.7,3.77,D,0
14.33601,79.13618,351.3,0.51,0.66,2023-04-14,716,N,VIIRS,n,2,307.04,10.44,D,0
30.89461,75.25603,337.83,0.44,0.38,2023-11-05,815,N,VIIRS,n,2,302.69,4.85,D,0
25.21201,93.12709,347.34,0.55,0.43,2023-03-13,718,N,VIIRS,n,2,301.85,6.47,D,0
25.77176,92.77657,356.03,0.68,0.74,2023-04-12,756,N,VIIRS,n,2,298.57,12.47,D,0
25.74477,92.31747,345.48,0.44,0.62,2023-04-12,616,N,VIIRS,n,2,299.22,4.68,D,0
23.69044,87.12137,318.34,0.39,0.6,2023-03-05,2035,N,VIIRS,n,2,293.52,2.35,N,2
29.43389,76.47904,335.18,0.59,0.53,2023-05-05,726,N,VIIRS,n,2,302.3,9.27,D,0
15.29242,74.58989,344.5,0.46,0.47,2023-03-27,754,N,VIIRS,n,2,309.58,6.91,D,0
31.15831,76.0369,343.61,0.47,0.48,2023-05-10,733,N,VIIRS,n,2,315.02,6.58,D,0
23.97769,82.27182,310.71,0.42,0.38,2023-06-16,2004,N,VIIRS,n,2,297.09,1.03,N,0
22.37964,87.28127,298.14,0.44,0.46,2023-09-22,1926,N,VIIRS,n,2,272.93,0.77,N,2
31.62137,75.49738,340.36,0.45,0.39,2023-05-13,817,N,VIIRS,l,2,312.89,9.07,D,0
20.66852,79.98029,346.56,0.44,0.39,2023-04-18,742,N,VIIRS,l,2,313.63,10.41,D,0
20.7248,83.745,342.45,0.39,0.44,2023-01-24,716,N,VIIRS,n,2,308.4,4.33,D,0
25.6319,93.7634,332.79,0.39,0.36,2023-04-10,653,N,VIIRS,l,2,303.6,1.53,D,0
22.0351,86.44654,308.51,0.4,0.44,2023-03-06,2017,N,VIIRS,n,2,292.01,1.24,N,0
25.82146,91.59412,352.42,0.47,0.48,2023-04-08,731,N,VIIRS,n,2,305.36,10.1,D,0
23.62358,85.95159,352.74,0.49,0.65,2023-03-15,640,N,VIIRS,n,2,303.48,9.75,D,0
18.44011,78.27079,348.99,0.52,0.42,2023-03-15,819,N,VIIRS,n,2,312.3,15.17,D,0
22.71487,77.58892,334.86,0.54,0.42,2023-10-27,741,N,VIIRS,l,2,308.16,8.62,D,0
21.10316,72.63524,335.67,0.56,0.51,2023-08-31,2120,N,VIIRS,n,2,294.07,5.57,N,0
23.38692,77.62535,341.43,0.45,0.39,2023-05-25,749,N,VIIRS,l,2,308.87,5.55,D,0
25.8597,78.59886,345.22,0.42,0.45,2023-04-24,731,N,VIIRS,n,2,308.33,7.31,D,0
30.2798,75.84689,334.43,0.5,0.41,2023-11-12,744,N,VIIRS,n,2,302.82,4.31,D,0
17.12573,79.78561,336.17,0.41,0.61,2023-05-16,716,N,VIIRS,l,2,306.24,3.75,D,0
30.57113,76.62447,334.04,0.48,0.48,2023-10-14,827,N,VIIRS,n,2,298.54,3.3,D,0
19.31459,82.69459,341.77,0.39,0.36,2023-02-13,741,N,VIIRS,n,2,315.26,3.61,D,0
23.17322,78.77718,309.3,0.39,0.36,2023-03-27,2024,N,VIIRS,n,2,292.8,0.94,N,0
23.69599,86.0823,325.89,0.54,0.42,2023-02-02,2016,N,VIIRS,n,2,284.66,3.18,N,2
20.27784,81.12597,306.48,0.42,0.38,2023-03-11,2024,N,VIIRS,n,2,294.1,1.76,N,0
15.93977,78.79823,347.57,0.39,0.36,2023-03-21,806,N,VIIRS,n,2,306.92,3.8,D,0
23.95562,81.92259,310.02,0.41,0.45,2023-05-21,1951,N,VIIRS,n,2,298.36,1.57,N,0
23.96777,92.92119,344.92,0.55,0.43,2023-03-15,640,N,VIIRS,n,2,283.56,12.37,D,0
18.92572,78.88023,310.87,0.44,0.38,2023-04-02,2012,N,VIIRS,n,2,294.79,1.77,N,0
20.96521,85.17774,330.86,0.64,0.54,2023-02-17,807,N,VIIRS,l,2,304.68,6.19,D,2
26.01378,92.44718,333.35,0.4,0.37,2023-04-10,653,N,VIIRS,l,2,304.91,4.28,D,0
19.22829,83.15844,302.48,0.55,0.51,2023-03-05,2037,N,VIIRS,n,2,289.51,0.35,N,0
25.46046,86.9678,341.51,0.58,0.52,2023-05-30,755,N,VIIRS,n,2,305.4,3.73,D,0
22.75788,86.3364,343.07,0.4,0.44,2023-03-06,748,N,VIIRS,n,2,311.03,4.6,D,0
24.41677,94.34583,354.51,0.42,0.45,2023-04-14,718,N,VIIRS,n,2,309.14,259.2,D,0
17.54125,73.53529,311.43,0.4,0.37,2023-03-05,2037,N,VIIRS,n,2,291.81,1.11,N,0
23.68613,86.39029,318.37,0.52,0.41,2023-04-09,1939,N,VIIRS,n,2,294.95,2.84,N,2
17.17457,73.95836,342.35,0.41,0.37,2023-04-27,813,N,VIIRS,l,2,315.19,12.81,D,0
25.12827,94.16968,338.44,0.56,0.51,2023-03-16,621,N,VIIRS,n,2,297.29,7.41,D,0
23.7751,86.38647,317.64,0.52,0.42,2023-02-20,1939,N,VIIRS,n,2,295.64,3.63,N,2
23.3763,77.72589,335.14,0.52,0.42,2023-05-04,743,N,VIIRS,l,2,306.32,6.97,D,0
30.76569,76.40385,335.68,0.55,0.43,2023-11-07,737,N,VIIRS,n,2,300.87,6.96,D,0
20.89163,82.16587,335.2,0.41,0.45,2023-12-18,806,N,VIIRS,n,2,300.23,4.93,D,0
18.98572,80.53479,354.25,0.48,0.48,2023-04-16,820,N,VIIRS,n,2,310.17,6.39,D,0
15.61756,75.61947,296.43,0.41,0.6,2023-02-14,1954,N,VIIRS,n,2,284.99,0.3,N,0
19.57584,80.99364,338.42,0.41,0.45,2023-06-14,813,N,VIIRS,n,2,303.79,3.21,D,0
19.61015,83.2379,342.25,0.45,0.63,2023-06-02,657,N,VIIRS,n,2,300.17,3.58,D,0
25.91338,76.79678,338.15,0.4,0.37,2023-10-31,807,N,VIIRS,n,2,309.49,3.86,D,0
19.62996,80.64213,332.46,0.42,0.38,2023-04-17,801,N,VIIRS,l,2,306.7,2.48,D,0
18.60949,73.52719,348.57,0.4,0.37,2023-02-16,825,N,VIIRS,n,2,317.25,8.65,D,0
23.66838,86.09034,300.51,0.43,0.62,2023-09-28,1913,N,VIIRS,n,2,284.96,0.75,N,2
18.83504,83.06552,333.78,0.47,0.4,2023-03-07,729,N,VIIRS,n,2,299.25,5.87,D,0
20.83396,70.69389,305.63,0.39,0.36,2023-02-16,2055,N,VIIRS,n,2,293.1,0.92,N,2
31.83829,74.86636,338.38,0.49,0.48,2023-10-03,834,N,VIIRS,n,2,300.61,3.91,D,0
30.10957,75.59557,344.94,0.48,0.65,2023-11-19,712,N,VIIRS,n,2,296.96,9.87,D,0
22.7013,76.44306,302.37,0.46,0.39,2023-04-16,2049,N,VIIRS,n,2,289.81,0.59,N,0
21.88423,82.40006,350.05,0.46,0.39,2023-01-02,729,N,VIIRS,n,2,303.66,36.74,D,0
23.81874,77.82294,303.84,0.56,0.43,2023-04-18,2011,N,VIIRS,n,2,288.62,1.46,N,0
26.68175,94.85219,344.19,0.42,0.38,2023-01-09,659,N,VIIRS,n,2,292.3,10.09,D,0
21.66004,85.14503,334.23,0.41,0.45,2023-03-11,755,N,VIIRS,n,2,300.5,2.69,D,0
25.15926,84.27624,338.08,0.37,0.58,2023-12-22,651,N,VIIRS,n,2,293.95,2.52,D,0
20.84495,86.54391,333.74,0.48,0.48,2023-03-11,754,N,VIIRS,n,2,305.27,3.46,D,0
12.79726,75.30334,349.65,0.77,0.77,2023-03-02,721,N,VIIRS,n,2,304.66,10.43,D,0
23.77391,93.20367,304.81,0.61,0.53,2023-03-12,2004,N,VIIRS,n,2,289.43,2.16,N,0
22.60122,85.3003,338.71,0.43,0.46,2023-04-12,755,N,VIIRS,l,2,311.42,3.4,D,0
18.03908,74.07066,332.53,0.46,0.39,2023-12-06,830,N,VIIRS,n,2,295.28,4.06,D,0
26.94286,95.43515,346.39,0.4,0.37,2023-12-22,651,N,VIIRS,n,2,288.56,22.09,D,0
20.2956,79.90356,350.42,0.55,0.51,2023-04-19,724,N,VIIRS,n,2,309.24,6.01,D,0
31.86136,75.5607,330.67,0.44,0.62,2023-04-09,715,N,VIIRS,n,2,303.76,2.07,D,0
24.28334,93.0532,352.92,0.35,0.56,2023-04-13,737,N,VIIRS,n,2,303.35,17.13,D,0
25.26418,88.31776,347.25,0.52,0.5,2023-05-07,646,N,VIIRS,n,2,308.59,8.39,D,0
24.7836,94.06626,330.33,0.39,0.36,2023-01-04,652,N,VIIRS,n,2,296.82,2.71,D,0
30.57324,79.56419,307.02,0.46,0.39,2023-02-18,2015,N,VIIRS,n,2,282.25,0.83,N,0
21.05834,81.71071,332.39,0.41,0.45,2023-12-31,722,N,VIIRS,n,2,299.63,2.02,D,0
21.71497,83.89777,335.24,0.59,0.52,2023-03-03,704,N,VIIRS,l,2,306.44,6.75,D,0
28.69968,76.46478,343.97,0.4,0.44,2023-12-09,737,N,VIIRS,n,2,299.65,4.9,D,0
19.10216,82.16702,308.37,0.39,0.36,2023-03-28,2006,N,VIIRS,n,2,293.83,0.94,N,0
25.2927,76.0709,311.35,0.37,0.58,2023-05-11,2119,N,VIIRS,n,2,291.22,0.79,N,0
18.68621,73.02817,307.52,0.42,0.38,2023-05-24,2037,N,VIIRS,n,2,295.88,3.17,N,2
29.88125,77.20856,338.78,0.4,0.37,2023-02-02,751,N,VIIRS,n,2,294.96,3.86,D,0
18.19046,81.64754,332.05,0.4,0.37,2023-03-11,754,N,VIIRS,l,2,306.01,1.24,D,0
29.13582,79.63369,335.93,0.43,0.38,2023-06-16,738,N,VIIRS,l,2,305.71,2.45,D,0
22.88844,80.22261,306.98,0.39,0.44,2023-04-11,2043,N,VIIRS,n,2,292.68,1.1,N,0
22.58214,76.4255,298.39,0.44,0.46,2023-02-13,2011,N,VIIRS,n,2,287.56,0.98,N,0
22.71786,85.37305,319.45,0.41,0.37,2023-04-19,1952,N,VIIRS,n,2,295.22,5.6,N,0
32.34909,75.6851,308.32,0.52,0.41,2023-05-19,2027,N,VIIRS,n,2,294.55,0.98,N,0
25.87066,78.63607,335.78,0.51,0.41,2023-11-07,736,N,VIIRS,n,2,302.33,4.83,D,0
24.85006,93.18649,349.12,0.38,0.36,2023-04-15,659,N,VIIRS,n,2,309.36,31.87,D,0
21.89918,86.14863,308.2,0.39,0.36,2023-03-07,1958,N,VIIRS,n,2,289.28,1.52,N,0
14.11393,77.8914,343.25,0.54,0.42,2023-03-04,824,N,VIIRS,n,2,311.06,4.79,D,0
25.13033,86.30263,332.73,0.42,0.61,2023-04-06,809,N,VIIRS,l,2,306.17,1.5,D,0
23.24551,87.81734,325.89,0.42,0.38,2023-12-21,709,N,VIIRS,n,2,296.15,2.18,D,0
18.48259,79.92441,342.5,0.48,0.48,2023-06-11,728,N,VIIRS,n,2,298.74,8.77,D,0
30.70453,76.51907,336.39,0.39,0.36,2023-10-26,802,N,VIIRS,n,2,305.84,2.79,D,0
17.5888,78.7311,334.25,0.4,0.37,2023-03-05,806,N,VIIRS,l,2,307.91,1.7,D,0
27.22351,83.10001,342.37,0.6,0.7,2023-04-16,642,N,VIIRS,n,2,307.03,5.1,D,0
25.71906,79.007,343.77,0.47,0.4,2023-05-08,809,N,VIIRS,l,2,316.17,11.62,D,0
20.67989,85.06236,334.84,0.43,0.38,2023-03-02,723,N,VIIRS,n,2,306.57,2.75,D,0
23.79411,86.35392,318.69,0.53,0.5,2023-11-09,1925,N,VIIRS,n,2,294.18,4.52,N,2
29.58362,74.43111,353.43,0.4,0.37,2023-05-13,816,N,VIIRS,n,2,322.31,6.24,D,0
24.39389,92.81446,348.36,0.42,0.61,2023-04-18,743,N,VIIRS,n,2,296.81,8.43,D,0
26.81765,83.28973,305.45,0.55,0.43,2023-04-19,1951,N,VIIRS,n,2,295.1,1.13,N,0
23.26296,83.65882,338.17,0.44,0.39,2023-05-25,749,N,VIIRS,l,2,311.23,9.83,D,0
21.86029,85.07264,307.34,0.48,0.48,2023-04-20,1934,N,VIIRS,n,2,295.68,1.98,N,0
22.27581,85.86789,304.86,0.44,0.46,2023-03-03,1933,N,VIIRS,n,2,291.89,1.1,N,0
14.4408,74.78992,333.49,0.46,0.39,2023-04-10,831,N,VIIRS,n,2,304.9,3.69,D,0
22.79507,86.20815,308.88,0.41,0.37,2023-01-23,2004,N,VIIRS,n,2,291.54,1.32,N,2
26.07204,93.73483,329.01,0.41,0.45,2023-11-08,717,N,VIIRS,n,2,298.65,3.9,D,0
31.86982,75.26167,344.15,0.5,0.49,2023-05-10,733,N,VIIRS,n,2,314.56,7.26,D,0
18.95309,80.14973,311.51,0.47,0.64,2023-03-03,1934,N,VIIRS,n,2,292.12,2.85,N,0
21.76484,84.02233,314.43,0.35,0.57,2023-12-27,1925,N,VIIRS,n,2,290.41,1.17,N,2
29.84699,76.51959,304.69,0.5,0.66,2023-11-13,1949,N,VIIRS,n,2,283.89,1.08,N,0
29.39377,75.88655,335.76,0.53,0.42,2023-10-25,821,N,VIIRS,n,2,301.82,5.25,D,0
21.20133,76.81879,332.13,0.39,0.36,2023-02-01,807,N,VIIRS,n,2,300.06,7.83,D,0
26.52125,90.53732,316.13,0.46,0.47,2023-05-04,2009,N,VIIRS,n,2,289.15,1.45,N,2
14.30072,78.53014,307.7,0.52,0.67,2023-02-15,1935,N,VIIRS,n,2,292.52,1.6,N,0
19.28299,79.90159,313.97,0.39,0.37,2023-03-11,2024,N,VIIRS,n,2,293.34,1.0,N,0
22.4725,86.37403,303.23,0.39,0.44,2023-03-06,2017,N,VIIRS,n,2,291.2,0.94,N,0
18.68492,73.03769,339.92,0.5,0.41,2023-01-09,838,N,VIIRS,n,2,309.26,8.11,D,2
30.65549,75.29742,356.29,0.39,0.6,2023-11-08,719,N,VIIRS,n,2,296.1,10.53,D,0
22.85695,86.05568,297.04,0.46,0.47,2023-11-06,2022,N,VIIRS,n,2,275.46,0.84,N,2
21.58513,80.56238,330.08,0.33,0.55,2023-04-05,827,N,VIIRS,l,2,304.51,2.67,D,0
22.00953,81.86213,333.09,0.5,0.49,2023-05-29,814,N,VIIRS,l,2,303.5,1.96,D,0
26.75458,81.11316,335.46,0.53,0.5,2023-11-05,814,N,VIIRS,n,2,299.82,5.34,D,0
21.22039,85.71198,304.8,0.44,0.39,2023-03-13,1946,N,VIIRS,n,2,291.8,1.03,N,0
25.77826,92.52676,342.34,0.4,0.37,2023-04-10,653,N,VIIRS,n,2,308.23,29.07,D,0
22.37326,86.06135,330.16,0.52,0.5,2023-02-10,658,N,VIIRS,n,2,303.25,1.04,D,0
30.98158,75.24338,345.09,0.45,0.39,2023-11-17,750,N,VIIRS,n,2,304.2,8.42,D,0
26.17387,83.94118,355.48,0.49,0.4,2023-04-23,750,N,VIIRS,n,2,317.36,10.81,D,0
13.85573,78.79498,333.73,0.5,0.41,2023-01-26,818,N,VIIRS,l,2,304.4,3.28,D,0
23.53446,82.24152,304.78,0.63,0.54,2023-04-16,2049,N,VIIRS,n,2,292.91,2.89,N,0
31.5369,74.77944,345.99,0.42,0.38,2023-05-13,817,N,VIIRS,l,2,316.13,10.94,D,0
21.07695,85.88668,316.65,0.41,0.37,2023-03-12,2005,N,VIIRS,n,2,294.3,1.78,N,0
21.1916,81.41485,332.04,0.54,0.67,2023-10-08,657,N,VIIRS,n,2,301.8,8.03,D,2
25.41304,93.82966,353.05,0.5,0.41,2023-03-08,711,N,VIIRS,n,2,314.87,25.71,D,0
23.25381,79.78016,348.13,0.39,0.36,2023-11-22,754,N,VIIRS,n,2,302.91,6.37,D,0
30.70856,74.43575,345.74,0.59,0.53,2023-05-10,733,N,VIIRS,n,2,313.75,3.29,D,0
19.70881,80.6078,335.89,0.5,0.49,2023-04-16,820,N,VIIRS,l,2,305.92,3.55,D,0
29.43209,76.5372,336.69,0.44,0.63,2023-05-06,848,N,VIIRS,n,2,298.92,2.73,D,0
22.53342,76.8493,348.92,0.4,0.44,2023-04-02,743,N,VIIRS,n,2,314.38,7.74,D,0
21.07793,85.04462,307.99,0.4,0.37,2023-08-19,2004,N,VIIRS,n,2,289.82,1.3,N,2
24.96638,76.53591,306.18,0.45,0.63,2023-05-05,1952,N,VIIRS,n,2,290.32,0.66,N,0
28.03625,78.14088,335.62,0.44,0.46,2023-10-09,820,N,VIIRS,n,2,303.49,2.47,D,0
22.86861,78.42926,337.34,0.4,0.44,2023-10-25,819,N,VIIRS,n,2,306.96,13.49,D,0
21.80506,83.88602,313.53,0.38,0.36,2023-04-13,2005,N,VIIRS,n,2,297.47,2.12,N,0
15.03639,75.85198,336.71,0.41,0.37,2023-12-02,804,N,VIIRS,n,2,301.98,1.9,D,0
24.12269,93.94934,348.7,0.49,0.65,2023-04-18,743,N,VIIRS,n,2,304.3,9.39,D,0
19.76757,79.52999,334.69,0.43,0.46,2023-05-18,819,N,VIIRS,l,2,308.14,2.54,D,0
14.85076,78.09856,333.58,0.45,0.47,2023-01-28,740,N,VIIRS,n,2,304.92,1.71,D,0
22.76526,77.85948,336.4,0.41,0.37,2023-10-31,807,N,VIIRS,n,2,299.38,4.66,D,0
23.45697,76.00451,345.71,0.46,0.39,2023-04-16,821,N,VIIRS,l,2,319.11,17.26,D,0
15.77553,78.77937,343.42,0.39,0.36,2023-02-28,759,N,VIIRS,n,2,307.92,4.33,D,0
22.45018,86.24022,310.69,0.42,0.45,2023-03-03,1933,N,VIIRS,n,2,292.49,1.05,N,0
27.39164,83.06239,349.74,0.6,0.7,2023-04-16,642,N,VIIRS,n,2,308.54,10.32,D,0
27.24341,82.72245,302.73,0.61,0.71,2023-04-10,1920,N,VIIRS,n,2,288.88,1.01,N,0
24.7067,94.20949,349.39,0.46,0.47,2023-02-17,627,N,VIIRS,n,2,293.47,6.76,D,0
23.6358,86.2989,309.31,0.45,0.47,2023-04-12,2023,N,VIIRS,n,2,295.34,2.51,N,2
31.65799,74.76405,330.94,0.4,0.6,2023-10-23,719,N,VIIRS,n,2,296.09,2.18,D,0
24.40082,87.82028,341.14,0.43,0.38,2023-04-08,731,N,VIIRS,l,2,312.05,5.05,D,0
22.80741,84.21573,331.27,0.33,0.55,2023-03-14,659,N,VIIRS,n,2,304.22,0.96,D,0
27.98181,80.45232,330.66,0.43,0.38,2023-12-08,755,N,VIIRS,n,2,297.43,2.28,D,0
23.33155,79.80981,335.23,0.49,0.4,2023-04-22,808,N,VIIRS,n,2,288.92,7.11,D,0
19.72325,84.89059,335.59,0.46,0.39,2023-03-06,748,N,VIIRS,n,2,302.4,3.66,D,0
19.17315,73.4697,334.61,0.38,0.58,2023-06-05,742,N,VIIRS,n,2,298.01,7.51,D,0
19.37772,80.91949,341.87,0.43,0.38,2023-05-19,800,N,VIIRS,n,2,314.91,28.29,D,0
24.51943,93.91557,337.44,0.39,0.44,2023-04-27,634,N,VIIRS,n,2,298.05,2.25,D,0
22.70833,74.98509,335.27,0.62,0.72,2023-03-29,718,N,VIIRS,l,2,308.3,5.02,D,0
30.38122,75.12461,339.17,0.4,0.44,2023-11-15,828,N,VIIRS,n,2,301.35,2.9,D,0
21.77557,83.82928,305.79,0.4,0.37,2023-10-17,1957,N,VIIRS,n,2,292.79,1.6,N,0
21.67519,82.07977,305.01,0.47,0.64,2023-01-25,1927,N,VIIRS,n,2,290.43,1.53,N,2
21.48441,80.63734,308.47,0.45,0.39,2023-04-17,2030,N,VIIRS,n,2,295.05,1.55,N,0
23.75747,85.85213,320.91,0.45,0.47,2023-12-16,1931,N,VIIRS,n,2,287.84,2.94,N,2
21.64003,85.01565,319.07,0.43,0.38,2023-03-17,2011,N,VIIRS,n,2,290.36,1.91,N,0
23.31312,85.72069,335.34,0.58,0.7,2023-02-11,820,N,VIIRS,n,2,306.72,6.42,D,0
15.3201,74.64109,333.74,0.59,0.53,2023-04-09,850,N,VIIRS,l,2,305.31,4.44,D,0
30.7087,74.75829,333.1,0.47,0.4,2023-11-01,750,N,VIIRS,n,2,300.48,4.95,D,0
23.75697,85.85519,328.13,0.5,0.49,2023-12-11,657,N,VIIRS,n,2,302.68,3.76,D,2
21.18784,81.38855,326.26,0.39,0.36,2023-06-05,2011,N,VIIRS,n,2,297.9,2.39,N,2
29.07334,75.83817,350.89,0.44,0.38,2023-04-27,816,N,VIIRS,n,2,317.17,27.37,D,0
30.44818,74.6741,333.48,0.57,0.43,2023-11-15,828,N,VIIRS,n,2,299.8,4.15,D,0
18.29807,79.03136,338.47,0.49,0.65,2023-05-22,844,N,VIIRS,n,2,301.18,3.54,D,0
24.11445,93.581,338.98,0.39,0.36,2023-04-15,659,N,VIIRS,n,2,295.59,3.75,D,0
22.51532,73.95549,339.41,0.39,0.36,2023-03-26,814,N,VIIRS,l,2,311.84,1.79,D,0
31.04677,75.30487,343.89,0.42,0.45,2023-10-06,738,N,VIIRS,n,2,301.88,4.9,D,0
25.25088,77.05244,306.41,0.45,0.39,2023-04-16,2048,N,VIIRS,n,2,293.39,0.62,N,0
31.21368,74.97494,342.7,0.39,0.36,2023-10-31,809,N,VIIRS,n,2,299.7,3.89,D,0
21.37078,73.99608,346.78,0.63,0.54,2023-04-25,852,N,VIIRS,l,2,319.72,18.69,D,0
15.74393,78.99257,341.52,0.44,0.46,2023-02-16,824,N,VIIRS,n,2,313.3,10.59,D,0
31.66616,75.58222,341.36,0.4,0.37,2023-05-08,810,N,VIIRS,n,2,307.63,14.16,D,0
23.51363,87.27556,297.75,0.41,0.61,2023-02-01,2035,N,VIIRS,n,2,286.78,0.86,N,2
21.58066,69.7991,337.45,0.53,0.42,2023-11-03,850,N,VIIRS,n,2,308.94,5.12,D,0
21.92829,82.772,331.17,0.42,0.61,2023-03-14,658,N,VIIRS,l,2,304.11,5.21,D,0
22.22126,86.47469,303.18,0.49,0.49,2023-02-23,2023,N,VIIRS,n,2,291.83,1.77,N,0
17.45187,79.67368,338.65,0.32,0.55,2023-02-14,722,N,VIIRS,n,2,304.96,1.95,D,0
23.24954,84.2602,340.67,0.39,0.36,2023-03-07,730,N,VIIRS,n,2,297.6,8.32,D,0
25.59668,91.30058,341.97,0.4,0.37,2023-02-26,659,N,VIIRS,n,2,301.87,4.67,D,0
19.38334,74.65157,334.36,0.42,0.37,2023-01-16,807,N,VIIRS,n,2,304.27,2.66,D,0
19.08091,77.46795,340.68,0.42,0.45,2023-12-14,740,N,VIIRS,n,2,303.23,13.55,D,0
20.96338,73.10172,330.47,0.46,0.63,2023-02-24,736,N,VIIRS,n,2,305.39,1.76,D,0
21.34511,70.87277,343.41,0.42,0.38,2023-03-14,839,N,VIIRS,n,2,316.39,9.37,D,0
28.03204,77.186,308.47,0.46,0.39,2023-08-18,2021,N,VIIRS,n,2,287.23,3.31,N,0
21.3092,83.35543,338.08,0.5,0.41,2023-02-14,723,N,VIIRS,n,2,310.16,3.83,D,0
26.55138,94.53318,328.9,0.5,0.41,2023-03-10,634,N,VIIRS,n,2,293.18,3.82,D,0
30.42515,74.99935,331.68,0.48,0.48,2023-11-04,834,N,VIIRS,n,2,297.93,4.77,D,0
23.1951,83.88663,305.37,0.42,0.45,2023-04-17,2030,N,VIIRS,n,2,293.74,1.73,N,0
22.59751,86.10642,336.8,0.39,0.36,2023-02-14,723,N,VIIRS,n,2,305.84,2.19,D,0
24.20834,92.48731,347.39,0.64,0.54,2023-04-13,737,N,VIIRS,n,2,300.15,15.65,D,0
30.2784,75.91315,338.53,0.57,0.69,2023-05-06,707,N,VIIRS,n,2,299.63,4.64,D,0
18.76516,80.68053,330.93,0.33,0.56,2023-04-14,717,N,VIIRS,n,2,293.78,2.85,D,0
12.50022,79.13764,343.9,0.43,0.38,2023-04-12,753,N,VIIRS,n,2,312.43,14.34,D,0
25.93132,78.27396,334.74,0.4,0.37,2023-11-01,749,N,VIIRS,n,2,302.21,4.06,D,0
23.60577,77.5191,348.34,0.4,0.37,2023-05-14,755,N,VIIRS,l,2,322.8,3.77,D,0
19.21181,79.83974,338.54,0.56,0.43,2023-04-13,736,N,VIIRS,n,2,305.82,3.57,D,0
23.85315,91.81464,348.33,0.53,0.5,2023-04-11,634,N,VIIRS,n,2,311.6,55.31,D,0
16.05466,80.86391,329.5,0.46,0.64,2023-12-21,708,N,VIIRS,n,2,298.48,2.49,D,0
21.26812,70.06613,367.0,0.35,0.57,2023-02-23,755,N,VIIRS,h,2,311.14,3.65,D,0
19.40455,80.24322,336.34,0.44,0.39,2023-04-02,742,N,VIIRS,l,2,305.36,3.75,D,0
18.67518,79.4292,309.21,0.41,0.61,2023-02-21,2102,N,VIIRS,n,2,295.28,1.62,N,0
19.33426,73.37072,338.59,0.53,0.42,2023-03-30,839,N,VIIRS,n,2,306.98,2.97,D,0
21.37586,83.41991,332.53,0.63,0.72,2023-02-21,832,N,VIIRS,n,2,306.61,3.71,D,0
25.12245,84.1965,341.01,0.42,0.38,2023-04-19,725,N,VIIRS,l,2,312.75,9.35,D,0
20.27687,85.04904,316.89,0.46,0.39,2023-03-13,1946,N,VIIRS,n,2,295.04,1.75,N,0
22.68395,85.67399,336.39,0.38,0.36,2023-02-03,729,N,VIIRS,n,2,308.68,2.74,D,0
12.4806,78.19191,355.04,0.49,0.48,2023-02-13,740,N,VIIRS,n,2,309.93,16.52,D,0
25.74731,78.10897,331.92,0.43,0.62,2023-11-19,711,N,VIIRS,n,2,293.75,3.26,D,0
21.82199,87.25214,335.3,0.35,0.57,2023-12-17,644,N,VIIRS,n,2,299.53,2.5,D,0
17.82965,83.20926,340.78,0.38,0.43,2023-04-03,723,N,VIIRS,n,2,301.25,6.65,D,0
21.77273,84.49291,335.61,0.52,0.42,2023-02-25,717,N,VIIRS,n,2,309.16,5.73,D,0
25.20521,84.22653,316.69,0.39,0.36,2023-04-18,2010,N,VIIRS,n,2,295.03,2.02,N,0
17.41093,81.33929,331.41,0.43,0.38,2023-04-17,800,N,VIIRS,l,2,305.59,2.7,D,0
21.21381,83.27654,339.98,0.39,0.36,2023-03-17,742,N,VIIRS,n,2,299.22,2.94,D,0
20.23876,81.62891,305.21,0.44,0.38,2023-02-23,2024,N,VIIRS,n,2,294.11,1.4,N,0
18.19595,74.42274,342.07,0.39,0.36,2023-05-02,819,N,VIIRS,l,2,315.15,9.63,D,0
15.07893,76.56812,331.09,0.57,0.52,2023-03-01,740,N,VIIRS,l,2,306.05,8.17,D,0
23.69472,87.10615,302.19,0.38,0.43,2023-02-15,1932,N,VIIRS,n,2,288.41,0.8,N,2
30.99794,75.64347,339.77,0.53,0.5,2023-11-04,834,N,VIIRS,n,2,297.53,4.51,D,0
19.88264,73.77003,330.97,0.68,0.74,2023-10-28,722,N,VIIRS,n,2,296.19,4.62,D,0
22.47449,74.2286,332.12,0.43,0.62,2023-04-14,859,N,VIIRS,l,2,306.88,2.91,D,0
21.17432,83.20128,304.4,0.51,0.49,2023-03-05,2036,N,VIIRS,n,2,292.71,1.66,N,0
18.32743,80.10461,306.92,0.4,0.37,2023-03-11,2025,N,VIIRS,n,2,293.94,1.15,N,0
16.16776,80.72239,347.17,0.45,0.47,2023-06-03,818,N,VIIRS,n,2,309.56,8.3,D,0
22.80571,77.82848,340.71,0.44,0.38,2023-11-17,748,N,VIIRS,n,2,305.42,8.64,D,0
21.38181,81.98342,352.24,0.49,0.49,2023-02-25,717,N,VIIRS,n,2,311.47,6.69,D,0
24.8006,76.17803,347.77,0.39,0.44,2023-05-07,827,N,VIIRS,n,2,316.37,15.51,D,0
30.12976,76.25333,351.33,0.45,0.47,2023-05-07,829,N,VIIRS,n,2,312.59,14.6,D,0
12.85932,75.95835,297.32,0.5,0.49,2023-12-01,2056,N,VIIRS,n,2,284.28,0.29,N,0
18.62217,83.05045,335.04,0.38,0.59,2023-03-03,703,N,VIIRS,n,2,300.42,6.85,D,0
18.73263,76.95628,316.63,0.38,0.36,2023-10-26,2030,N,VIIRS,n,2,289.64,1.52,N,0
18.96087,73.07397,334.52,0.42,0.38,2023-11-21,812,N,VIIRS,n,2,303.94,4.17,D,0
17.68759,80.38516,337.82,0.55,0.43,2023-03-12,735,N,VIIRS,n,2,306.7,2.96,D,0
15.18662,74.78909,304.01,0.4,0.37,2023-02-28,2032,N,VIIRS,n,2,290.46,1.06,N,0
19.90081,82.23977,345.23,0.42,0.38,2023-01-22,754,N,VIIRS,n,2,306.3,3.33,D,0
24.98317,81.43938,343.7,0.42,0.45,2023-10-31,807,N,VIIRS,n,2,303.44,6.12,D,0
25.60208,93.07611,340.93,0.41,0.45,2023-04-11,634,N,VIIRS,n,2,303.26,7.43,D,0
21.18177,81.38634,311.43,0.39,0.36,2023-10-27,2010,N,VIIRS,n,2,295.94,1.03,N,3
21.02001,84.54685,334.44,0.38,0.36,2023-03-12,736,N,VIIRS,n,2,306.5,3.02,D,0
24.98535,86.13966,337.51,0.41,0.37,2023-12-26,716,N,VIIRS,n,2,298.36,5.11,D,0
21.92046,83.35423,305.77,0.5,0.41,2023-01-06,2023,N,VIIRS,n,2,289.57,1.78,N,2
23.72342,86.44295,295.32,0.66,0.73,2023-02-22,1901,N,VIIRS,n,2,280.82,0.79,N,2
20.12117,82.46394,345.93,0.43,0.38,2023-02-23,754,N,VIIRS,n,2,315.99,3.76,D,0
22.09818,84.3763,297.08,0.39,0.37,2023-01-02,1958,N,VIIRS,n,2,286.84,0.58,N,2
29.70753,76.29819,346.98,0.43,0.38,2023-05-09,751,N,VIIRS,l,2,318.73,8.67,D,0
30.84559,75.03155,329.97,0.49,0.65,2023-11-19,713,N,VIIRS,n,2,296.02,2.76,D,0
22.42378,86.30472,307.16,0.43,0.38,2023-02-25,1945,N,VIIRS,n,2,291.96,0.51,N,0
25.0628,82.28927,344.03,0.39,0.36,2023-02-24,737,N,VIIRS,n,2,308.0,3.6,D,0
19.24445,83.18243,335.28,0.4,0.37,2023-03-12,735,N,VIIRS,n,2,307.46,1.67,D,0
21.175,86.72608,342.47,0.4,0.44,2023-03-03,704,N,VIIRS,n,2,306.69,8.21,D,0
20.80757,85.25805,303.08,0.35,0.57,2023-02-17,2036,N,VIIRS,n,2,289.85,0.87,N,2
25.4964,85.63591,331.3,0.49,0.41,2023-06-17,1944,N,VIIRS,n,2,289.05,6.22,N,3
26.60773,93.16644,308.32,0.41,0.61,2023-02-18,2015,N,VIIRS,n,2,285.77,0.91,N,0
23.69167,87.11326,308.31,0.5,0.41,2023-04-18,2011,N,VIIRS,n,2,297.4,3.68,N,2
23.24815,79.14938,351.27,0.54,0.42,2023-05-13,814,N,VIIRS,l,2,324.77,11.64,D,0
23.57289,82.99807,307.97,0.38,0.36,2023-05-20,2010,N,VIIRS,n,2,297.34,0.64,N,0
25.28177,73.07259,351.21,0.42,0.38,2023-04-21,828,N,VIIRS,n,2,323.65,11.33,D,0
20.50094,84.74271,333.3,0.41,0.37,2023-04-18,742,N,VIIRS,l,2,308.18,4.45,D,0
15.61344,78.71801,343.94,0.43,0.62,2023-03-03,843,N,VIIRS,n,2,302.65,6.2,D,0
23.50925,92.95878,296.23,0.51,0.66,2023-03-11,1842,N,VIIRS,n,2,286.15,0.35,N,0
21.46831,77.70696,334.57,0.55,0.68,2023-04-25,852,N,VIIRS,n,2,302.19,5.39,D,0
16.61697,81.13173,339.41,0.49,0.49,2023-03-31,819,N,VIIRS,n,2,296.02,3.97,D,0
19.48013,80.97664,350.4,0.39,0.36,2023-05-14,754,N,VIIRS,n,2,304.41,4.04,D,0
24.29878,74.13628,335.13,0.56,0.51,2023-04-20,846,N,VIIRS,n,2,305.1,3.4,D,0
21.8729,81.9551,345.58,0.39,0.36,2023-02-02,748,N,VIIRS,n,2,309.69,5.35,D,0
24.19684,93.14237,334.83,0.35,0.57,2023-04-13,737,N,VIIRS,n,2,303.7,36.41,D,0
23.83008,91.93369,340.11,0.51,0.41,2023-04-05,646,N,VIIRS,n,2,298.38,16.27,D,0
20.79514,85.2539,331.5,0.46,0.39,2023-03-29,1946,N,VIIRS,n,2,296.18,6.73,N,2
25.19121,86.42468,331.79,0.54,0.68,2023-03-26,815,N,VIIRS,n,2,298.02,3.09,D,0
12.76636,77.13637,325.01,0.4,0.37,2023-02-12,2032,N,VIIRS,n,2,289.79,1.8,N,0
25.39455,92.64439,325.89,0.4,0.37,2023-02-05,652,N,VIIRS,n,2,295.99,1.88,D,0
23.78483,86.33239,330.27,0.4,0.37,2023-05-21,1951,N,VIIRS,n,2,302.58,6.68,N,2
25.73848,90.91254,339.95,0.44,0.38,2023-03-13,718,N,VIIRS,n,2,305.64,12.88,D,0
26.52153,90.53199,303.38,0.62,0.54,2023-04-16,1907,N,VIIRS,n,2,292.95,1.79,N,2
24.33459,93.06363,349.77,0.69,0.74,2023-04-12,756,N,VIIRS,n,2,300.57,20.07,D,0
23.69339,87.11515,299.7,0.41,0.45,2023-12-03,2015,N,VIIRS,n,2,278.82,1.97,N,2
15.52619,73.99432,332.48,0.4,0.44,2023-10-26,758,N,VIIRS,n,2,307.26,4.5,D,2
13.41133,77.16748,336.73,0.44,0.38,2023-01-11,758,N,VIIRS,n,2,303.92,2.26,D,0
22.86094,76.90276,302.87,0.51,0.66,2023-03-29,1946,N,VIIRS,n,2,291.07,1.21,N,0
23.25679,77.06076,335.64,0.41,0.37,2023-10-05,754,N,VIIRS,l,2,309.53,4.39,D,0
33.24857,75.66564,304.99,0.49,0.65,2023-12-20,1954,N,VIIRS,n,2,278.06,0.88,N,0
31.09974,75.86829,341.53,0.42,0.38,2023-11-01,750,N,VIIRS,n,2,301.71,4.1,D,0
21.81494,78.94302,337.93,0.43,0.38,2023-04-06,808,N,VIIRS,l,2,311.96,8.91,D,0
21.07752,85.0372,306.11,0.41,0.37,2023-02-14,1952,N,VIIRS,n,2,293.24,1.49,N,2
19.88247,82.15272,335.71,0.43,0.38,2023-02-08,735,N,VIIRS,l,2,308.53,2.57,D,0
25.11492,77.04488,340.1,0.44,0.39,2023-04-12,2023,N,VIIRS,n,2,294.55,2.73,N,0
12.47814,78.19586,340.04,0.49,0.48,2023-02-13,740,N,VIIRS,n,2,307.43,4.67,D,0
25.67746,91.45212,332.77,0.41,0.37,2023-04-09,712,N,VIIRS,n,2,301.09,1.55,D,0
23.67834,86.09494,297.62,0.55,0.51,2023-12-11,1925,N,VIIRS,n,2,286.83,1.91,N,2
24.17989,92.03616,339.6,0.41,0.37,2023-03-08,711,N,VIIRS,n,2,307.63,6.18,D,0
13.15805,80.27673,309.08,0.62,0.72,2023-04-10,1924,N,VIIRS,n,2,295.95,1.99,N,0
22.25377,79.79661,339.96,0.39,0.36,2023-11-06,754,N,VIIRS,n,2,291.81,2.34,D,0
19.8165,80.77795,339.97,0.43,0.38,2023-04-17,801,N,VIIRS,n,2,308.37,3.5,D,0
17.7254,73.83711,335.56,0.37,0.58,2023-01-12,741,N,VIIRS,n,2,302.54,2.34,D,0
20.69649,81.59411,336.78,0.54,0.51,2023-06-01,717,N,VIIRS,l,2,310.14,11.42,D,0
24.04036,82.3662,353.67,0.52,0.41,2023-04-19,724,N,VIIRS,n,2,309.67,11.28,D,0
23.78018,86.38992,310.87,0.4,0.37,2023-06-22,1951,N,VIIRS,n,2,284.21,1.98,N,2
22.36651,87.29845,323.3,0.35,0.57,2023-03-20,1914,N,VIIRS,n,2,290.42,2.98,N,2
29.78399,79.77836,316.65,0.44,0.39,2023-06-10,2015,N,VIIRS,n,2,290.09,2.23,N,0
23.32738,83.10579,347.87,0.49,0.48,2023-05-11,711,N,VIIRS,n,2,312.46,4.35,D,0
26.7585,83.19773,299.84,0.56,0.43,2023-02-14,1950,N,VIIRS,n,2,286.07,1.82,N,2
29.86544,78.84973,297.2,0.57,0.69,2023-04-25,1938,N,VIIRS,n,2,283.19,0.87,N,0
17.95973,80.79946,308.64,0.42,0.61,2023-01-15,2056,N,VIIRS,n,2,293.66,1.02,N,2
26.2227,92.44098,337.47,0.4,0.37,2023-12-22,651,N,VIIRS,n,2,295.32,3.63,D,0
30.27123,77.78696,312.1,0.53,0.67,2023-05-16,1944,N,VIIRS,n,2,293.89,2.86,N,0
18.66068,78.93028,332.74,0.38,0.36,2023-02-28,800,N,VIIRS,l,2,306.86,2.59,D,0
12.64574,77.69921,348.53,0.42,0.45,2023-02-21,830,N,VIIRS,n,2,312.65,6.29,D,0
28.1197,94.81995,331.89,0.5,0.49,2023-03-13,718,N,VIIRS,n,2,297.72,3.37,D,0
25.47441,78.64449,355.09,0.44,0.62,2023-05-17,840,N,VIIRS,n,2,304.6,13.84,D,0
23.88141,85.00767,308.28,0.47,0.4,2023-03-22,2017,N,VIIRS,n,2,289.48,1.21,N,0
27.04953,82.85034,319.33,0.47,0.47,2023-04-11,2041,N,VIIRS,n,2,290.69,1.98,N,0
30.17869,75.2382,335.15,0.33,0.55,2023-11-13,725,N,VIIRS,n,2,298.6,2.17,D,0
29.54161,74.69948,338.48,0.37,0.58,2023-05-05,726,N,VIIRS,n,2,301.84,2.02,D,0
24.09606,93.66982,355.06,0.38,0.59,2023-04-13,737,N,VIIRS,n,2,306.68,16.09,D,0
21.07831,85.03644,298.98,0.53,0.67,2023-12-12,2047,N,VIIRS,n,2,287.11,2.13,N,2
26.43617,79.86771,345.05,0.45,0.39,2023-05-19,802,N,VIIRS,l,2,315.81,3.88,D,0
25.80486,77.96528,336.18,0.44,0.62,2023-11-19,711,N,VIIRS,n,2,293.48,2.53,D,0
23.4945,84.28492,313.78,0.55,0.43,2023-05-16,1945,N,VIIRS,n,2,296.19,2.26,N,0
19.26964,73.84583,305.45,0.46,0.47,2023-02-18,2018,N,VIIRS,n,2,292.96,1.4,N,0
28.38536,80.10537,347.32,0.42,0.38,2023-10-22,737,N,VIIRS,n,2,301.55,6.21,D,0
20.94709,73.76464,346.37,0.42,0.45,2023-05-14,755,N,VIIRS,n,2,309.76,4.87,D,0
20.04733,84.1133,334.89,0.39,0.36,2023-04-13,736,N,VIIRS,n,2,304.94,10.95,D,0
18.68982,78.8914,321.08,0.44,0.38,2023-02-13,2012,N,VIIRS,n,2,292.54,2.29,N,0
21.60134,78.284,344.87,0.42,0.45,2023-03-28,736,N,VIIRS,n,2,314.73,6.6,D,0
12.94306,75.77366,338.41,0.41,0.61,2023-02-25,855,N,VIIRS,n,2,308.07,2.18,D,0
20.7304,80.42496,333.87,0.42,0.38,2023-04-02,742,N,VIIRS,l,2,308.79,3.08,D,0
25.24812,92.85476,351.25,0.4,0.37,2023-03-09,652,N,VIIRS,n,2,306.97,17.51,D,0
23.40502,92.89635,341.99,0.51,0.41,2023-03-13,717,N,VIIRS,n,2,310.89,234.25,D,0
20.79721,81.50774,332.97,0.47,0.4,2023-12-13,759,N,VIIRS,n,2,300.51,4.12,D,0
23.33829,78.0142,339.92,0.48,0.4,2023-04-27,814,N,VIIRS,n,2,307.44,8.82,D,0
19.81312,84.23655,307.11,0.42,0.38,2023-03-01,2011,N,VIIRS,n,2,294.73,1.42,N,0
23.54309,77.53868,342.57,0.53,0.67,2023-04-25,712,N,VIIRS,n,2,304.51,16.01,D,0
22.26883,92.68063,343.69,0.4,0.44,2023-03-15,639,N,VIIRS,n,2,301.43,14.65,D,0
21.27041,79.18011,312.78,0.45,0.47,2023-05-18,2049,N,VIIRS,n,2,297.05,1.29,N,0
22.04699,82.80022,346.55,0.52,0.41,2023-01-13,723,N,VIIRS,n,2,304.2,8.85,D,0
23.10763,77.93552,314.42,0.4,0.37,2023-04-06,2036,N,VIIRS,n,2,288.72,1.61,N,0
18.24733,80.87585,308.86,0.42,0.38,2023-03-12,2006,N,VIIRS,n,2,292.31,1.78,N,0
30.90178,75.06725,331.82,0.4,0.37,2023-11-22,756,N,VIIRS,n,2,301.15,1.3,D,0
30.23002,75.77189,344.4,0.38,0.36,2023-11-11,802,N,VIIRS,n,2,300.21,6.94,D,0
24.51736,77.48033,339.55,0.39,0.36,2023-10-21,754,N,VIIRS,l,2,310.94,5.43,D,0
25.04513,83.99654,350.1,0.5,0.41,2023-04-14,718,N,VIIRS,n,2,314.9,5.88,D,0
28.74481,80.02436,299.48,0.41,0.37,2023-04-06,2035,N,VIIRS,n,2,288.28,0.54,N,0
25.89036,92.18425,344.59,0.5,0.41,2023-03-29,718,N,VIIRS,n,2,299.93,7.22,D,0
24.856,93.7875,336.72,0.49,0.4,2023-02-27,639,N,VIIRS,n,2,301.82,3.84,D,0
26.04283,92.12722,333.92,0.56,0.43,2023-03-31,641,N,VIIRS,n,2,297.31,4.61,D,0
20.27896,80.07587,339.45,0.52,0.42,2023-03-28,736,N,VIIRS,l,2,313.57,7.59,D,0
15.16933,76.38132,305.89,0.53,0.42,2023-12-30,2012,N,VIIRS,n,2,293.08,2.09,N,2
21.66632,82.34935,344.66,0.46,0.47,2023-04-14,718,N,VIIRS,n,2,313.73,5.34,D,0
22.05734,88.12731,301.17,0.77,0.78,2023-01-10,2048,N,VIIRS,n,2,287.77,2.03,N,2
22.6686,77.69794,340.34,0.4,0.37,2023-11-06,754,N,VIIRS,n,2,307.84,4.61,D,0
23.74726,92.20123,341.73,0.5,0.49,2023-04-11,634,N,VIIRS,n,2,298.89,28.96,D,0
20.96751,85.10876,306.1,0.38,0.36,2023-12-20,1957,N,VIIRS,n,2,286.72,0.95,N,0
15.7845,78.4886,339.8,0.33,0.55,2023-10-24,836,N,VIIRS,n,2,307.29,3.8,D,0
19.76495,82.16637,334.53,0.39,0.36,2023-01-17,748,N,VIIRS,n,2,306.3,1.9,D,0
21.07928,81.2925,344.56,0.46,0.39,2023-01-11,800,N,VIIRS,n,2,308.55,7.92,D,0
24.20647,93.14137,331.28,0.35,0.57,2023-04-13,737,N,VIIRS,n,2,301.45,4.66,D,0
23.50653,83.66817,311.41,0.49,0.4,2023-04-19,1952,N,VIIRS,n,2,296.5,3.22,N,0
30.53394,76.2125,350.08,0.41,0.37,2023-05-08,810,N,VIIRS,n,2,315.57,7.28,D,0
15.15517,78.85838,341.02,0.49,0.4,2023-03-06,747,N,VIIRS,l,2,311.46,6.18,D,0
20.60815,81.78831,347.03,0.38,0.59,2023-03-04,826,N,VIIRS,n,2,308.22,3.58,D,0
18.0231,81.8588,308.28,0.39,0.36,2023-04-18,2013,N,VIIRS,n,2,294.66,1.12,N,0
30.76999,75.48524,333.35,0.4,0.37,2023-11-06,756,N,VIIRS,n,2,301.48,2.29,D,0
19.02103,73.54527,339.71,0.47,0.48,2023-05-30,754,N,VIIRS,n,2,304.44,3.57,D,0
31.33556,75.27379,338.48,0.63,0.54,2023-11-09,840,N,VIIRS,n,2,289.54,5.27,D,0
29.90619,74.94463,320.55,0.63,0.72,2023-06-22,1949,N,VIIRS,n,2,292.38,7.25,N,2
23.1466,81.58477,335.11,0.49,0.41,2023-02-28,801,N,VIIRS,l,2,306.2,3.56,D,0
27.38589,93.99552,336.67,0.4,0.37,2023-03-04,646,N,VIIRS,n,2,300.54,10.08,D,0
25.06684,83.81662,333.08,0.5,0.41,2023-12-26,716,N,VIIRS,n,2,297.96,4.67,D,0
21.13776,83.12638,337.23,0.39,0.37,2023-03-12,736,N,VIIRS,l,2,311.93,3.64,D,0
19.03047,80.54519,351.9,0.48,0.48,2023-04-16,820,N,VIIRS,n,2,307.88,5.0,D,0
17.79662,74.64845,342.66,0.63,0.54,2023-03-08,850,N,VIIRS,n,2,309.82,3.69,D,0
15.33783,74.5629,310.03,0.55,0.43,2023-03-04,2057,N,VIIRS,n,2,294.49,2.36,N,0
20.69983,82.28893,334.37,0.48,0.4,2023-03-07,729,N,VIIRS,n,2,303.49,3.81,D,0
19.26219,83.24485,346.3,0.46,0.39,2023-04-12,755,N,VIIRS,n,2,309.87,12.97,D,0
30.40994,74.48765,356.72,0.45,0.63,2023-05-16,720,N,VIIRS,n,2,304.24,7.77,D,0
24.98485,93.42791,367.0,0.73,0.76,2023-04-12,756,N,VIIRS,h,2,304.42,30.09,D,0
14.17601,78.93915,333.55,0.33,0.55,2023-03-07,728,N,VIIRS,n,2,302.14,3.89,D,0
21.34628,81.6666,300.53,0.4,0.6,2023-02-16,2055,N,VIIRS,n,2,290.35,0.79,N,2
13.22253,75.20668,350.09,0.46,0.47,2023-03-11,753,N,VIIRS,n,2,313.23,18.83,D,0
19.21252,80.24113,343.37,0.41,0.37,2023-04-17,801,N,VIIRS,n,2,311.96,3.85,D,0
21.63594,83.14059,346.46,0.39,0.36,2023-01-28,742,N,VIIRS,n,2,303.69,4.86,D,0
11.88128,76.96497,332.19,0.62,0.71,2023-02-14,721,N,VIIRS,l,2,304.18,2.76,D,0
14.11471,78.08137,343.83,0.38,0.36,2023-02-17,805,N,VIIRS,l,2,315.56,5.77,D,0
19.35307,73.12658,345.06,0.42,0.45,2023-12-16,843,N,VIIRS,n,2,305.31,8.01,D,0
30.21601,75.94628,333.41,0.43,0.38,2023-11-01,750,N,VIIRS,n,2,300.86,4.35,D,0
15.21177,73.97015,334.38,0.39,0.36,2023-05-02,819,N,VIIRS,l,2,309.13,8.65,D,0
27.58801,77.47706,338.18,0.5,0.41,2023-10-04,814,N,VIIRS,n,2,306.65,5.03,D,0
18.94507,74.00047,303.29,0.46,0.47,2023-02-26,2108,N,VIIRS,n,2,289.74,0.4,N,0
29.66607,75.32036,335.68,0.39,0.36,2023-10-26,802,N,VIIRS,n,2,306.23,3.21,D,0
25.11242,76.99081,302.0,0.55,0.51,2023-04-15,2107,N,VIIRS,n,2,291.46,4.59,N,0
23.60044,82.81139,338.1,0.48,0.4,2023-04-12,756,N,VIIRS,l,2,311.49,3.04,D,0
25.18778,84.46387,345.06,0.51,0.49,2023-06-04,802,N,VIIRS,n,2,306.95,5.98,D,0
21.11414,78.2583,336.0,0.43,0.62,2023-02-25,717,N,VIIRS,n,2,310.24,2.7,D,0
15.95093,74.16171,340.13,0.41,0.37,2023-03-26,813,N,VIIRS,l,2,307.38,4.85,D,0
21.58878,81.42113,337.29,0.6,0.71,2023-12-11,837,N,VIIRS,n,2,294.95,4.82,D,0
26.26925,79.40506,338.29,0.55,0.43,2023-11-18,730,N,VIIRS,n,2,301.06,4.56,D,0
25.77083,78.30812,333.43,0.4,0.37,2023-10-16,748,N,VIIRS,l,2,304.74,2.43,D,0
23.68095,86.39674,335.52,0.64,0.72,2023-02-27,820,N,VIIRS,n,2,304.71,5.52,D,2
19.71811,80.92028,345.45,0.41,0.45,2023-05-13,813,N,VIIRS,n,2,307.76,103.16,D,0
18.24571,73.32383,351.06,0.39,0.36,2023-02-27,819,N,VIIRS,n,2,316.05,4.35,D,0
14.97275,78.67651,308.19,0.39,0.36,2023-03-06,2019,N,VIIRS,n,2,293.49,0.83,N,0
23.57291,75.57535,332.48,0.34,0.56,2023-04-20,846,N,VIIRS,n,2,284.46,6.57,D,0
19.3243,78.24004,350.01,0.53,0.42,2023-03-31,820,N,VIIRS,n,2,309.88,9.32,D,0
30.42957,75.74919,341.74,0.53,0.5,2023-11-04,834,N,VIIRS,n,2,298.07,7.29,D,0
21.0598,81.54747,336.17,0.47,0.4,2023-02-28,801,N,VIIRS,l,2,308.67,3.36,D,0
27.1018,82.34669,327.14,0.43,0.38,2023-02-02,750,N,VIIRS,n,2,295.45,1.94,D,0
18.42354,80.59464,339.12,0.47,0.4,2023-02-17,806,N,VIIRS,n,2,307.97,2.42,D,0
18.65227,83.36179,346.77,0.45,0.47,2023-02-09,716,N,VIIRS,n,2,309.52,8.47,D,0
23.43195,75.63962,367.0,0.4,0.37,2023-05-13,814,N,VIIRS,l,2,328.19,9.98,D,0
19.06426,82.73546,335.74,0.39,0.36,2023-04-18,742,N,VIIRS,n,2,308.0,9.72,D,0
31.81634,75.24148,337.71,0.5,0.49,2023-05-10,733,N,VIIRS,l,2,311.85,2.76,D,0
22.17917,92.82073,367.0,0.63,0.72,2023-04-12,755,N,VIIRS,h,2,301.06,55.83,D,0
30.36604,74.2931,330.94,0.43,0.38,2023-11-22,756,N,VIIRS,n,2,300.53,2.28,D,0
21.10984,72.63292,334.93,0.46,0.39,2023-01-16,2036,N,VIIRS,n,2,294.21,4.33,N,2
19.0057,84.36362,335.24,0.39,0.36,2023-03-12,735,N,VIIRS,n,2,305.92,3.14,D,0
23.28426,80.34741,307.54,0.42,0.38,2023-04-17,2030,N,VIIRS,n,2,295.92,1.58,N,0
21.76856,84.02139,304.92,0.35,0.57,2023-07-04,1926,N,VIIRS,n,2,282.07,0.97,N,2
31.7212,75.62623,356.24,0.54,0.68,2023-05-06,708,N,VIIRS,n,2,298.24,7.62,D,0
27.89145,79.45773,331.5,0.5,0.66,2023-06-02,700,N,VIIRS,n,2,299.26,2.39,D,0
29.38687,76.83529,346.26,0.59,0.53,2023-05-12,835,N,VIIRS,n,2,311.54,8.95,D,0
23.78387,86.33273,297.74,0.55,0.68,2023-01-26,2047,N,VIIRS,n,2,286.9,2.23,N,2
13.05044,77.67644,327.24,0.35,0.56,2023-11-24,1947,N,VIIRS,n,2,285.11,1.48,N,0
30.27163,78.75467,301.89,0.39,0.36,2023-06-09,2034,N,VIIRS,n,2,291.21,0.38,N,0
16.23074,80.69825,336.9,0.75,0.77,2023-05-27,850,N,VIIRS,n,2,295.92,10.98,D,0
21.49022,82.29623,332.22,0.47,0.4,2023-12-20,728,N,VIIRS,n,2,298.45,2.77,D,0
20.48653,85.22794,307.69,0.45,0.39,2023-04-18,2012,N,VIIRS,n,2,286.35,1.4,N,0
23.2182,93.34357,308.28,0.48,0.48,2023-03-10,1901,N,VIIRS,n,2,287.59,1.53,N,0
19.83299,82.25357,333.14,0.41,0.6,2023-03-03,704,N,VIIRS,n,2,305.38,6.29,D,0
25.5748,75.90992,339.45,0.42,0.38,2023-01-22,756,N,VIIRS,n,2,298.57,9.76,D,0
22.59049,76.34007,304.4,0.44,0.62,2023-04-03,1952,N,VIIRS,n,2,291.24,0.92,N,0
30.91066,75.00278,331.27,0.4,0.44,2023-11-15,828,N,VIIRS,n,2,300.28,1.93,D,0
20.93849,80.5654,332.39,0.42,0.38,2023-12-14,741,N,VIIRS,n,2,297.89,2.0,D,0
25.2296,76.04754,367.0,0.38,0.59,2023-10-29,845,N,VIIRS,h,2,306.84,10.21,D,0
25.13248,83.30558,342.35,0.45,0.39,2023-04-19,725,N,VIIRS,l,2,316.45,6.52,D,0
23.33777,77.92419,335.82,0.53,0.67,2023-04-25,2120,N,VIIRS,n,2,279.5,5.39,N,0
18.70182,82.05939,311.52,0.38,0.59,2023-04-16,2050,N,VIIRS,n,2,294.07,1.3,N,0
21.02072,84.50141,334.35,0.4,0.37,2023-05-26,729,N,VIIRS,l,2,304.52,3.21,D,0
15.17993,78.94405,303.35,0.49,0.48,2023-03-02,1954,N,VIIRS,n,2,292.96,1.93,N,0
23.30383,83.24885,334.81,0.59,0.53,2023-04-04,705,N,VIIRS,n,2,302.55,3.7,D,0
23.76297,92.24822,330.28,0.41,0.37,2023-02-26,1926,N,VIIRS,n,2,291.82,2.72,N,0
13.64156,77.19814,345.53,0.43,0.46,2023-04-07,747,N,VIIRS,n,2,303.14,5.61,D,0
19.4725,80.97658,334.25,0.42,0.38,2023-06-05,741,N,VIIRS,l,2,307.29,3.92,D,0
15.02486,78.00996,301.34,0.57,0.69,2023-09-27,1934,N,VIIRS,n,2,284.02,0.75,N,0
26.88291,83.34566,337.11,0.45,0.63,2023-04-16,822,N,VIIRS,l,2,310.06,4.8,D,0
24.85076,94.06393,300.67,0.46,0.39,2023-05-07,1913,N,VIIRS,n,2,290.17,1.03,N,0
23.48186,84.4108,312.6,0.4,0.37,2023-04-18,2011,N,VIIRS,n,2,296.21,2.3,N,0
24.01708,92.17113,339.2,0.39,0.36,2023-04-15,659,N,VIIRS,n,2,297.81,5.35,D,0
20.97689,85.14634,300.27,0.34,0.56,2023-12-18,2035,N,VIIRS,n,2,286.82,0.93,N,2
30.19805,75.3587,334.58,0.4,0.37,2023-11-16,809,N,VIIRS,n,2,301.27,3.4,D,0
23.6944,77.53184,354.69,0.38,0.36,2023-04-17,802,N,VIIRS,n,2,322.47,9.23,D,0
21.49145,84.37017,312.12,0.39,0.36,2023-04-13,2005,N,VIIRS,n,2,298.36,1.6,N,0
23.70193,77.76265,300.54,0.58,0.7,2023-04-25,1939,N,VIIRS,n,2,286.82,1.35,N,0
30.99803,75.19173,338.32,0.43,0.38,2023-05-13,816,N,VIIRS,l,2,311.97,5.5,D,0
20.97504,80.90369,337.99,0.58,0.52,2023-12-26,715,N,VIIRS,n,2,300.19,6.14,D,0
30.79444,74.95679,333.61,0.43,0.38,2023-11-05,815,N,VIIRS,n,2,301.34,1.96,D,0
23.32644,91.61362,333.06,0.46,0.39,2023-04-26,652,N,VIIRS,n,2,303.38,2.72,D,0
19.00789,82.69093,333.23,0.43,0.38,2023-05-30,754,N,VIIRS,n,2,300.04,3.14,D,0
16.36176,79.34522,299.88,0.38,0.36,2023-03-06,2019,N,VIIRS,n,2,289.15,0.47,N,0
25.1875,93.25308,367.0,0.37,0.58,2023-04-13,737,N,VIIRS,h,2,300.1,16.56,D,0
24.57948,94.29955,339.22,0.51,0.41,2023-05-11,711,N,VIIRS,l,2,310.23,4.18,D,0
23.77974,86.34906,309.54,0.38,0.36,2023-03-23,1958,N,VIIRS,n,2,291.6,1.74,N,2
31.46576,75.02332,367.0,0.49,0.65,2023-05-11,714,N,VIIRS,h,2,315.15,7.66,D,0
21.66084,77.67052,345.88,0.57,0.52,2023-04-24,730,N,VIIRS,n,2,316.24,11.23,D,0
17.14268,80.22939,333.92,0.39,0.44,2023-05-15,735,N,VIIRS,l,2,306.84,2.68,D,0
19.75556,82.78964,339.51,0.47,0.4,2023-06-11,729,N,VIIRS,l,2,307.72,7.58,D,0
14.03695,74.54954,308.99,0.39,0.36,2023-02-01,2038,N,VIIRS,n,2,289.14,1.3,N,0
21.04607,82.19655,341.5,0.51,0.5,2023-05-29,813,N,VIIRS,n,2,299.93,4.21,D,0
27.76468,72.63084,348.21,0.47,0.39,2023-10-26,802,N,VIIRS,n,2,307.7,9.39,D,0
18.68694,82.56715,339.58,0.41,0.45,2023-03-02,722,N,VIIRS,n,2,305.78,40.18,D,0
29.12014,78.4858,332.21,0.39,0.36,2023-02-02,750,N,VIIRS,n,2,294.48,4.37,D,0
19.18728,84.52399,305.32,0.41,0.37,2023-03-02,1952,N,VIIRS,n,2,294.6,1.41,N,0
29.66781,74.22247,335.47,0.64,0.54,2023-04-24,733,N,VIIRS,l,2,309.42,3.11,D,0
23.86275,85.39429,307.48,0.39,0.36,2023-04-13,2005,N,VIIRS,n,2,294.71,1.35,N,0
21.10169,72.63878,332.99,0.51,0.5,2023-05-27,851,N,VIIRS,n,2,301.62,3.12,D,0
30.06861,75.70927,340.27,0.62,0.54,2023-11-13,725,N,VIIRS,n,2,302.38,6.09,D,0
20.96109,85.16881,308.21,0.54,0.68,2023-01-10,2048,N,VIIRS,n,2,288.7,1.6,N,2
16.3145,75.39719,305.4,0.5,0.41,2023-11-10,2049,N,VIIRS,n,2,288.47,0.52,N,0
17.63936,76.94198,334.36,0.4,0.37,2023-02-06,812,N,VIIRS,l,2,308.57,3.02,D,0
24.86696,93.89748,318.07,0.39,0.36,2023-05-06,1932,N,VIIRS,n,2,291.56,1.93,N,0
24.84389,86.1911,343.12,0.64,0.72,2023-03-15,821,N,VIIRS,n,2,298.78,13.47,D,0
18.8575,72.92619,338.77,0.42,0.38,2023-05-28,832,N,VIIRS,n,2,308.6,5.8,D,2
26.35872,93.07848,342.2,0.58,0.52,2023-03-07,730,N,VIIRS,n,2,299.94,11.56,D,0
23.68994,86.3879,305.29,0.56,0.43,2023-01-17,2016,N,VIIRS,n,2,288.17,2.38,N,2
20.66002,80.04683,329.96,0.57,0.43,2023-12-23,812,N,VIIRS,n,2,298.58,2.65,D,0
23.84773,75.33492,347.04,0.33,0.55,2023-04-20,846,N,VIIRS,n,2,313.94,4.61,D,0
26.3927,81.80942,335.73,0.41,0.37,2023-11-17,749,N,VIIRS,n,2,301.59,3.67,D,0
23.67527,86.11145,300.03,0.44,0.62,2023-09-18,2041,N,VIIRS,n,2,273.27,0.57,N,2
29.95399,75.35673,350.43,0.62,0.71,2023-05-06,707,N,VIIRS,n,2,296.9,8.52,D,0
20.96202,85.17654,320.64,0.41,0.37,2023-04-19,1953,N,VIIRS,n,2,301.46,3.08,N,2
23.21127,79.73357,337.15,0.62,0.71,2023-11-14,844,N,VIIRS,n,2,299.13,4.47,D,0
20.97852,85.13062,303.22,0.46,0.39,2023-12-10,1945,N,VIIRS,n,2,290.49,1.01,N,2
15.1786,76.65572,318.9,0.5,0.49,2023-04-05,2057,N,VIIRS,n,2,297.14,2.98,N,2
17.19513,77.62951,336.89,0.38,0.36,2023-06-09,806,N,VIIRS,n,2,302.86,2.14,D,0
21.62436,84.29288,334.95,0.72,0.76,2023-02-21,832,N,VIIRS,n,2,303.3,5.11,D,0
21.92196,83.34888,329.42,0.39,0.44,2023-03-29,1946,N,VIIRS,n,2,298.27,2.91,N,2
24.49168,77.546,336.55,0.52,0.5,2023-04-24,731,N,VIIRS,l,2,307.8,4.56,D,0
13.11582,78.31742,348.23,0.38,0.36,2023-02-17,805,N,VIIRS,n,2,313.95,10.13,D,0
18.3082,78.72183,338.17,0.38,0.36,2023-11-11,759,N,VIIRS,n,2,301.18,2.77,D,0
17.53649,81.82197,344.66,0.57,0.69,2023-03-14,838,N,VIIRS,n,2,302.57,8.81,D,0
21.95412,79.00404,302.07,0.4,0.37,2023-04-17,2030,N,VIIRS,n,2,291.23,0.94,N,0
19.78992,83.8192,310.56,0.4,0.37,2023-03-07,1959,N,VIIRS,n,2,289.03,0.68,N,0
24.99986,83.99725,305.54,0.39,0.36,2023-04-13,2004,N,VIIRS,n,2,292.76,1.01,N,0
18.59118,80.42147,325.95,0.43,0.46,2023-02-14,1953,N,VIIRS,n,2,294.41,1.31,N,0
21.07495,85.04374,337.67,0.44,0.38,2023-05-20,2011,N,VIIRS,n,2,298.56,2.68,N,2
24.93148,93.59311,303.34,0.39,0.44,2023-03-15,1907,N,VIIRS,n,2,279.47,1.22,N,0
30.45689,75.44688,341.46,0.42,0.45,2023-11-07,737,N,VIIRS,n,2,298.31,10.13,D,0
21.59526,76.08261,346.79,0.43,0.46,2023-03-09,833,N,VIIRS,n,2,309.17,4.57,D,0
22.90229,78.34438,341.18,0.49,0.4,2023-04-11,815,N,VIIRS,l,2,312.73,6.64,D,0
22.97182,75.61838,303.79,0.49,0.49,2023-04-18,2011,N,VIIRS,n,2,290.32,1.19,N,0
19.02032,75.31251,298.13,0.46,0.47,2023-02-13,2012,N,VIIRS,n,2,283.85,0.92,N,0
27.22023,82.8736,350.28,0.4,0.37,2023-04-18,744,N,VIIRS,n,2,320.53,8.68,D,0
22.08538,83.81227,337.19,0.47,0.39,2023-02-14,723,N,VIIRS,l,2,307.98,4.72,D,0
23.70938,86.07643,301.67,0.38,0.36,2023-11-18,1956,N,VIIRS,n,2,290.89,0.57,N,0
16.06002,78.4737,316.25,0.43,0.38,2023-03-01,2012,N,VIIRS,n,2,296.16,2.18,N,0
30.96534,76.07465,341.47,0.39,0.36,2023-05-19,804,N,VIIRS,l,2,314.1,4.64,D,0
19.71274,75.10068,337.38,0.57,0.69,2023-01-29,723,N,VIIRS,n,2,297.07,3.8,D,0
31.65794,74.9538,343.67,0.45,0.39,2023-05-09,752,N,VIIRS,l,2,315.14,4.39,D,0
19.21408,78.7545,348.1,0.38,0.36,2023-03-16,801,N,VIIRS,n,2,301.25,7.89,D,0
24.37487,92.84031,335.59,0.34,0.56,2023-03-28,737,N,VIIRS,n,2,293.87,2.44,D,0
15.26868,74.18932,338.02,0.39,0.36,2023-04-16,819,N,VIIRS,n,2,306.4,5.11,D,0
13.97387,80.10942,339.77,0.4,0.6,2023-10-24,835,N,VIIRS,n,2,305.3,5.52,D,0
18.30909,73.76002,343.98,0.47,0.39,2023-03-05,806,N,VIIRS,n,2,313.55,4.79,D,0
18.70045,78.53576,304.47,0.57,0.52,2023-02-14,1953,N,VIIRS,n,2,292.49,1.89,N,0
15.83637,79.16784,344.06,0.4,0.37,2023-03-05,806,N,VIIRS,n,2,312.75,4.99,D,0
22.64857,82.56828,330.73,0.36,0.57,2023-04-16,821,N,VIIRS,l,2,303.03,3.44,D,0
20.72185,81.23538,329.96,0.4,0.37,2023-12-24,753,N,VIIRS,n,2,301.65,1.5,D,0
11.86333,76.329,347.06,0.43,0.38,2023-03-04,823,N,VIIRS,n,2,309.02,5.61,D,0
23.88113,85.00774,305.34,0.39,0.36,2023-03-28,2004,N,VIIRS,n,2,290.34,1.17,N,0
23.9218,79.69012,367.0,0.39,0.36,2023-04-12,756,N,VIIRS,h,2,318.69,12.31,D,0
23.67058,92.32435,340.51,0.39,0.36,2023-03-14,658,N,VIIRS,n,2,302.31,7.02,D,0
23.36116,75.2353,303.28,0.39,0.37,2023-05-08,2036,N,VIIRS,n,2,292.78,0.51,N,0
14.75069,78.2863,331.62,0.39,0.44,2023-09-28,823,N,VIIRS,n,2,293.09,3.37,D,0
26.55806,83.1178,300.05,0.4,0.44,2023-04-22,2035,N,VIIRS,n,2,289.94,0.37,N,0
26.87756,73.51559,305.05,0.43,0.38,2023-11-04,2059,N,VIIRS,n,2,290.78,0.88,N,2
22.46236,85.21989,340.64,0.52,0.41,2023-04-07,749,N,VIIRS,n,2,308.88,8.87,D,0
18.81631,77.93417,341.27,0.49,0.49,2023-11-07,734,N,VIIRS,n,2,294.01,5.97,D,0
23.20319,93.27648,349.55,0.44,0.62,2023-03-11,614,N,VIIRS,n,2,277.02,27.85,D,0
18.88287,82.21468,338.91,0.39,0.44,2023-02-01,806,N,VIIRS,n,2,298.77,4.42,D,0
17.469,78.04093,342.25,0.39,0.36,2023-01-16,806,N,VIIRS,n,2,309.67,3.47,D,0
30.54149,74.55958,342.58,0.67,0.74,2023-11-13,906,N,VIIRS,n,2,296.5,9.89,D,0
19.63512,79.04466,338.96,0.51,0.41,2023-03-01,741,N,VIIRS,l,2,312.64,3.09,D,0
14.95248,74.96355,305.79,0.42,0.37,2023-03-10,2044,N,VIIRS,n,2,292.71,0.73,N,0
22.79086,86.209,298.19,0.72,0.75,2023-12-01,2053,N,VIIRS,n,2,286.82,3.66,N,2
30.1389,75.95303,330.6,0.39,0.36,2023-11-06,756,N,VIIRS,n,2,300.97,2.3,D,0
20.78828,85.26675,296.28,0.4,0.37,2023-01-23,2004,N,VIIRS,n,2,283.79,0.33,N,2
17.36061,79.18752,340.43,0.55,0.51,2023-04-08,729,N,VIIRS,n,2,304.72,8.34,D,0
30.35482,75.38608,352.88,0.39,0.59,2023-11-14,846,N,VIIRS,n,2,297.58,5.38,D,0
31.70651,75.46785,340.81,0.41,0.45,2023-12-16,2110,N,VIIRS,n,2,281.48,7.24,N,0
29.82164,76.00216,333.03,0.5,0.41,2023-11-12,743,N,VIIRS,n,2,299.82,5.0,D,0
21.10623,72.6471,367.0,0.53,0.67,2023-02-03,910,N,VIIRS,h,2,303.37,12.49,D,2
21.04284,83.1356,335.24,0.38,0.36,2023-02-13,742,N,VIIRS,l,2,308.62,5.55,D,0
23.44807,80.17387,335.09,0.42,0.61,2023-11-20,832,N,VIIRS,n,2,292.9,2.85,D,0
22.40144,77.09808,326.33,0.49,0.49,2023-03-28,2005,N,VIIRS,n,2,290.1,2.35,N,0
29.84434,80.06573,341.19,0.41,0.37,2023-04-13,739,N,VIIRS,n,2,300.43,3.38,D,0
25.80044,91.95105,344.45,0.49,0.4,2023-03-29,718,N,VIIRS,n,2,302.69,15.38,D,0
24.18499,93.58051,342.24,0.39,0.36,2023-04-15,659,N,VIIRS,n,2,289.34,6.26,D,0
22.2961,85.27729,300.87,0.32,0.55,2023-03-05,2036,N,VIIRS,n,2,290.49,0.46,N,0
23.29219,80.93374,335.38,0.38,0.36,2023-05-09,749,N,VIIRS,l,2,306.57,1.39,D,0
24.39336,93.93178,352.26,0.39,0.36,2023-03-14,658,N,VIIRS,n,2,309.75,19.45,D,0
30.01845,74.40382,336.79,0.79,0.78,2023-05-10,913,N,VIIRS,n,2,306.69,6.04,D,0
22.0561,86.51234,303.22,0.4,0.44,2023-03-06,2017,N,VIIRS,n,2,292.7,1.23,N,0
23.70856,85.29434,305.08,0.39,0.36,2023-01-23,2004,N,VIIRS,n,2,288.95,0.84,N,0
12.54101,75.74014,367.0,0.52,0.67,2023-02-14,901,N,VIIRS,h,2,307.06,13.78,D,0
20.00384,82.29156,311.03,0.41,0.37,2023-03-06,2018,N,VIIRS,n,2,292.44,1.62,N,0
21.34708,85.6089,305.27,0.55,0.42,2023-03-06,2017,N,VIIRS,n,2,292.22,1.08,N,0
25.48305,90.893,345.9,0.46,0.39,2023-03-09,653,N,VIIRS,n,2,307.21,7.91,D,0
24.08334,88.65545,342.89,0.41,0.37,2023-04-03,724,N,VIIRS,n,2,305.27,3.54,D,0
24.13074,80.69998,316.19,0.39,0.44,2023-05-10,1958,N,VIIRS,n,2,298.16,3.76,N,0
16.63522,73.75674,305.06,0.39,0.36,2023-03-05,2038,N,VIIRS,n,2,292.98,1.06,N,0
23.8152,86.56425,300.27,0.41,0.45,2023-11-14,1931,N,VIIRS,n,2,290.11,0.66,N,0
24.68695,78.02184,337.5,0.5,0.41,2023-10-20,813,N,VIIRS,n,2,307.14,4.64,D,0
23.36506,85.52676,305.36,0.51,0.41,2023-03-06,2016,N,VIIRS,n,2,287.69,1.14,N,0
23.71127,77.82465,306.39,0.36,0.58,2023-04-19,1952,N,VIIRS,n,2,290.06,2.18,N,0
28.75948,76.44988,330.9,0.43,0.38,2023-12-03,749,N,VIIRS,n,2,295.45,2.75,D,0
30.03166,75.71782,338.73,0.42,0.45,2023-05-07,829,N,VIIRS,l,2,312.33,4.77,D,0
18.70804,79.76887,334.08,0.49,0.65,2023-06-12,710,N,VIIRS,n,2,295.25,9.04,D,0
13.30232,79.52648,330.18,0.49,0.49,2023-03-12,734,N,VIIRS,l,2,304.11,2.88,D,0
18.68633,73.03842,331.45,0.41,0.6,2023-10-11,740,N,VIIRS,n,2,295.7,4.9,D,2
17.30482,80.63347,330.05,0.56,0.43,2023-04-11,813,N,VIIRS,l,2,304.18,3.56,D,0
24.58077,80.60332,352.24,0.46,0.39,2023-04-17,802,N,VIIRS,n,2,319.31,10.16,D,0
22.6375,77.86102,336.71,0.58,0.52,2023-04-10,833,N,VIIRS,l,2,309.36,7.75,D,0
31.36451,75.27574,348.93,0.64,0.54,2023-11-09,840,N,VIIRS,n,2,298.06,44.06,D,0
25.25704,93.34863,351.4,0.39,0.36,2023-03-09,652,N,VIIRS,n,2,294.37,72.63,D,0
23.62418,75.82157,301.11,0.49,0.65,2023-04-14,2126,N,VIIRS,n,2,289.57,0.33,N,0
23.40265,80.81915,312.44,0.44,0.38,2023-04-17,2030,N,VIIRS,n,2,297.21,1.73,N,0
17.95658,80.80113,336.34,0.39,0.44,2023-06-30,812,N,VIIRS,n,2,300.03,4.84,D,2
24.48297,92.87187,313.16,0.52,0.42,2023-03-04,1913,N,VIIRS,n,2,291.01,2.27,N,0
25.44771,76.04131,343.56,0.39,0.44,2023-05-07,828,N,VIIRS,l,2,315.25,9.78,D,0
25.5361,91.00584,367.0,0.34,0.56,2023-04-06,628,N,VIIRS,h,2,296.25,20.22,D,0
30.63322,74.38825,339.69,0.39,0.44,2023-05-04,745,N,VIIRS,n,2,308.71,1.11,D,0
19.59759,84.22614,304.53,0.42,0.38,2023-03-01,2011,N,VIIRS,n,2,292.08,0.78,N,0
30.46473,75.7802,347.46,0.69,0.74,2023-11-09,700,N,VIIRS,n,2,293.98,10.32,D,0
22.79839,86.20422,367.0,0.33,0.55,2023-02-05,1920,N,VIIRS,h,2,296.3,11.69,N,2
29.96389,76.68903,337.16,0.39,0.44,2023-10-25,821,N,VIIRS,n,2,303.05,2.9,D,0
21.7838,87.49044,328.87,0.4,0.37,2023-12-20,728,N,VIIRS,n,2,301.63,2.98,D,0
26.7503,81.52914,345.93,0.44,0.46,2023-04-22,809,N,VIIRS,n,2,309.2,5.08,D,0
28.1364,80.54373,330.75,0.52,0.67,2023-12-22,652,N,VIIRS,n,2,288.95,4.06,D,0
22.06305,86.33494,301.29,0.38,0.59,2023-03-05,2036,N,VIIRS,n,2,290.47,0.71,N,0
27.07558,83.01028,349.79,0.4,0.37,2023-04-18,744,N,VIIRS,n,2,319.63,15.34,D,0
22.1067,83.52133,296.37,0.41,0.45,2023-01-11,2029,N,VIIRS,n,2,285.38,0.74,N,0
22.17335,73.85911,336.31,0.38,0.59,2023-03-28,737,N,VIIRS,n,2,306.22,2.41,D,0
25.60182,91.84697,340.67,0.6,0.7,2023-04-12,756,N,VIIRS,n,2,300.32,9.1,D,0
22.27616,86.3448,331.16,0.41,0.45,2023-03-03,704,N,VIIRS,l,2,305.83,1.55,D,0
17.96762,73.77458,346.79,0.47,0.48,2023-02-23,754,N,VIIRS,n,2,313.93,8.81,D,0
19.19257,78.93616,345.52,0.42,0.45,2023-03-28,736,N,VIIRS,n,2,313.97,5.84,D,0
31.57937,75.31996,331.95,0.6,0.71,2023-05-16,901,N,VIIRS,n,2,301.15,1.93,D,0
15.17733,76.65258,296.85,0.42,0.38,2023-09-29,2037,N,VIIRS,n,2,268.02,0.79,N,2
23.69083,69.45068,367.0,0.4,0.37,2023-06-02,839,N,VIIRS,h,2,312.2,10.45,D,0
19.2855,78.50962,335.53,0.36,0.58,2023-02-26,838,N,VIIRS,n,2,308.0,1.66,D,0
23.75199,86.41776,301.56,0.33,0.55,2023-09-01,1919,N,VIIRS,n,2,271.58,0.65,N,2
28.57656,76.73291,337.84,0.39,0.36,2023-05-03,803,N,VIIRS,n,2,303.94,2.93,D,0
14.05302,76.41985,331.06,0.6,0.53,2023-03-01,740,N,VIIRS,l,2,303.54,4.39,D,0
8.63107,77.89194,347.01,0.57,0.43,2023-06-13,829,N,VIIRS,n,2,298.56,6.58,D,0
27.21124,82.5709,310.61,0.34,0.56,2023-04-21,2054,N,VIIRS,n,2,289.4,0.81,N,0
23.72004,86.44789,310.39,0.45,0.63,2023-04-27,2042,N,VIIRS,n,2,291.86,2.36,N,2
30.59503,74.10114,342.85,0.5,0.49,2023-05-15,739,N,VIIRS,n,2,311.21,9.26,D,0
25.18012,85.86427,335.87,0.43,0.38,2023-12-25,735,N,VIIRS,n,2,298.98,3.78,D,0
25.75588,91.06644,344.87,0.4,0.37,2023-04-09,712,N,VIIRS,n,2,308.36,5.98,D,0
21.60837,82.30833,342.22,0.53,0.5,2023-02-22,813,N,VIIRS,l,2,315.67,7.91,D,0
20.95789,85.17075,300.63,0.58,0.52,2023-02-10,1927,N,VIIRS,n,2,290.23,3.56,N,2
15.0208,78.01149,302.87,0.45,0.63,2023-01-19,1941,N,VIIRS,n,2,292.17,0.83,N,2
24.47094,93.12868,335.76,0.54,0.42,2023-04-14,718,N,VIIRS,n,2,301.92,7.56,D,0
17.54677,81.54399,330.49,0.49,0.4,2023-06-16,734,N,VIIRS,n,2,299.34,5.11,D,0
20.14003,82.02159,334.24,0.41,0.45,2023-04-19,723,N,VIIRS,l,2,307.39,2.57,D,0
30.02538,75.324,344.95,0.43,0.38,2023-04-27,816,N,VIIRS,n,2,309.78,21.53,D,0
25.01408,94.11096,329.2,0.44,0.63,2023-03-06,608,N,VIIRS,n,2,294.76,2.92,D,0
21.91681,82.32703,343.93,0.44,0.39,2023-03-11,755,N,VIIRS,n,2,309.75,3.25,D,0
27.32645,83.66426,343.4,0.4,0.44,2023-11-22,755,N,VIIRS,n,2,300.98,6.19,D,0
30.36777,75.29059,339.16,0.39,0.59,2023-10-29,846,N,VIIRS,n,2,296.49,3.49,D,0
24.00638,92.58601,343.59,0.5,0.41,2023-03-13,717,N,VIIRS,n,2,314.43,30.05,D,0
19.19541,75.83948,331.06,0.39,0.44,2023-12-22,830,N,VIIRS,n,2,299.46,1.6,D,0
20.65654,73.77596,340.3,0.42,0.46,2023-04-28,755,N,VIIRS,n,2,301.64,5.7,D,0
31.19028,76.09985,336.71,0.46,0.47,2023-04-08,733,N,VIIRS,n,2,303.69,2.42,D,0
23.5199,93.3709,305.58,0.6,0.53,2023-05-08,1855,N,VIIRS,n,2,291.22,2.85,N,0
25.95897,78.13528,336.28,0.52,0.42,2023-11-21,814,N,VIIRS,n,2,300.69,3.7,D,0
19.29881,75.93452,304.05,0.61,0.71,2023-03-29,2127,N,VIIRS,n,2,290.66,1.27,N,0
19.25256,73.59453,337.48,0.56,0.52,2023-04-25,851,N,VIIRS,l,2,310.63,4.82,D,0
26.69159,95.23291,341.77,0.51,0.41,2023-01-14,705,N,VIIRS,n,2,285.71,12.83,D,0
22.05042,88.12657,305.08,0.62,0.72,2023-10-20,2041,N,VIIRS,n,2,293.78,2.25,N,2
21.21792,79.37293,334.65,0.38,0.36,2023-11-22,753,N,VIIRS,n,2,300.32,2.75,D,0
25.69333,76.60831,344.39,0.52,0.5,2023-04-26,834,N,VIIRS,n,2,306.83,7.99,D,0
31.07294,75.83839,337.59,0.38,0.36,2023-05-19,804,N,VIIRS,l,2,310.6,1.55,D,0
21.94143,78.37913,348.88,0.39,0.44,2023-02-11,820,N,VIIRS,n,2,307.18,16.84,D,0
22.81223,83.13039,339.75,0.4,0.44,2023-05-19,801,N,VIIRS,n,2,306.58,4.61,D,0
23.78255,86.39262,330.76,0.32,0.55,2023-10-10,800,N,VIIRS,l,2,302.2,2.33,D,2
21.05312,82.39924,336.26,0.47,0.4,2023-03-23,730,N,VIIRS,n,2,302.49,3.37,D,0
15.17767,77.10254,309.18,0.35,0.56,2023-09-17,2102,N,VIIRS,n,2,288.06,1.0,N,2
31.59597,75.09711,349.93,0.43,0.38,2023-05-13,817,N,VIIRS,n,2,314.51,6.61,D,0
29.60163,75.70594,332.8,0.52,0.42,2023-11-12,743,N,VIIRS,n,2,302.11,3.4,D,0
26.48162,94.968,353.53,0.39,0.36,2023-12-22,651,N,VIIRS,n,2,298.65,7.03,D,0
23.68166,86.39735,306.28,0.41,0.37,2023-01-23,2004,N,VIIRS,n,2,289.49,2.31,N,2
22.32728,82.68121,304.53,0.35,0.57,2023-06-07,1933,N,VIIRS,n,2,283.88,1.16,N,2
31.18952,75.91874,339.48,0.39,0.36,2023-05-19,804,N,VIIRS,l,2,309.92,3.78,D,0
22.38939,78.22288,332.12,0.42,0.37,2023-02-01,807,N,VIIRS,n,2,301.55,3.06,D,0
28.23425,97.00167,330.06,0.48,0.65,2023-02-19,550,N,VIIRS,n,2,288.75,4.14,D,0
26.28476,93.75736,348.62,0.38,0.36,2023-04-10,653,N,VIIRS,n,2,305.25,66.26,D,0
30.21094,75.89066,349.28,0.41,0.61,2023-05-06,848,N,VIIRS,n,2,300.51,6.09,D,0
22.36814,87.30402,306.79,0.44,0.46,2023-10-24,1925,N,VIIRS,n,2,290.39,0.73,N,0
19.83083,85.31709,336.18,0.32,0.55,2023-12-27,656,N,VIIRS,n,2,299.05,2.65,D,0
15.62622,78.83004,304.35,0.4,0.44,2023-03-07,2000,N,VIIRS,n,2,287.98,1.4,N,0
23.82602,85.50248,304.91,0.5,0.41,2023-01-01,2016,N,VIIRS,n,2,288.04,1.2,N,2
21.40634,84.09326,325.63,0.38,0.36,2023-04-13,2005,N,VIIRS,n,2,299.78,1.9,N,0
21.76604,87.35117,346.36,0.4,0.37,2023-12-10,715,N,VIIRS,n,2,302.21,12.82,D,0
18.81301,83.95095,330.9,0.49,0.4,2023-12-24,752,N,VIIRS,l,2,301.2,4.74,D,0
17.8099,73.83678,318.41,0.47,0.4,2023-02-16,2056,N,VIIRS,n,2,291.77,2.56,N,0
22.6326,86.17782,302.83,0.41,0.37,2023-11-07,2003,N,VIIRS,n,2,291.26,0.51,N,2
19.04423,84.38319,307.15,0.39,0.36,2023-03-12,2005,N,VIIRS,n,2,294.42,1.27,N,0
21.18998,72.67728,336.36,0.43,0.38,2023-09-01,832,N,VIIRS,n,2,300.81,10.41,D,0
21.16599,82.63494,333.38,0.46,0.39,2023-12-20,728,N,VIIRS,n,2,297.15,8.05,D,0
20.42838,80.28156,328.07,0.39,0.36,2023-12-19,747,N,VIIRS,n,2,297.32,2.95,D,0
19.0936,73.1634,341.09,0.42,0.61,2023-02-14,903,N,VIIRS,l,2,312.75,3.69,D,0
21.1867,81.38979,312.3,0.49,0.4,2023-10-26,2029,N,VIIRS,n,2,295.25,2.81,N,3
15.53848,79.26064,319.05,0.59,0.53,2023-03-13,1948,N,VIIRS,n,2,292.43,2.98,N,0
23.84656,81.87237,343.57,0.41,0.37,2023-06-16,736,N,VIIRS,n,2,305.68,3.51,D,0
18.12701,79.81608,333.26,0.39,0.36,2023-01-11,800,N,VIIRS,l,2,304.6,2.17,D,0
29.81409,76.10306,350.65,0.56,0.69,2023-10-29,706,N,VIIRS,n,2,295.32,15.41,D,0
16.09566,78.92515,343.69,0.39,0.59,2023-03-02,722,N,VIIRS,n,2,305.56,3.66,D,0
31.00407,75.25294,331.72,0.51,0.49,2023-11-04,834,N,VIIRS,n,2,296.42,3.49,D,0
26.55919,92.33848,345.27,0.38,0.36,2023-03-14,659,N,VIIRS,n,2,300.29,7.91,D,0
19.33681,75.5009,302.22,0.56,0.52,2023-02-26,2108,N,VIIRS,n,2,287.5,0.98,N,0
24.24293,84.40803,348.91,0.42,0.38,2023-04-18,743,N,VIIRS,l,2,320.08,12.82,D,0
23.68398,86.39356,334.79,0.41,0.37,2023-10-06,2003,N,VIIRS,n,2,289.0,1.72,N,2
31.16756,75.07455,343.34,0.54,0.42,2023-05-20,745,N,VIIRS,l,2,315.07,45.6,D,0
18.83818,82.3564,337.41,0.51,0.66,2023-02-05,831,N,VIIRS,n,2,304.23,4.55,D,0
24.02896,93.9054,305.19,0.53,0.42,2023-04-14,1945,N,VIIRS,n,2,289.3,0.62,N,0
21.07146,85.04225,307.25,0.44,0.38,2023-07-07,2011,N,VIIRS,n,2,289.76,2.26,N,2
27.17022,83.3857,296.66,0.47,0.39,2023-04-08,1957,N,VIIRS,n,2,267.45,0.5,N,0
17.95884,82.883,304.89,0.45,0.39,2023-03-06,2018,N,VIIRS,n,2,293.94,1.49,N,0
21.92777,84.16855,341.4,0.54,0.42,2023-05-16,717,N,VIIRS,n,2,309.29,6.29,D,0
15.5329,80.09178,331.24,0.43,0.38,2023-10-31,804,N,VIIRS,n,2,296.89,1.12,D,0
15.71081,78.795,308.88,0.42,0.45,2023-03-10,2044,N,VIIRS,n,2,292.43,1.22,N,0
24.47443,81.57979,354.62,0.41,0.37,2023-02-08,736,N,VIIRS,n,2,304.91,4.75,D,0
20.22676,82.42844,333.34,0.48,0.4,2023-03-07,729,N,VIIRS,l,2,307.05,3.44,D,0
21.47827,85.53739,344.3,0.52,0.41,2023-05-09,748,N,VIIRS,n,2,298.19,6.85,D,0
27.06944,92.10081,348.01,0.34,0.56,2023-04-17,622,N,VIIRS,n,2,297.04,4.74,D,0
20.76528,83.36478,333.91,0.39,0.44,2023-01-27,800,N,VIIRS,n,2,304.01,1.41,D,0
20.34028,80.41637,337.41,0.43,0.38,2023-04-18,742,N,VIIRS,l,2,309.74,2.89,D,0
25.12152,83.83918,329.64,0.43,0.38,2023-12-15,723,N,VIIRS,n,2,298.6,1.63,D,0
22.83836,78.47121,311.06,0.48,0.4,2023-03-26,2043,N,VIIRS,n,2,288.52,1.14,N,0
21.82174,83.99651,303.85,0.35,0.57,2023-10-24,1926,N,VIIRS,n,2,291.55,0.57,N,0
19.60791,73.06744,348.33,0.43,0.38,2023-02-17,2037,N,VIIRS,n,2,294.33,4.16,N,0
23.95176,79.02832,323.72,0.49,0.4,2023-04-18,2011,N,VIIRS,n,2,294.25,2.27,N,0
31.60721,75.38412,342.73,0.44,0.39,2023-05-13,817,N,VIIRS,l,2,313.06,4.4,D,0
16.77265,76.72692,334.72,0.33,0.55,2023-03-03,844,N,VIIRS,l,2,308.22,1.85,D,0
31.26579,75.02605,334.47,0.32,0.55,2023-10-12,725,N,VIIRS,n,2,299.95,2.64,D,0
25.87296,92.15871,337.35,0.39,0.36,2023-03-30,659,N,VIIRS,n,2,302.96,11.75,D,0
21.71044,78.46209,303.53,0.5,0.41,2023-03-01,2011,N,VIIRS,n,2,290.27,1.58,N,0
20.6829,81.00592,333.27,0.54,0.51,2023-02-27,819,N,VIIRS,n,2,307.63,3.39,D,0
16.33344,74.37109,339.08,0.46,0.39,2023-04-06,807,N,VIIRS,l,2,313.02,7.19,D,0
21.02278,80.92502,336.31,0.41,0.37,2023-12-30,741,N,VIIRS,n,2,299.79,2.71,D,0
21.76079,83.52745,337.26,0.4,0.45,2023-02-28,801,N,VIIRS,n,2,306.94,1.95,D,0
22.70982,77.65158,335.15,0.57,0.69,2023-11-03,851,N,VIIRS,n,2,301.73,3.41,D,0
25.1213,83.95654,333.16,0.47,0.64,2023-12-12,819,N,VIIRS,n,2,297.5,3.2,D,0
19.51763,74.83674,337.87,0.41,0.37,2023-05-24,807,N,VIIRS,l,2,309.37,3.65,D,0
30.25194,74.08842,350.57,0.42,0.45,2023-05-04,745,N,VIIRS,n,2,309.6,12.53,D,0
18.83905,78.20762,331.73,0.44,0.39,2023-11-05,812,N,VIIRS,l,2,303.71,3.43,D,0
25.24284,94.35516,319.11,0.4,0.37,2023-04-10,1920,N,VIIRS,n,2,287.14,1.82,N,0
27.03301,94.88904,308.58,0.38,0.36,2023-09-06,1924,N,VIIRS,n,2,294.45,1.87,N,0
23.16655,82.34175,315.7,0.47,0.4,2023-06-11,1958,N,VIIRS,n,2,297.33,1.8,N,2
25.19276,84.07171,330.06,0.42,0.38,2023-12-15,723,N,VIIRS,n,2,298.59,1.89,D,0
27.12559,83.62872,307.74,0.38,0.36,2023-04-18,2010,N,VIIRS,n,2,295.29,1.77,N,0
20.9613,85.1871,311.2,0.47,0.47,2023-03-03,1933,N,VIIRS,n,2,295.44,2.57,N,2
25.89321,94.39494,333.49,0.63,0.72,2023-04-13,557,N,VIIRS,n,2,296.55,9.77,D,0
24.42194,92.78887,344.12,0.44,0.62,2023-04-12,615,N,VIIRS,n,2,301.49,4.68,D,0
21.6883,83.05677,335.28,0.38,0.36,2023-03-01,742,N,VIIRS,l,2,307.81,16.8,D,0
20.96437,85.18091,307.1,0.4,0.37,2023-02-24,2004,N,VIIRS,n,2,295.28,3.12,N,2
13.89717,78.35458,303.34,0.33,0.55,2023-02-25,1948,N,VIIRS,n,2,293.18,0.94,N,0
23.4313,82.5984,304.67,0.38,0.36,2023-04-18,2011,N,VIIRS,n,2,294.25,0.61,N,0
24.21458,74.2393,304.6,0.48,0.4,2023-04-10,2101,N,VIIRS,n,2,292.41,0.36,N,0
26.87318,73.51762,314.26,0.39,0.36,2023-09-23,2047,N,VIIRS,n,2,295.68,1.32,N,2
25.66571,94.61274,355.25,0.32,0.55,2023-04-12,615,N,VIIRS,n,2,305.38,10.97,D,0
29.92937,77.62481,345.52,0.38,0.36,2023-02-23,757,N,VIIRS,n,2,302.99,7.2,D,0
22.10491,83.52332,305.37,0.51,0.66,2023-11-15,2053,N,VIIRS,n,2,289.77,1.75,N,0
23.77267,86.20827,301.0,0.56,0.51,2023-01-27,2029,N,VIIRS,n,2,289.94,1.34,N,2
21.87964,83.55571,299.06,0.75,0.77,2023-11-10,1907,N,VIIRS,n,2,287.73,1.1,N,2
18.88131,82.63824,333.21,0.49,0.41,2023-05-10,729,N,VIIRS,n,2,298.52,4.87,D,0
19.41182,83.33224,343.36,0.44,0.46,2023-02-25,716,N,VIIRS,n,2,309.49,4.73,D,0
18.84575,78.15608,345.92,0.39,0.44,2023-05-20,742,N,VIIRS,n,2,308.11,3.48,D,0
13.93603,76.85574,338.15,0.4,0.6,2023-03-24,850,N,VIIRS,n,2,300.65,3.86,D,0
23.66217,91.89919,335.99,0.57,0.69,2023-03-27,755,N,VIIRS,n,2,289.95,9.67,D,0
24.51614,87.83634,344.22,0.52,0.5,2023-04-07,750,N,VIIRS,n,2,312.7,2.97,D,0
19.40671,73.47448,296.91,0.48,0.48,2023-02-18,2018,N,VIIRS,n,2,286.7,0.48,N,0
22.93067,77.67,346.5,0.53,0.42,2023-04-02,743,N,VIIRS,l,2,318.04,19.61,D,0
23.62961,79.69724,331.51,0.49,0.49,2023-02-14,724,N,VIIRS,n,2,306.22,2.28,D,0
30.69824,74.27821,332.18,0.49,0.41,2023-11-01,750,N,VIIRS,n,2,298.27,3.49,D,0
26.17512,93.39202,335.89,0.39,0.44,2023-03-29,718,N,VIIRS,n,2,299.39,23.97,D,0
22.97513,78.56421,311.31,0.64,0.72,2023-04-04,1933,N,VIIRS,n,2,286.29,1.04,N,0
19.54326,84.34212,303.07,0.39,0.36,2023-03-12,2005,N,VIIRS,n,2,292.83,0.66,N,0
25.55624,91.08794,345.56,0.43,0.46,2023-04-08,731,N,VIIRS,n,2,316.04,39.84,D,0
13.7619,78.87946,350.85,0.33,0.55,2023-02-26,836,N,VIIRS,n,2,308.06,2.33,D,0
20.13481,80.04417,332.65,0.54,0.51,2023-04-03,723,N,VIIRS,l,2,303.66,6.29,D,0
24.40935,76.97252,340.11,0.38,0.36,2023-10-10,801,N,VIIRS,n,2,313.67,3.48,D,0
26.87941,73.51404,297.55,0.39,0.44,2023-01-14,2112,N,VIIRS,n,2,277.07,0.98,N,2
24.16371,82.6791,304.89,0.47,0.39,2023-05-10,1958,N,VIIRS,n,2,294.4,0.99,N,0
21.60112,78.26629,306.33,0.51,0.5,2023-02-19,1958,N,VIIRS,n,2,290.19,1.4,N,0
20.81719,81.80062,340.39,0.41,0.37,2023-05-30,754,N,VIIRS,n,2,308.01,6.11,D,0
23.04748,79.44753,334.58,0.39,0.37,2023-10-16,748,N,VIIRS,l,2,305.55,3.2,D,0
19.92471,82.59038,333.16,0.39,0.36,2023-02-18,748,N,VIIRS,n,2,307.05,1.48,D,0
11.7204,79.23443,333.15,0.33,0.55,2023-08-05,836,N,VIIRS,n,2,298.41,1.58,D,0
29.88188,75.46896,330.04,0.44,0.38,2023-11-05,815,N,VIIRS,n,2,301.72,1.61,D,0
18.53332,79.89132,350.37,0.47,0.4,2023-04-18,742,N,VIIRS,n,2,313.14,15.1,D,0
25.75828,88.15517,333.98,0.69,0.74,2023-05-29,814,N,VIIRS,n,2,292.65,2.15,D,0
22.35552,76.39336,349.58,0.53,0.5,2023-03-12,736,N,VIIRS,n,2,311.14,7.23,D,0
21.31224,82.07545,367.0,0.41,0.61,2023-12-17,825,N,VIIRS,h,2,298.3,5.76,D,0
18.41783,83.07311,330.37,0.52,0.42,2023-02-28,800,N,VIIRS,l,2,303.16,2.68,D,0
17.71336,80.11436,301.31,0.44,0.46,2023-02-14,1953,N,VIIRS,n,2,289.86,0.55,N,0
20.2222,77.17855,300.27,0.4,0.37,2023-03-27,2025,N,VIIRS,n,2,289.23,0.28,N,0
12.83332,77.35734,330.79,0.35,0.56,2023-02-08,733,N,VIIRS,n,2,293.72,2.04,D,0
22.80472,84.26434,299.31,0.34,0.56,2023-03-10,2042,N,VIIRS,n,2,287.67,0.27,N,0
11.95162,76.59294,298.01,0.75,0.77,2023-01-19,2122,N,VIIRS,n,2,287.61,1.56,N,0
12.65217,76.43456,334.09,0.5,0.49,2023-02-18,746,N,VIIRS,l,2,308.91,4.13,D,0
17.89256,80.43784,334.93,0.4,0.37,2023-03-06,747,N,VIIRS,l,2,308.13,2.41,D,0
24.52831,80.99999,351.41,0.48,0.65,2023-06-02,659,N,VIIRS,n,2,304.64,6.77,D,0
18.00648,74.10233,335.91,0.57,0.69,2023-02-19,729,N,VIIRS,n,2,305.65,1.35,D,0
23.77829,86.3922,317.22,0.52,0.41,2023-02-20,1939,N,VIIRS,n,2,297.74,2.31,N,2
22.28593,86.36087,301.97,0.48,0.48,2023-02-23,2023,N,VIIRS,n,2,291.56,1.47,N,0
25.74273,91.99055,333.6,0.49,0.4,2023-03-13,718,N,VIIRS,n,2,302.37,2.15,D,0
17.96726,80.17345,305.95,0.47,0.39,2023-02-28,2031,N,VIIRS,n,2,289.68,0.49,N,0
31.49448,74.70693,330.78,0.39,0.36,2023-10-31,809,N,VIIRS,n,2,299.67,3.57,D,0
22.58912,73.92726,311.37,0.49,0.49,2023-03-03,2114,N,VIIRS,n,2,289.55,1.07,N,0
19.19535,78.78914,334.07,0.47,0.48,2023-03-04,825,N,VIIRS,l,2,306.89,3.05,D,0
21.76996,84.01857,305.81,0.44,0.62,2023-05-18,2048,N,VIIRS,n,2,287.77,1.37,N,2
22.04677,85.82509,336.79,0.46,0.39,2023-03-01,742,N,VIIRS,l,2,309.98,1.66,D,0
22.338,69.85647,303.87,0.38,0.36,2023-01-04,2101,N,VIIRS,n,2,292.0,1.24,N,0
25.8308,91.02844,350.7,0.43,0.46,2023-04-08,731,N,VIIRS,n,2,311.48,24.43,D,0
23.77322,86.38482,300.99,0.47,0.39,2023-01-12,2010,N,VIIRS,n,2,288.93,0.92,N,2
27.78623,80.45901,334.76,0.39,0.36,2023-01-17,750,N,VIIRS,n,2,294.18,2.55,D,0
27.77499,82.02642,338.21,0.46,0.47,2023-04-25,713,N,VIIRS,l,2,310.49,3.52,D,0
22.68563,77.56711,346.86,0.38,0.36,2023-11-11,800,N,VIIRS,n,2,307.66,8.19,D,0
16.22666,74.10178,343.21,0.39,0.37,2023-03-04,825,N,VIIRS,n,2,312.08,3.77,D,0
20.74655,84.24998,315.45,0.43,0.38,2023-04-19,1953,N,VIIRS,n,2,297.25,3.28,N,0
19.38377,73.49099,334.16,0.59,0.53,2023-06-10,748,N,VIIRS,n,2,298.31,5.96,D,0
29.02019,76.41531,345.42,0.55,0.51,2023-05-12,835,N,VIIRS,n,2,315.38,9.44,D,0
21.4627,80.67485,346.71,0.44,0.38,2023-04-17,801,N,VIIRS,n,2,310.88,5.77,D,0
8.21977,77.40153,314.5,0.45,0.47,2023-02-22,2046,N,VIIRS,n,2,295.97,2.62,N,0
19.21979,78.89563,341.77,0.38,0.36,2023-02-28,800,N,VIIRS,n,2,308.82,4.65,D,0
24.20247,92.07106,343.17,0.48,0.48,2023-04-08,730,N,VIIRS,n,2,306.28,9.3,D,0
21.13154,83.17933,330.01,0.38,0.36,2023-03-01,742,N,VIIRS,l,2,304.78,1.93,D,0
22.36719,84.12057,338.65,0.38,0.36,2023-03-28,736,N,VIIRS,l,2,308.9,3.11,D,0
29.61618,79.56654,304.47,0.43,0.46,2023-04-13,2003,N,VIIRS,n,2,284.88,0.92,N,0
23.74736,92.12255,342.84,0.59,0.53,2023-04-13,737,N,VIIRS,n,2,301.8,9.45,D,0
23.45802,78.10215,303.24,0.4,0.37,2023-04-06,2036,N,VIIRS,n,2,292.66,0.83,N,0
13.42833,77.4099,339.06,0.41,0.45,2023-04-10,831,N,VIIRS,l,2,313.28,4.5,D,0
21.52643,78.1638,302.58,0.39,0.36,2023-03-11,2024,N,VIIRS,n,2,290.72,0.62,N,0
23.69549,75.52686,340.77,0.41,0.37,2023-01-27,802,N,VIIRS,n,2,297.72,3.88,D,0
11.60059,79.6804,339.6,0.43,0.38,2023-03-10,811,N,VIIRS,n,2,302.4,5.54,D,0
25.83796,78.04477,332.78,0.46,0.39,2023-11-12,742,N,VIIRS,n,2,301.84,2.32,D,0
17.2677,73.37447,342.74,0.41,0.45,2023-02-12,800,N,VIIRS,n,2,313.23,8.22,D,0
30.65299,74.81934,341.15,0.39,0.44,2023-11-15,828,N,VIIRS,n,2,304.34,5.58,D,0
27.10321,84.58209,331.23,0.38,0.36,2023-12-20,729,N,VIIRS,n,2,286.13,2.92,D,0
20.86436,84.99266,301.93,0.47,0.64,2023-12-01,1913,N,VIIRS,n,2,283.69,1.02,N,2
22.03982,83.35238,304.47,0.4,0.6,2023-01-10,2048,N,VIIRS,n,2,286.63,0.95,N,0
15.87691,77.94946,331.48,0.44,0.46,2023-10-11,739,N,VIIRS,n,2,297.26,1.85,D,0
23.77802,86.34433,307.12,0.68,0.74,2023-06-08,2054,N,VIIRS,n,2,289.42,2.59,N,2
26.51249,78.29702,343.27,0.4,0.6,2023-11-19,711,N,VIIRS,n,2,296.5,5.23,D,0
20.25288,84.46912,301.9,0.63,0.54,2023-03-05,2036,N,VIIRS,n,2,291.72,1.37,N,0
23.23943,87.25394,336.65,0.44,0.38,2023-03-24,711,N,VIIRS,n,2,302.23,1.67,D,0
22.3611,87.01552,300.84,0.4,0.37,2023-02-03,1958,N,VIIRS,n,2,289.2,0.66,N,2
23.57811,83.56946,308.83,0.39,0.44,2023-04-17,2030,N,VIIRS,n,2,295.94,2.85,N,0
29.8018,75.7438,345.78,0.52,0.5,2023-05-10,732,N,VIIRS,n,2,315.16,4.2,D,0
17.90205,73.14081,367.0,0.32,0.55,2023-02-09,857,N,VIIRS,h,2,307.05,4.95,D,0
15.12424,78.90523,339.85,0.4,0.6,2023-04-19,722,N,VIIRS,l,2,310.33,2.56,D,0
25.23992,92.94141,331.96,0.38,0.36,2023-03-14,659,N,VIIRS,n,2,297.97,1.51,D,0
15.17033,76.66525,316.72,0.39,0.36,2023-05-30,2025,N,VIIRS,n,2,287.09,2.4,N,2
14.2174,75.67825,331.36,0.5,0.41,2023-05-12,831,N,VIIRS,n,2,301.04,4.48,D,0
30.5607,74.23152,346.22,0.41,0.61,2023-05-11,854,N,VIIRS,l,2,317.92,5.18,D,0
11.30625,79.80624,306.56,0.4,0.37,2023-04-07,2021,N,VIIRS,n,2,296.3,0.94,N,0
21.95318,83.09605,350.32,0.51,0.5,2023-02-20,711,N,VIIRS,n,2,311.66,9.43,D,0
25.10468,82.36172,335.62,0.39,0.36,2023-02-08,737,N,VIIRS,n,2,303.59,3.51,D,0
30.62642,74.95581,340.36,0.39,0.44,2023-11-15,828,N,VIIRS,n,2,301.33,4.51,D,0
23.79886,87.04762,315.38,0.43,0.38,2023-08-03,2003,N,VIIRS,n,2,288.86,1.61,N,2
13.8305,77.92089,339.58,0.49,0.65,2023-01-13,721,N,VIIRS,n,2,289.3,8.67,D,0
15.72072,77.58951,345.64,0.47,0.48,2023-04-02,741,N,VIIRS,n,2,318.06,8.42,D,0
23.654,84.08016,341.13,0.39,0.37,2023-05-10,730,N,VIIRS,l,2,309.82,3.77,D,0
22.26499,82.77045,343.15,0.58,0.52,2023-02-22,813,N,VIIRS,n,2,312.82,9.81,D,0
31.48555,75.92922,342.96,0.47,0.39,2023-05-13,817,N,VIIRS,l,2,315.76,5.08,D,0
13.45449,77.55515,305.95,0.4,0.37,2023-03-22,2020,N,VIIRS,n,2,286.13,0.62,N,0
15.17641,76.65707,340.65,0.4,0.37,2023-03-05,806,N,VIIRS,l,2,313.98,5.1,D,2
26.63932,79.7168,336.55,0.38,0.36,2023-12-03,749,N,VIIRS,n,2,297.71,3.4,D,0
19.67389,73.1083,339.94,0.38,0.59,2023-01-28,742,N,VIIRS,n,2,305.02,14.21,D,0
18.50003,75.1031,307.15,0.41,0.37,2023-04-01,2031,N,VIIRS,n,2,290.63,0.78,N,0
15.13738,78.71043,315.14,0.32,0.55,2023-02-25,1948,N,VIIRS,n,2,296.8,2.01,N,0
21.25441,83.39258,336.69,0.39,0.36,2023-01-28,742,N,VIIRS,n,2,304.98,2.15,D,0
23.82354,85.49682,306.55,0.42,0.37,2023-03-02,1951,N,VIIRS,n,2,294.42,2.25,N,2
26.53132,94.85597,356.33,0.42,0.38,2023-01-26,640,N,VIIRS,n,2,305.67,18.13,D,0
21.10623,72.64604,342.2,0.46,0.39,2023-02-01,2036,N,VIIRS,n,2,293.22,6.8,N,2
27.77044,82.03635,343.25,0.42,0.38,2023-04-23,751,N,VIIRS,n,2,314.01,4.9,D,0
22.66169,78.06213,344.48,0.41,0.37,2023-11-16,807,N,VIIRS,n,2,305.09,7.95,D,0
20.942,86.0538,301.68,0.49,0.65,2023-01-05,2042,N,VIIRS,n,2,286.34,1.58,N,2
23.12728,77.10471,337.53,0.51,0.41,2023-02-11,820,N,VIIRS,l,2,311.8,5.61,D,0
22.92143,70.10358,304.82,0.53,0.42,2023-01-21,2042,N,VIIRS,n,2,285.21,0.87,N,0
18.80948,78.6219,332.26,0.45,0.47,2023-05-31,735,N,VIIRS,n,2,300.23,1.38,D,0
29.79025,75.78269,351.64,0.43,0.46,2023-10-30,827,N,VIIRS,n,2,299.49,8.87,D,0
31.92355,75.65597,344.39,0.41,0.37,2023-05-08,810,N,VIIRS,n,2,309.61,6.3,D,0
21.74907,82.8019,331.81,0.43,0.46,2023-01-24,717,N,VIIRS,l,2,304.67,2.64,D,0
29.40652,76.86858,344.09,0.56,0.51,2023-05-05,726,N,VIIRS,n,2,303.17,9.04,D,0
18.02755,82.45921,352.98,0.39,0.44,2023-03-05,806,N,VIIRS,n,2,307.6,6.62,D,0
27.03974,93.27782,351.14,0.42,0.38,2023-03-03,705,N,VIIRS,n,2,298.53,23.22,D,0
21.16145,84.75005,339.72,0.38,0.36,2023-02-24,735,N,VIIRS,n,2,310.93,3.51,D,0
21.81499,85.07275,336.34,0.39,0.36,2023-03-12,736,N,VIIRS,l,2,310.57,3.85,D,0
30.65935,74.91767,344.46,0.39,0.44,2023-11-15,828,N,VIIRS,n,2,299.61,4.75,D,0
20.61573,76.15282,340.93,0.42,0.46,2023-03-09,832,N,VIIRS,n,2,313.57,4.25,D,0
23.76759,86.37634,302.55,0.44,0.38,2023-01-08,1945,N,VIIRS,n,2,288.61,1.41,N,0
15.52772,73.99181,308.77,0.39,0.36,2023-04-22,2039,N,VIIRS,n,2,297.94,1.51,N,2
22.45381,92.61136,304.74,0.39,0.36,2023-03-14,1926,N,VIIRS,n,2,292.74,0.59,N,0
30.14254,74.49549,331.52,0.45,0.47,2023-11-20,834,N,VIIRS,n,2,295.92,3.79,D,0
21.49692,82.39392,307.53,0.56,0.69,2023-02-05,2101,N,VIIRS,n,2,286.24,1.31,N,0
23.65863,93.35265,345.82,0.7,0.75,2023-03-11,755,N,VIIRS,n,2,288.03,26.87,D,0
23.66094,79.21121,317.16,0.47,0.4,2023-04-18,2011,N,VIIRS,n,2,292.49,1.41,N,0
18.76739,73.08775,332.86,0.49,0.4,2023-11-16,806,N,VIIRS,l,2,307.16,5.72,D,0
21.88794,75.64008,343.84,0.39,0.44,2023-02-18,749,N,VIIRS,n,2,310.91,7.27,D,0
15.76284,79.95618,335.99,0.42,0.45,2023-06-16,734,N,VIIRS,n,2,304.06,3.42,D,0
28.76083,76.53139,326.1,0.68,0.74,2023-02-09,900,N,VIIRS,n,2,291.12,3.6,D,0
22.78787,85.97393,344.06,0.38,0.59,2023-02-01,807,N,VIIRS,n,2,306.12,4.25,D,0
22.85723,86.05518,297.83,0.52,0.42,2023-01-19,1939,N,VIIRS,n,2,285.54,0.54,N,2
22.41871,85.16553,345.25,0.42,0.61,2023-04-11,814,N,VIIRS,n,2,307.24,3.58,D,0
28.85077,75.88839,339.89,0.4,0.37,2023-02-23,757,N,VIIRS,n,2,306.86,5.21,D,0
15.90459,76.81521,339.64,0.33,0.55,2023-02-24,734,N,VIIRS,n,2,308.86,2.6,D,0
21.9297,84.18353,337.88,0.56,0.69,2023-03-04,826,N,VIIRS,n,2,306.89,3.93,D,0
15.72244,79.13423,333.44,0.36,0.57,2023-02-26,837,N,VIIRS,n,2,307.05,1.98,D,0
15.83143,74.16291,310.63,0.39,0.37,2023-11-21,2043,N,VIIRS,n,2,293.31,1.4,N,0
26.00952,79.01739,336.16,0.42,0.38,2023-11-12,742,N,VIIRS,n,2,302.82,3.36,D,0
22.04247,83.73508,313.08,0.37,0.58,2023-12-27,1925,N,VIIRS,n,2,290.17,1.44,N,2
22.73284,75.17188,333.92,0.4,0.44,2023-04-07,750,N,VIIRS,n,2,289.37,2.66,D,0
19.63704,82.62271,331.47,0.51,0.41,2023-02-28,800,N,VIIRS,l,2,305.99,2.35,D,0
23.71978,86.15728,334.24,0.39,0.36,2023-03-07,730,N,VIIRS,n,2,305.61,1.67,D,0
23.79616,81.03191,346.15,0.48,0.4,2023-04-01,802,N,VIIRS,n,2,304.62,15.61,D,0
19.98649,82.46636,348.4,0.33,0.55,2023-02-11,819,N,VIIRS,n,2,309.74,3.95,D,0
26.74519,82.47533,333.34,0.4,0.6,2023-12-28,820,N,VIIRS,n,2,292.05,1.74,D,0
20.58148,75.00152,335.06,0.46,0.47,2023-12-11,837,N,VIIRS,n,2,301.24,2.7,D,0
17.92739,73.83463,308.38,0.57,0.43,2023-03-25,2103,N,VIIRS,n,2,288.92,1.34,N,0
20.52353,83.06281,339.53,0.46,0.47,2023-03-05,807,N,VIIRS,l,2,311.21,3.2,D,0
21.98749,86.95163,350.3,0.47,0.48,2023-02-26,658,N,VIIRS,n,2,302.9,10.31,D,0
23.44312,76.59378,337.39,0.49,0.4,2023-10-09,819,N,VIIRS,n,2,310.45,3.01,D,0
23.24243,84.30227,305.92,0.38,0.36,2023-05-15,2004,N,VIIRS,n,2,294.57,1.31,N,0
27.6736,95.97662,347.85,0.42,0.38,2023-04-11,635,N,VIIRS,n,2,301.69,28.44,D,0
18.75555,80.45097,336.12,0.45,0.39,2023-03-01,741,N,VIIRS,l,2,307.53,1.99,D,0
29.62367,75.27123,345.91,0.39,0.36,2023-10-15,808,N,VIIRS,n,2,300.29,5.7,D,0
18.18933,73.79691,350.48,0.56,0.52,2023-02-20,850,N,VIIRS,n,2,311.74,9.15,D,0
22.74008,87.16933,340.13,0.54,0.42,2023-02-13,742,N,VIIRS,n,2,303.16,4.47,D,0
17.69742,75.44513,300.85,0.49,0.65,2023-01-03,2121,N,VIIRS,n,2,285.97,1.49,N,0
22.20484,92.82816,348.35,0.4,0.44,2023-03-15,639,N,VIIRS,n,2,312.5,65.95,D,0
25.16204,84.13019,348.97,0.6,0.53,2023-04-15,700,N,VIIRS,n,2,311.29,7.71,D,0
14.89795,76.94788,341.64,0.42,0.38,2023-06-03,818,N,VIIRS,n,2,311.13,6.6,D,0
13.73012,76.7094,303.2,0.34,0.56,2023-01-04,2103,N,VIIRS,n,2,288.74,0.82,N,0
22.75662,69.56197,314.43,0.42,0.45,2023-06-01,2126,N,VIIRS,n,2,295.49,3.61,N,3
30.83783,75.32776,332.67,0.44,0.38,2023-11-21,815,N,VIIRS,n,2,299.42,3.77,D,0
29.86354,76.90868,341.98,0.49,0.41,2023-05-13,816,N,VIIRS,n,2,311.79,3.13,D,0
23.00724,75.73318,309.45,0.48,0.4,2023-04-12,2024,N,VIIRS,n,2,290.36,1.6,N,0
17.33152,77.28162,341.76,0.46,0.39,2023-04-12,754,N,VIIRS,l,2,316.28,9.14,D,0
14.97544,78.81492,331.47,0.42,0.45,2023-03-20,825,N,VIIRS,l,2,303.78,2.33,D,0
29.76733,75.97445,332.56,0.43,0.38,2023-11-01,750,N,VIIRS,n,2,301.14,4.48,D,0
31.76459,75.05464,341.2,0.48,0.64,2023-05-11,714,N,VIIRS,l,2,314.55,5.36,D,0
31.11366,74.88072,344.83,0.37,0.58,2023-10-29,847,N,VIIRS,n,2,295.81,6.31,D,0
19.00064,82.26692,341.01,0.39,0.44,2023-03-05,806,N,VIIRS,l,2,315.53,4.52,D,0
15.4169,78.4351,340.09,0.42,0.38,2023-03-26,812,N,VIIRS,n,2,308.41,7.05,D,0
23.47054,80.50093,338.83,0.4,0.37,2023-04-02,743,N,VIIRS,l,2,312.11,3.52,D,0
15.05168,78.87538,332.61,0.52,0.67,2023-02-25,715,N,VIIRS,l,2,307.4,2.69,D,0
17.00716,76.63631,331.6,0.43,0.38,2023-01-10,818,N,VIIRS,l,2,306.58,1.12,D,0
20.94846,85.00926,302.44,0.47,0.48,2023-03-19,1934,N,VIIRS,n,2,283.18,1.79,N,2
13.71294,79.08871,338.77,0.52,0.5,2023-02-24,734,N,VIIRS,n,2,310.33,5.36,D,0
21.38781,81.6476,309.35,0.41,0.6,2023-12-01,2054,N,VIIRS,n,2,288.97,2.0,N,2
22.17797,83.56611,302.38,0.43,0.38,2023-03-06,2017,N,VIIRS,n,2,292.35,1.03,N,0
20.70621,82.66523,354.14,0.41,0.37,2023-02-24,735,N,VIIRS,n,2,313.72,5.79,D,0
19.20503,73.39272,341.22,0.41,0.37,2023-03-26,814,N,VIIRS,l,2,313.07,5.59,D,0
27.10918,81.27265,335.4,0.53,0.42,2023-10-12,723,N,VIIRS,l,2,305.85,4.7,D,0
18.48802,80.73984,333.63,0.39,0.36,2023-02-07,754,N,VIIRS,l,2,304.03,3.25,D,0
15.39488,74.82887,303.82,0.45,0.47,2023-03-01,2013,N,VIIRS,n,2,293.25,0.39,N,0
22.58957,85.90275,304.91,0.54,0.51,2023-12-27,1925,N,VIIRS,n,2,288.88,1.81,N,0
21.72485,81.76627,331.0,0.49,0.65,2023-12-11,657,N,VIIRS,n,2,295.63,3.18,D,0
14.00197,79.08283,308.26,0.6,0.71,2023-03-14,1929,N,VIIRS,n,2,288.79,2.52,N,0
29.84626,76.35116,329.35,0.68,0.74,2023-12-10,859,N,VIIRS,n,2,291.57,3.94,D,0
21.31862,84.43531,314.58,0.39,0.36,2023-04-13,2005,N,VIIRS,n,2,295.09,1.31,N,0
22.31195,69.86403,304.78,0.68,0.74,2023-09-30,2157,N,VIIRS,n,2,291.28,1.46,N,0
17.60115,82.12429,308.38,0.52,0.5,2023-03-08,1941,N,VIIRS,n,2,289.4,1.01,N,0
22.04243,83.73856,314.93,0.33,0.56,2023-12-23,2041,N,VIIRS,n,2,289.38,1.99,N,2
17.58429,82.31638,342.9,0.38,0.59,2023-03-04,825,N,VIIRS,n,2,303.94,3.02,D,0
26.85543,94.93964,347.15,0.39,0.36,2023-04-10,653,N,VIIRS,n,2,306.32,17.33,D,0
24.82118,73.09216,312.72,0.39,0.36,2023-03-20,2055,N,VIIRS,n,2,291.06,1.81,N,2
24.1877,88.47018,339.58,0.44,0.39,2023-04-04,705,N,VIIRS,n,2,309.37,4.28,D,0
12.39114,76.57546,350.82,0.44,0.39,2023-03-04,824,N,VIIRS,n,2,318.73,8.69,D,0
23.66703,86.92371,299.45,0.42,0.38,2023-02-08,2004,N,VIIRS,n,2,287.86,1.11,N,2
13.64457,78.34267,306.28,0.55,0.68,2023-02-26,2109,N,VIIRS,n,2,288.78,2.0,N,0
18.97874,80.36375,303.83,0.57,0.69,2023-03-14,1928,N,VIIRS,n,2,289.04,1.36,N,0
24.86383,83.48559,346.1,0.35,0.57,2023-04-11,815,N,VIIRS,n,2,312.49,3.23,D,0
21.86566,84.76447,333.53,0.39,0.36,2023-03-07,729,N,VIIRS,l,2,304.58,2.95,D,0
30.64224,75.62676,333.09,0.4,0.37,2023-11-16,809,N,VIIRS,n,2,302.07,1.96,D,0
18.21239,72.96259,311.19,0.4,0.6,2023-02-08,2006,N,VIIRS,n,2,294.62,1.62,N,3
24.36276,83.30658,348.64,0.42,0.46,2023-04-17,802,N,VIIRS,l,2,318.65,14.34,D,0
22.74716,77.69322,331.6,0.34,0.56,2023-10-28,723,N,VIIRS,l,2,303.99,3.65,D,0
18.87475,78.11129,338.59,0.39,0.36,2023-11-11,759,N,VIIRS,n,2,304.7,4.35,D,0
9.96505,76.39167,306.0,0.38,0.36,2023-02-23,2027,N,VIIRS,n,2,294.49,0.79,N,0
21.10031,82.54805,337.15,0.44,0.46,2023-12-18,806,N,VIIRS,n,2,295.98,3.88,D,0
32.1008,77.06619,367.0,0.36,0.57,2023-04-09,714,N,VIIRS,h,2,298.67,5.4,D,0
21.79037,82.77534,335.0,0.46,0.39,2023-01-06,754,N,VIIRS,n,2,302.45,6.1,D,0
13.90775,79.47882,334.73,0.48,0.48,2023-04-13,734,N,VIIRS,l,2,308.13,7.0,D,0
19.70487,73.53491,350.46,0.4,0.37,2023-02-22,813,N,VIIRS,n,2,314.35,12.85,D,0
34.1908,74.59167,325.15,0.4,0.37,2023-10-21,757,N,VIIRS,n,2,296.85,2.66,D,0
22.79663,86.19839,310.14,0.42,0.61,2023-10-30,1913,N,VIIRS,n,2,291.89,1.34,N,2
32.01784,74.95947,336.38,0.45,0.39,2023-11-01,750,N,VIIRS,n,2,302.03,3.83,D,0
22.64005,77.92498,299.58,0.44,0.46,2023-04-05,2055,N,VIIRS,n,2,288.7,1.05,N,0
20.01458,80.55907,332.5,0.43,0.38,2023-04-02,742,N,VIIRS,l,2,306.01,3.9,D,0
22.75844,87.05616,302.47,0.44,0.38,2023-02-24,2004,N,VIIRS,n,2,289.58,0.78,N,0
20.90512,83.42223,338.33,0.64,0.72,2023-03-04,645,N,VIIRS,n,2,306.29,5.26,D,0
23.76138,79.82288,357.1,0.49,0.4,2023-05-24,808,N,VIIRS,n,2,318.86,12.07,D,0
21.5566,81.47723,339.75,0.6,0.7,2023-05-17,839,N,VIIRS,n,2,297.85,10.33,D,0
24.37744,92.4916,304.4,0.55,0.68,2023-04-12,1842,N,VIIRS,n,2,292.37,2.42,N,0
19.13563,78.78794,315.88,0.56,0.43,2023-03-10,2043,N,VIIRS,n,2,293.78,1.85,N,0
21.08047,85.03501,306.22,0.6,0.71,2023-06-03,1908,N,VIIRS,n,2,285.44,3.48,N,2
9.80495,77.00031,354.38,0.36,0.57,2023-01-19,848,N,VIIRS,n,2,296.72,25.04,D,0
30.29312,75.73532,332.92,0.4,0.37,2023-11-06,756,N,VIIRS,n,2,301.69,1.36,D,0
19.21309,82.88132,340.8,0.48,0.48,2023-04-14,717,N,VIIRS,n,2,302.67,6.76,D,0
19.69743,84.68977,336.37,0.45,0.47,2023-04-09,711,N,VIIRS,n,2,303.52,2.78,D,0
23.16755,82.33992,306.05,0.38,0.36,2023-10-27,2009,N,VIIRS,n,2,291.46,1.28,N,2
16.07506,78.93678,335.76,0.4,0.37,2023-03-05,806,N,VIIRS,l,2,310.1,2.66,D,0
18.13949,73.30067,342.28,0.43,0.38,2023-03-09,832,N,VIIRS,l,2,314.7,11.51,D,0
27.4571,84.06169,308.34,0.4,0.37,2023-04-07,2016,N,VIIRS,n,2,291.25,1.22,N,0
15.47622,77.92664,346.19,0.45,0.47,2023-04-02,741,N,VIIRS,l,2,318.06,17.61,D,0
15.13701,78.60187,334.45,0.42,0.45,2023-10-11,739,N,VIIRS,n,2,299.99,3.69,D,0
15.17193,76.37586,308.6,0.36,0.57,2023-10-12,1953,N,VIIRS,n,2,288.05,1.13,N,2
21.38471,81.84788,332.33,0.49,0.65,2023-01-25,658,N,VIIRS,n,2,297.13,1.69,D,0
22.03244,83.35726,298.09,0.49,0.65,2023-02-05,1920,N,VIIRS,n,2,287.71,1.49,N,2
24.48936,79.43529,334.55,0.48,0.4,2023-03-05,808,N,VIIRS,n,2,303.11,4.64,D,0
17.14935,74.01434,344.44,0.47,0.48,2023-02-23,754,N,VIIRS,n,2,317.24,31.4,D,0
22.6982,77.52669,340.52,0.45,0.47,2023-10-22,735,N,VIIRS,n,2,303.95,3.03,D,0
25.73138,91.18793,343.5,0.4,0.37,2023-03-30,659,N,VIIRS,n,2,294.62,5.84,D,0
20.79643,85.25754,306.24,0.45,0.39,2023-03-01,2011,N,VIIRS,n,2,294.07,3.89,N,2
16.85526,76.34329,342.11,0.43,0.46,2023-04-23,748,N,VIIRS,l,2,315.55,5.47,D,0
23.78906,81.04839,350.19,0.38,0.44,2023-04-06,808,N,VIIRS,n,2,311.99,9.57,D,0
22.78627,86.2022,317.29,0.57,0.69,2023-06-03,2048,N,VIIRS,n,2,294.78,6.15,N,2
26.27233,74.18879,299.0,0.52,0.41,2023-11-27,2028,N,VIIRS,n,2,287.66,1.11,N,2
21.18702,81.20878,297.94,0.39,0.36,2023-04-18,2012,N,VIIRS,n,2,280.37,0.62,N,0
20.71375,84.04677,340.86,0.57,0.43,2023-03-13,717,N,VIIRS,n,2,308.19,4.31,D,0
17.11462,74.89282,338.0,0.33,0.55,2023-02-13,741,N,VIIRS,n,2,309.57,5.5,D,0
31.22114,75.63306,347.94,0.53,0.5,2023-05-12,835,N,VIIRS,n,2,317.71,8.06,D,0
21.46347,84.18302,333.42,0.44,0.46,2023-02-12,801,N,VIIRS,l,2,306.53,3.37,D,0
30.59403,76.32913,331.51,0.48,0.4,2023-11-05,815,N,VIIRS,n,2,303.4,1.53,D,0
23.24861,93.19287,326.68,0.45,0.47,2023-03-10,633,N,VIIRS,n,2,286.67,9.32,D,0
26.63949,79.48055,298.74,0.58,0.52,2023-11-20,2059,N,VIIRS,n,2,288.39,1.4,N,2
29.68421,76.23834,341.12,0.44,0.46,2023-05-07,829,N,VIIRS,l,2,314.09,3.13,D,0
18.12713,73.54861,337.78,0.44,0.38,2023-03-09,832,N,VIIRS,l,2,308.75,4.34,D,0
30.23993,76.52351,349.88,0.41,0.37,2023-11-01,750,N,VIIRS,n,2,303.0,9.57,D,0
21.73388,84.99775,307.57,0.42,0.37,2023-04-19,1952,N,VIIRS,n,2,294.11,0.85,N,0
14.29689,79.1505,316.17,0.58,0.52,2023-02-25,1948,N,VIIRS,n,2,294.6,3.38,N,0
16.98014,79.67913,367.0,0.41,0.6,2023-05-17,838,N,VIIRS,h,2,308.57,13.1,D,0
14.30646,77.45657,347.17,0.39,0.36,2023-02-01,805,N,VIIRS,n,2,305.76,7.53,D,0
29.95285,76.01006,339.75,0.37,0.58,2023-11-08,718,N,VIIRS,n,2,296.02,3.43,D,0
22.43703,73.62539,330.13,0.62,0.71,2023-04-24,911,N,VIIRS,n,2,300.11,5.56,D,0
21.22792,76.62292,333.92,0.56,0.43,2023-03-04,826,N,VIIRS,l,2,304.66,2.03,D,0
30.31882,74.35503,333.16,0.43,0.38,2023-12-08,756,N,VIIRS,n,2,303.32,4.29,D,0
23.26176,80.27402,348.79,0.44,0.38,2023-04-17,802,N,VIIRS,n,2,312.99,7.19,D,0
31.40481,75.25391,348.78,0.47,0.64,2023-11-19,713,N,VIIRS,n,2,297.26,6.73,D,0
18.21547,73.14873,304.39,0.34,0.56,2023-02-20,2121,N,VIIRS,n,2,292.15,0.62,N,0
30.02466,74.9277,345.64,0.57,0.43,2023-05-07,829,N,VIIRS,n,2,314.93,6.7,D,0
23.44115,80.14651,334.52,0.39,0.36,2023-11-22,754,N,VIIRS,n,2,299.84,6.1,D,0
21.92413,83.33921,321.48,0.4,0.44,2023-07-03,1945,N,VIIRS,n,2,290.98,2.87,N,2
18.96025,80.55242,339.94,0.47,0.4,2023-06-09,806,N,VIIRS,n,2,309.64,5.72,D,0
29.76184,75.56734,341.27,0.42,0.45,2023-11-15,827,N,VIIRS,n,2,303.47,3.25,D,0
21.82903,84.46291,339.18,0.38,0.36,2023-03-12,736,N,VIIRS,l,2,310.58,10.14,D,0
22.67167,80.38128,340.4,0.39,0.36,2023-05-25,749,N,VIIRS,l,2,315.31,6.0,D,0
30.75172,74.87138,344.65,0.46,0.63,2023-11-03,853,N,VIIRS,n,2,290.39,7.11,D,0
25.80927,83.54041,349.09,0.41,0.45,2023-04-25,712,N,VIIRS,n,2,305.08,5.93,D,0
29.36342,80.14187,332.29,0.55,0.43,2023-03-02,725,N,VIIRS,n,2,302.97,3.88,D,0
17.53702,76.45004,346.35,0.41,0.61,2023-03-23,729,N,VIIRS,n,2,311.04,4.3,D,0
17.19322,81.71917,332.01,0.38,0.36,2023-11-17,746,N,VIIRS,n,2,301.12,3.62,D,0
19.43331,80.00998,338.19,0.45,0.39,2023-04-02,742,N,VIIRS,l,2,310.68,5.65,D,0
31.35839,75.53496,333.77,0.52,0.42,2023-06-19,822,N,VIIRS,n,2,300.79,5.64,D,0
22.09826,84.37504,298.21,0.46,0.47,2023-02-28,2029,N,VIIRS,n,2,287.42,0.56,N,2
21.92901,82.53625,330.9,0.44,0.63,2023-06-08,826,N,VIIRS,n,2,298.93,2.38,D,0
19.63413,80.71166,309.73,0.41,0.37,2023-04-12,2025,N,VIIRS,n,2,295.46,1.99,N,0
23.51241,81.86098,322.99,0.42,0.37,2023-03-11,2023,N,VIIRS,n,2,291.34,1.33,N,0
15.04457,76.45083,342.42,0.38,0.36,2023-01-05,811,N,VIIRS,n,2,304.73,4.16,D,0
16.57677,74.6879,341.66,0.43,0.46,2023-01-22,753,N,VIIRS,n,2,308.66,4.77,D,0
20.88257,81.95226,341.66,0.4,0.44,2023-12-18,806,N,VIIRS,n,2,299.06,5.25,D,0
30.0209,75.33301,347.43,0.4,0.45,2023-10-30,827,N,VIIRS,n,2,298.96,5.0,D,0
13.66777,77.39011,345.4,0.5,0.41,2023-02-16,824,N,VIIRS,n,2,313.84,7.97,D,0
28.92657,79.09476,336.92,0.45,0.39,2023-04-13,739,N,VIIRS,n,2,308.09,3.51,D,0
23.77814,86.19922,297.64,0.67,0.74,2023-03-20,2054,N,VIIRS,n,2,284.71,1.65,N,2
26.25738,74.09481,295.6,0.54,0.42,2023-12-11,2105,N,VIIRS,n,2,283.56,0.85,N,0
21.32631,79.22737,334.39,0.53,0.42,2023-04-13,2005,N,VIIRS,n,2,293.6,6.77,N,0
21.76782,84.02122,300.0,0.4,0.37,2023-01-18,1958,N,VIIRS,n,2,289.58,0.8,N,2
14.07908,77.46837,342.09,0.39,0.36,2023-04-11,812,N,VIIRS,l,2,316.62,6.91,D,0
23.33377,79.99934,349.75,0.39,0.36,2023-04-23,749,N,VIIRS,n,2,316.1,7.65,D,0
18.8626,80.08997,341.71,0.4,0.37,2023-04-07,748,N,VIIRS,n,2,294.63,6.61,D,0
21.81825,84.56715,332.8,0.38,0.36,2023-03-12,736,N,VIIRS,n,2,305.6,2.36,D,0
23.51873,83.65184,317.58,0.39,0.36,2023-04-18,2011,N,VIIRS,n,2,298.12,2.52,N,0
26.73087,90.78217,342.74,0.4,0.37,2023-12-27,658,N,VIIRS,n,2,298.56,9.1,D,0
22.85373,75.37676,309.02,0.42,0.37,2023-10-09,2047,N,VIIRS,n,2,292.39,0.64,N,0
17.69095,82.21493,345.22,0.4,0.37,2023-03-01,741,N,VIIRS,n,2,313.52,12.91,D,0
24.23131,79.64316,333.08,0.4,0.44,2023-11-05,813,N,VIIRS,n,2,306.65,1.51,D,0
25.54531,94.76434,367.0,0.61,0.71,2023-04-13,557,N,VIIRS,h,2,300.1,89.86,D,0
30.60463,74.34434,333.43,0.42,0.61,2023-11-19,853,N,VIIRS,n,2,296.64,4.61,D,0
26.49982,83.38461,312.48,0.32,0.55,2023-04-16,2048,N,VIIRS,n,2,291.77,1.16,N,0
25.33465,91.59053,303.65,0.32,0.55,2023-01-05,1900,N,VIIRS,n,2,279.36,0.61,N,0
16.74232,76.55506,338.3,0.54,0.68,2023-05-21,722,N,VIIRS,n,2,299.6,3.59,D,0
27.01857,83.47507,340.77,0.47,0.48,2023-04-17,803,N,VIIRS,l,2,312.74,5.01,D,0
18.93115,73.61481,334.03,0.37,0.58,2023-05-20,742,N,VIIRS,l,2,307.82,1.48,D,0
14.8445,78.88133,331.04,0.4,0.6,2023-08-25,721,N,VIIRS,n,2,288.29,2.43,D,0
21.25203,83.55696,348.21,0.4,0.6,2023-02-11,819,N,VIIRS,n,2,306.94,5.4,D,0
16.05992,78.99239,347.44,0.54,0.42,2023-04-16,819,N,VIIRS,n,2,307.71,10.24,D,0
14.58631,78.96379,344.63,0.43,0.38,2023-04-11,812,N,VIIRS,n,2,314.02,6.51,D,0
21.92977,83.57279,339.97,0.39,0.36,2023-02-13,742,N,VIIRS,n,2,309.88,4.69,D,0
23.77657,86.39448,304.82,0.47,0.39,2023-12-14,2009,N,VIIRS,n,2,290.8,2.0,N,2
18.24174,83.23408,336.05,0.45,0.39,2023-03-11,754,N,VIIRS,n,2,309.27,2.77,D,0
19.90659,86.05815,332.67,0.38,0.36,2023-12-20,727,N,VIIRS,n,2,300.66,3.85,D,0
19.49875,74.85371,338.98,0.4,0.37,2023-01-26,819,N,VIIRS,n,2,305.65,22.81,D,0
14.10209,76.177,336.0,0.48,0.4,2023-02-12,759,N,VIIRS,n,2,310.56,4.66,D,0
31.05472,75.17601,335.24,0.61,0.54,2023-05-17,842,N,VIIRS,l,2,306.17,5.06,D,0
20.96726,85.17461,306.55,0.57,0.52,2023-08-21,1927,N,VIIRS,n,2,281.43,1.71,N,2
30.7015,75.56339,334.63,0.58,0.7,2023-05-22,707,N,VIIRS,l,2,306.23,2.01,D,0
20.62561,81.79678,352.12,0.48,0.48,2023-03-10,813,N,VIIRS,n,2,308.13,6.24,D,0
25.75764,76.70368,349.48,0.42,0.61,2023-10-29,845,N,VIIRS,n,2,304.32,9.18,D,0
26.74491,95.02332,332.46,0.68,0.74,2023-02-03,550,N,VIIRS,n,2,290.38,30.95,D,0
31.98344,74.90842,341.76,0.5,0.49,2023-11-04,834,N,VIIRS,n,2,293.86,7.11,D,0
24.32979,93.66199,367.0,0.59,0.7,2023-03-06,749,N,VIIRS,h,2,302.23,12.08,D,0
29.99342,77.30404,334.1,0.52,0.41,2023-05-13,816,N,VIIRS,l,2,307.15,2.71,D,0
21.48485,81.76572,307.33,0.49,0.65,2023-06-02,1927,N,VIIRS,n,2,295.63,0.98,N,0
21.24731,79.22264,319.48,0.55,0.51,2023-04-03,1953,N,VIIRS,n,2,295.45,2.93,N,2
21.83677,77.04671,335.86,0.63,0.54,2023-02-26,839,N,VIIRS,n,2,307.86,5.44,D,0
22.07045,84.05264,335.43,0.45,0.39,2023-02-18,748,N,VIIRS,n,2,302.1,5.03,D,0
23.74317,79.74182,342.25,0.49,0.49,2023-02-27,820,N,VIIRS,n,2,313.47,5.69,D,0
30.11093,74.51961,342.75,0.41,0.37,2023-05-13,816,N,VIIRS,l,2,316.06,5.0,D,0
14.03107,76.45142,341.43,0.46,0.47,2023-02-10,837,N,VIIRS,n,2,307.66,3.34,D,0
25.87414,92.21724,334.43,0.41,0.37,2023-04-10,653,N,VIIRS,l,2,305.27,3.29,D,0
19.23921,79.28676,336.5,0.32,0.55,2023-06-06,723,N,VIIRS,n,2,305.74,7.37,D,0
22.88306,77.08396,367.0,0.52,0.67,2023-03-24,852,N,VIIRS,h,2,303.72,17.89,D,0
23.11676,76.12746,333.33,0.46,0.63,2023-04-09,852,N,VIIRS,n,2,300.52,4.55,D,0
20.26947,79.84269,339.26,0.38,0.36,2023-04-12,755,N,VIIRS,l,2,312.44,8.07,D,0
15.68568,78.45784,306.16,0.39,0.36,2023-12-24,2024,N,VIIRS,n,2,293.5,0.74,N,2
21.14182,86.48044,342.48,0.32,0.55,2023-12-22,650,N,VIIRS,n,2,296.59,2.5,D,0
23.68671,87.12024,302.54,0.43,0.38,2023-08-19,2003,N,VIIRS,n,2,275.06,0.61,N,2
14.10264,79.44128,314.32,0.48,0.4,2023-04-17,2033,N,VIIRS,n,2,297.69,2.06,N,0
24.97845,94.05293,318.85,0.42,0.45,2023-03-02,1950,N,VIIRS,n,2,286.45,2.7,N,0
11.84277,79.61707,334.69,0.43,0.38,2023-02-22,811,N,VIIRS,n,2,307.98,2.52,D,0
20.17659,76.92756,342.82,0.4,0.37,2023-04-01,801,N,VIIRS,l,2,317.42,4.03,D,0
22.91904,83.10069,306.11,0.51,0.41,2023-04-19,1952,N,VIIRS,n,2,295.47,1.81,N,0
29.65849,80.01363,332.27,0.42,0.38,2023-02-23,757,N,VIIRS,n,2,300.06,3.31,D,0
21.48778,81.76678,301.05,0.39,0.59,2023-12-16,1932,N,VIIRS,n,2,274.65,0.89,N,2
20.32783,81.08609,333.45,0.43,0.46,2023-03-10,813,N,VIIRS,l,2,306.14,2.75,D,0
30.28814,75.10534,331.28,0.55,0.43,2023-05-04,745,N,VIIRS,l,2,304.34,2.9,D,0
14.0321,78.97321,336.74,0.34,0.56,2023-02-26,836,N,VIIRS,n,2,306.46,3.41,D,0
30.17004,75.33187,334.56,0.33,0.55,2023-11-13,725,N,VIIRS,n,2,301.03,1.58,D,0
23.74124,85.00871,312.26,0.59,0.53,2023-05-08,2035,N,VIIRS,n,2,294.15,2.69,N,2
15.85736,79.02852,338.14,0.58,0.7,2023-04-09,850,N,VIIRS,n,2,296.48,3.76,D,0
24.27676,84.70422,312.2,0.45,0.39,2023-04-03,1952,N,VIIRS,n,2,293.16,1.62,N,0
30.58122,76.23006,332.62,0.47,0.4,2023-10-20,815,N,VIIRS,n,2,302.62,3.62,D,0
25.33471,83.81434,331.65,0.43,0.38,2023-12-15,723,N,VIIRS,n,2,299.39,2.39,D,0
16.82949,79.509,334.76,0.44,0.62,2023-05-16,716,N,VIIRS,l,2,304.85,2.12,D,0
25.94958,91.67147,334.7,0.47,0.48,2023-04-08,731,N,VIIRS,n,2,299.65,6.23,D,0
30.10762,75.81248,334.07,0.38,0.36,2023-11-11,802,N,VIIRS,n,2,303.39,6.94,D,0
30.17303,77.05617,333.97,0.4,0.37,2023-12-19,749,N,VIIRS,n,2,293.16,2.91,D,0
21.08918,85.50745,334.96,0.39,0.36,2023-03-12,736,N,VIIRS,l,2,308.48,3.09,D,0
30.67397,75.86548,334.53,0.52,0.67,2023-11-03,853,N,VIIRS,n,2,290.08,5.02,D,0
24.24369,78.162,325.54,0.37,0.58,2023-01-08,718,N,VIIRS,n,2,296.91,1.89,D,2
14.22966,77.44952,335.75,0.42,0.38,2023-11-11,758,N,VIIRS,n,2,303.32,2.19,D,0
18.60446,78.38938,337.57,0.53,0.42,2023-04-16,820,N,VIIRS,l,2,311.98,8.22,D,0
25.84442,90.92521,340.63,0.44,0.39,2023-03-13,718,N,VIIRS,n,2,306.28,8.95,D,0
24.50835,77.6334,348.9,0.43,0.38,2023-11-01,748,N,VIIRS,n,2,305.82,5.01,D,0
22.1074,83.52325,309.6,0.52,0.5,2023-11-16,2035,N,VIIRS,n,2,292.32,2.83,N,0
12.87637,75.5257,318.77,0.47,0.47,2023-03-28,2008,N,VIIRS,n,2,292.86,2.02,N,0
23.09572,91.78835,337.04,0.44,0.46,2023-04-08,730,N,VIIRS,n,2,302.95,8.16,D,0
23.78641,86.33139,314.69,0.42,0.61,2023-10-14,1912,N,VIIRS,n,2,296.93,2.06,N,2
20.75587,84.26012,331.13,0.43,0.38,2023-04-19,1953,N,VIIRS,n,2,299.67,3.45,N,0
31.22715,75.00409,337.44,0.38,0.36,2023-10-26,803,N,VIIRS,n,2,305.55,10.32,D,0
22.33064,75.55638,350.57,0.5,0.41,2023-04-21,827,N,VIIRS,n,2,318.22,24.41,D,0
10.38309,77.18419,351.94,0.4,0.6,2023-03-12,733,N,VIIRS,n,2,298.55,9.27,D,0
18.7331,78.72441,331.43,0.38,0.36,2023-12-13,759,N,VIIRS,n,2,300.99,1.64,D,0
17.71924,78.58363,334.71,0.57,0.43,2023-06-05,741,N,VIIRS,l,2,306.42,4.54,D,0
25.52266,90.71235,346.18,0.56,0.43,2023-04-05,647,N,VIIRS,n,2,300.69,62.26,D,0
27.03109,94.8896,299.52,0.33,0.55,2023-12-25,2001,N,VIIRS,n,2,284.85,0.55,N,2
23.54881,82.02589,304.55,0.49,0.48,2023-04-11,2042,N,VIIRS,n,2,292.25,0.76,N,0
16.0744,76.90656,344.84,0.39,0.36,2023-04-22,806,N,VIIRS,l,2,308.29,5.56,D,0
30.10436,75.73927,337.18,0.4,0.37,2023-10-31,809,N,VIIRS,n,2,300.72,9.02,D,0
30.18886,75.6373,340.41,0.41,0.45,2023-11-07,737,N,VIIRS,n,2,297.16,6.09,D,0
17.87133,80.2487,308.68,0.38,0.36,2023-03-06,2018,N,VIIRS,n,2,294.25,1.36,N,0
22.7105,79.46132,344.38,0.42,0.61,2023-04-09,712,N,VIIRS,n,2,298.73,8.01,D,0
23.80486,86.32603,304.32,0.45,0.63,2023-08-17,2041,N,VIIRS,n,2,281.48,0.93,N,2
20.15786,78.70442,350.43,0.51,0.41,2023-04-02,742,N,VIIRS,n,2,319.13,11.95,D,0
11.36798,79.05653,339.75,0.45,0.47,2023-04-18,740,N,VIIRS,l,2,313.08,7.82,D,0
24.14993,77.24374,341.32,0.45,0.39,2023-05-29,814,N,VIIRS,n,2,310.5,10.63,D,0
21.53513,84.13457,343.02,0.45,0.39,2023-02-02,748,N,VIIRS,n,2,308.8,4.89,D,0
20.83078,81.96042,351.91,0.5,0.66,2023-05-28,832,N,VIIRS,n,2,302.43,7.72,D,0
27.28051,93.44451,339.04,0.39,0.36,2023-04-15,700,N,VIIRS,n,2,288.54,11.36,D,0
29.83446,78.66631,349.94,0.39,0.36,2023-06-09,2034,N,VIIRS,n,2,297.47,7.97,N,0
26.12343,82.52332,329.12,0.36,0.57,2023-11-25,658,N,VIIRS,n,2,297.52,1.47,D,0
19.75302,84.95251,343.16,0.38,0.59,2023-04-11,814,N,VIIRS,n,2,302.27,3.27,D,0
21.66419,86.1953,338.28,0.48,0.48,2023-02-07,754,N,VIIRS,n,2,298.68,4.0,D,0
13.26661,78.84207,340.34,0.52,0.42,2023-03-06,746,N,VIIRS,n,2,306.98,6.38,D,0
21.07626,86.5202,342.8,0.48,0.4,2023-02-13,742,N,VIIRS,n,2,311.11,5.36,D,0
17.56746,76.7189,335.02,0.63,0.72,2023-02-25,716,N,VIIRS,l,2,307.52,6.91,D,0
18.64299,73.05367,343.51,0.52,0.67,2023-03-23,910,N,VIIRS,n,2,294.76,10.36,D,0
22.33825,82.57327,308.41,0.38,0.36,2023-06-05,2011,N,VIIRS,n,2,295.17,1.79,N,0
25.4298,94.22781,346.4,0.38,0.36,2023-02-05,652,N,VIIRS,n,2,305.55,6.65,D,0
17.51854,80.86097,344.13,0.44,0.39,2023-03-01,741,N,VIIRS,n,2,309.86,5.01,D,0
31.15523,74.97303,367.0,0.57,0.69,2023-04-14,901,N,VIIRS,h,2,299.71,10.96,D,0
25.09528,84.16639,330.15,0.39,0.44,2023-12-21,710,N,VIIRS,n,2,293.2,3.66,D,0
30.88534,75.26749,342.71,0.72,0.75,2023-11-09,700,N,VIIRS,n,2,286.45,15.86,D,0
22.88244,92.54398,338.1,0.39,0.36,2023-03-14,658,N,VIIRS,n,2,286.64,23.24,D,0
23.50606,79.68688,302.61,0.54,0.42,2023-04-13,2005,N,VIIRS,n,2,267.83,1.11,N,0
20.78798,85.26611,318.95,0.38,0.36,2023-11-18,1957,N,VIIRS,n,2,294.26,2.35,N,2
16.14725,78.75153,346.41,0.35,0.56,2023-04-15,838,N,VIIRS,n,2,304.13,6.75,D,0
23.31257,87.13599,311.18,0.37,0.58,2023-03-04,1914,N,VIIRS,n,2,292.87,1.27,N,0
23.58994,82.19063,340.17,0.54,0.42,2023-04-17,802,N,VIIRS,l,2,311.42,5.44,D,0
14.85835,75.40155,354.99,0.34,0.56,2023-04-18,741,N,VIIRS,n,2,311.72,14.55,D,0
25.76706,80.88155,332.58,0.4,0.44,2023-12-18,807,N,VIIRS,n,2,296.15,1.62,D,0
15.54292,74.04836,345.05,0.5,0.49,2023-03-27,754,N,VIIRS,n,2,314.09,4.59,D,0
19.10352,82.16278,329.48,0.34,0.56,2023-12-16,1932,N,VIIRS,n,2,284.48,1.53,N,0
26.64449,79.4757,301.53,0.48,0.65,2023-11-19,1937,N,VIIRS,n,2,287.2,0.99,N,2
23.46331,83.16144,332.54,0.43,0.38,2023-04-23,749,N,VIIRS,l,2,306.66,2.2,D,0
21.10572,72.63264,315.69,0.46,0.39,2023-04-22,2037,N,VIIRS,n,2,295.2,1.14,N,2
21.0224,81.73137,340.46,0.48,0.4,2023-02-12,801,N,VIIRS,n,2,308.61,3.03,D,0
27.35441,83.59346,350.72,0.38,0.43,2023-04-09,713,N,VIIRS,n,2,300.43,10.47,D,0
23.69134,92.05728,339.87,0.59,0.53,2023-04-13,737,N,VIIRS,n,2,305.17,4.8,D,0
20.51839,83.80495,334.21,0.41,0.45,2023-04-17,801,N,VIIRS,l,2,307.83,2.12,D,0
18.97076,76.73615,350.64,0.44,0.39,2023-06-03,819,N,VIIRS,n,2,316.79,19.24,D,0
30.47113,76.4826,342.58,0.46,0.47,2023-05-10,732,N,VIIRS,l,2,313.46,2.17,D,0
13.26795,75.25317,335.49,0.45,0.39,2023-04-06,806,N,VIIRS,l,2,306.21,4.51,D,0
21.72757,85.49919,301.79,0.34,0.56,2023-03-05,2036,N,VIIRS,n,2,290.48,1.11,N,0
22.54959,77.57103,344.27,0.54,0.42,2023-04-02,743,N,VIIRS,n,2,315.17,7.75,D,0
22.32176,82.65951,299.96,0.4,0.37,2023-01-17,2017,N,VIIRS,n,2,288.17,0.67,N,2
25.60954,94.81284,367.0,0.5,0.49,2023-04-17,622,N,VIIRS,h,2,304.48,19.13,D,0
24.36614,93.6555,339.21,0.6,0.53,2023-02-03,730,N,VIIRS,n,2,300.17,12.81,D,0
27.46445,82.53111,367.0,0.4,0.37,2023-04-02,744,N,VIIRS,h,2,305.66,7.72,D,0
23.79411,86.23666,301.29,0.43,0.46,2023-01-14,1932,N,VIIRS,n,2,289.0,1.27,N,2
21.46007,72.94036,337.64,0.4,0.37,2023-03-04,826,N,VIIRS,l,2,309.76,2.2,D,0
24.98171,79.89666,335.74,0.51,0.41,2023-05-08,808,N,VIIRS,n,2,303.69,6.45,D,0
23.21395,78.94996,309.99,0.39,0.36,2023-03-11,2023,N,VIIRS,n,2,292.92,1.17,N,0
20.04048,78.42692,308.09,0.34,0.56,2023-04-10,2102,N,VIIRS,n,2,292.57,1.02,N,0
21.10831,83.84521,330.37,0.38,0.43,2023-01-24,717,N,VIIRS,n,2,303.96,2.67,D,0
30.45996,74.74947,345.61,0.44,0.62,2023-05-11,854,N,VIIRS,n,2,312.8,6.94,D,0
18.26164,79.18768,340.14,0.48,0.4,2023-06-14,812,N,VIIRS,n,2,305.97,3.05,D,0
27.15221,82.57739,338.3,0.4,0.6,2023-04-16,822,N,VIIRS,l,2,310.2,5.38,D,0
12.33401,78.91817,302.87,0.49,0.49,2023-03-10,2045,N,VIIRS,n,2,291.25,0.93,N,0
23.26616,70.2815,305.28,0.38,0.36,2023-04-26,2102,N,VIIRS,n,2,295.07,0.55,N,2
26.03573,84.17513,333.75,0.47,0.4,2023-02-25,718,N,VIIRS,l,2,303.95,3.62,D,0
23.69284,87.12059,307.65,0.59,0.53,2023-01-20,1920,N,VIIRS,n,2,288.93,1.88,N,2
30.98961,74.82995,342.16,0.42,0.38,2023-11-05,815,N,VIIRS,n,2,302.95,3.99,D,0
21.86194,87.62639,328.07,0.41,0.37,2023-12-20,728,N,VIIRS,n,2,298.63,1.56,D,0
26.02559,87.71151,330.5,0.53,0.42,2023-11-25,658,N,VIIRS,n,2,297.6,2.42,D,0
25.8183,78.4012,329.96,0.38,0.36,2023-12-08,755,N,VIIRS,n,2,295.17,2.55,D,0
31.28074,77.26524,295.8,0.39,0.36,2023-02-01,2033,N,VIIRS,n,2,280.45,0.57,N,0
24.27061,80.6669,346.14,0.41,0.37,2023-04-12,756,N,VIIRS,n,2,316.12,5.83,D,0
29.35057,76.55336,330.03,0.45,0.63,2023-11-14,846,N,VIIRS,n,2,297.43,2.27,D,0
23.66499,91.76026,344.29,0.54,0.51,2023-04-11,634,N,VIIRS,n,2,299.77,36.95,D,0
27.75735,81.81253,335.07,0.42,0.38,2023-04-08,732,N,VIIRS,n,2,306.67,2.2,D,0
22.88292,75.03092,337.06,0.39,0.6,2023-04-08,731,N,VIIRS,l,2,310.75,2.98,D,0
30.25204,75.56689,357.79,0.42,0.45,2023-11-15,828,N,VIIRS,n,2,300.13,10.32,D,0
15.98476,74.55045,350.04,0.4,0.37,2023-02-16,825,N,VIIRS,n,2,317.08,4.28,D,0
30.38648,75.26977,330.31,0.39,0.36,2023-10-31,809,N,VIIRS,n,2,298.07,3.67,D,0
25.58129,92.5787,333.23,0.54,0.42,2023-04-16,641,N,VIIRS,n,2,300.93,3.36,D,0
20.76457,81.80003,344.67,0.48,0.48,2023-05-29,813,N,VIIRS,n,2,301.57,4.64,D,0
24.01122,82.78993,342.63,0.42,0.38,2023-04-07,750,N,VIIRS,n,2,312.79,3.6,D,0
23.43172,75.42604,349.02,0.41,0.61,2023-05-11,852,N,VIIRS,n,2,318.64,8.81,D,0
24.61679,80.45311,334.34,0.4,0.37,2023-10-27,742,N,VIIRS,n,2,304.97,2.07,D,0
21.41238,81.29522,332.8,0.34,0.56,2023-12-21,709,N,VIIRS,n,2,296.28,1.79,D,0
22.49061,82.17097,342.34,0.38,0.36,2023-04-18,743,N,VIIRS,l,2,315.67,4.53,D,0
21.76027,84.01976,306.85,0.45,0.47,2023-10-10,2028,N,VIIRS,n,2,296.75,2.34,N,2
22.93471,78.16821,308.47,0.54,0.51,2023-04-08,1959,N,VIIRS,n,2,287.59,2.36,N,0
30.29536,75.87805,340.49,0.4,0.44,2023-11-07,737,N,VIIRS,n,2,298.8,3.66,D,0
25.55009,78.80632,349.7,0.55,0.43,2023-04-27,815,N,VIIRS,n,2,315.33,13.76,D,0
25.14886,86.40215,341.33,0.54,0.51,2023-03-27,756,N,VIIRS,n,2,304.99,5.5,D,0
20.96164,85.19006,307.41,0.43,0.62,2023-01-05,2042,N,VIIRS,n,2,288.04,1.63,N,2
30.41435,73.94417,338.85,0.47,0.64,2023-11-24,719,N,VIIRS,n,2,295.2,4.34,D,0
23.82498,91.79478,331.2,0.4,0.37,2023-04-15,659,N,VIIRS,l,2,293.38,52.53,D,0
19.18292,79.13,347.92,0.39,0.36,2023-04-17,801,N,VIIRS,n,2,316.68,21.75,D,0
30.54556,76.97327,331.0,0.4,0.37,2023-09-30,750,N,VIIRS,n,2,301.48,2.15,D,0
30.10219,75.42028,333.04,0.45,0.39,2023-11-01,750,N,VIIRS,n,2,299.29,2.97,D,0
23.54601,79.92226,331.48,0.39,0.36,2023-11-17,748,N,VIIRS,n,2,302.15,2.44,D,0
16.09667,80.79347,344.67,0.56,0.43,2023-05-31,734,N,VIIRS,n,2,307.96,6.1,D,0
14.05671,76.49581,347.28,0.46,0.39,2023-08-27,824,N,VIIRS,n,2,297.71,6.52,D,0
23.83459,88.40636,337.71,0.45,0.39,2023-03-23,730,N,VIIRS,n,2,306.58,4.2,D,0
22.99875,87.43613,331.6,0.47,0.47,2023-03-06,748,N,VIIRS,l,2,306.43,3.13,D,0
20.80408,81.22507,340.85,0.56,0.69,2023-06-02,658,N,VIIRS,n,2,305.21,6.94,D,0
19.29356,80.88056,333.78,0.42,0.38,2023-06-04,800,N,VIIRS,l,2,307.98,3.4,D,0
19.34083,78.683,311.44,0.55,0.43,2023-02-24,2005,N,VIIRS,n,2,290.92,1.68,N,0
24.14788,92.57928,336.36,0.47,0.48,2023-04-11,634,N,VIIRS,n,2,300.46,20.9,D,0
18.96035,81.56101,339.8,0.4,0.37,2023-04-12,755,N,VIIRS,n,2,308.31,2.95,D,0
27.29667,83.05714,346.47,0.51,0.49,2023-04-20,706,N,VIIRS,l,2,316.84,14.27,D,0
25.02225,77.12182,337.91,0.54,0.42,2023-10-25,820,N,VIIRS,n,2,307.55,5.03,D,0
24.43452,79.50574,351.55,0.39,0.44,2023-04-11,815,N,VIIRS,n,2,314.34,4.69,D,0
24.98497,93.38348,367.0,0.47,0.64,2023-02-13,742,N,VIIRS,h,2,293.73,10.2,D,0
19.6001,82.46759,329.69,0.49,0.49,2023-01-08,716,N,VIIRS,l,2,300.98,4.99,D,0
28.42696,80.91605,367.0,0.61,0.71,2023-05-07,648,N,VIIRS,h,2,311.43,17.79,D,0
22.23952,86.02829,301.3,0.46,0.47,2023-03-11,2023,N,VIIRS,n,2,290.97,0.67,N,0
25.80536,94.0937,342.12,0.53,0.5,2023-04-19,725,N,VIIRS,n,2,300.74,7.69,D,0
26.28215,82.04996,325.21,0.49,0.48,2023-02-04,712,N,VIIRS,l,2,298.71,2.69,D,0
22.11686,82.54569,341.12,0.43,0.62,2023-02-10,658,N,VIIRS,n,2,307.09,2.36,D,0
26.79041,90.37807,327.09,0.35,0.57,2023-02-01,628,N,VIIRS,l,2,297.87,2.16,D,0
14.46934,78.48071,335.88,0.35,0.56,2023-04-08,728,N,VIIRS,l,2,310.17,1.55,D,0
22.88518,75.50997,367.0,0.43,0.38,2023-04-16,821,N,VIIRS,h,2,322.71,14.91,D,0
20.88325,84.98161,309.46,0.6,0.71,2023-01-10,1908,N,VIIRS,n,2,289.9,2.46,N,2
19.96219,79.33438,332.53,0.49,0.4,2023-06-21,741,N,VIIRS,n,2,296.72,3.88,D,2
20.0914,77.29848,333.74,0.51,0.66,2023-03-13,717,N,VIIRS,n,2,302.92,2.86,D,0
19.51423,84.46128,333.47,0.47,0.4,2023-03-02,722,N,VIIRS,l,2,304.25,4.21,D,0
30.62277,74.20462,331.21,0.5,0.41,2023-11-17,750,N,VIIRS,n,2,297.27,2.67,D,0
23.76993,82.35761,306.93,0.43,0.38,2023-04-12,2024,N,VIIRS,n,2,295.07,1.4,N,0
19.24376,78.69289,304.35,0.36,0.57,2023-03-09,2102,N,VIIRS,n,2,288.98,1.29,N,0
23.67553,86.0864,303.61,0.35,0.57,2023-12-02,2034,N,VIIRS,n,2,281.87,1.05,N,2
21.13976,83.81402,332.03,0.51,0.41,2023-02-07,754,N,VIIRS,l,2,305.88,8.14,D,0
25.96271,93.36634,330.17,0.47,0.64,2023-03-01,743,N,VIIRS,n,2,296.94,2.88,D,0
19.63751,81.65391,330.16,0.35,0.57,2023-03-08,710,N,VIIRS,n,2,300.29,1.27,D,0
22.48278,86.83092,337.69,0.41,0.37,2023-03-13,717,N,VIIRS,n,2,309.95,2.61,D,0
27.47032,95.42308,299.05,0.5,0.41,2023-01-10,1906,N,VIIRS,n,2,283.88,0.81,N,2
28.85923,77.14694,342.6,0.4,0.44,2023-10-25,821,N,VIIRS,n,2,306.32,10.4,D,0
23.78181,86.34374,304.16,0.56,0.69,2023-12-12,2046,N,VIIRS,n,2,286.41,3.4,N,2
22.20278,75.4016,338.46,0.43,0.38,2023-01-10,820,N,VIIRS,n,2,306.09,3.67,D,0
11.69603,77.87909,300.99,0.41,0.61,2023-01-19,1942,N,VIIRS,n,2,290.71,0.93,N,0
28.10991,79.60896,330.96,0.43,0.38,2023-11-23,737,N,VIIRS,n,2,300.79,1.73,D,0
22.7971,86.09128,303.68,0.46,0.39,2023-01-28,2010,N,VIIRS,n,2,289.95,0.65,N,2
23.30462,77.76554,304.42,0.58,0.52,2023-04-24,1958,N,VIIRS,n,2,290.61,1.37,N,0
20.36108,73.74743,349.78,0.41,0.37,2023-05-23,826,N,VIIRS,n,2,313.62,12.25,D,0
30.30795,76.6756,331.16,0.41,0.37,2023-11-01,750,N,VIIRS,n,2,303.62,1.94,D,0
21.12338,72.79957,325.66,0.54,0.42,2023-05-19,2030,N,VIIRS,n,2,297.91,1.96,N,0
25.59416,78.81962,330.4,0.46,0.47,2023-11-10,820,N,VIIRS,n,2,300.47,1.51,D,0
16.69623,77.53213,336.08,0.36,0.58,2023-02-03,728,N,VIIRS,n,2,306.55,3.22,D,0
22.83191,92.53999,306.56,0.39,0.36,2023-04-15,1927,N,VIIRS,n,2,294.62,1.22,N,0
27.69827,79.77827,346.2,0.4,0.37,2023-05-14,756,N,VIIRS,l,2,316.51,7.79,D,0
30.73835,74.39463,367.0,0.55,0.68,2023-05-11,714,N,VIIRS,h,2,316.19,13.5,D,0
23.79486,86.35246,346.3,0.51,0.41,2023-02-13,742,N,VIIRS,n,2,313.67,7.51,D,2
29.95408,74.64678,351.0,0.37,0.58,2023-05-05,726,N,VIIRS,n,2,303.35,4.34,D,0
25.8308,94.75237,367.0,0.5,0.41,2023-04-11,634,N,VIIRS,l,2,329.85,148.5,D,0
22.58688,85.90456,299.54,0.34,0.56,2023-12-22,1919,N,VIIRS,n,2,282.98,0.61,N,2
12.89946,77.92918,302.25,0.33,0.55,2023-03-04,2057,N,VIIRS,n,2,286.32,0.62,N,0
23.69112,77.72656,356.26,0.51,0.66,2023-04-25,712,N,VIIRS,n,2,307.63,12.76,D,0
30.8174,75.78883,340.72,0.49,0.49,2023-05-10,732,N,VIIRS,l,2,314.09,6.18,D,0
22.87293,76.08011,336.15,0.46,0.39,2023-03-31,821,N,VIIRS,l,2,310.94,3.8,D,0
16.07876,78.51472,338.68,0.42,0.45,2023-02-16,825,N,VIIRS,l,2,311.94,4.16,D,0
22.68181,80.23673,308.94,0.42,0.38,2023-04-18,2011,N,VIIRS,n,2,295.96,1.57,N,0
22.5628,80.26453,307.8,0.42,0.38,2023-04-18,2011,N,VIIRS,n,2,295.83,1.11,N,0
27.03016,94.88801,302.83,0.65,0.73,2023-12-30,1827,N,VIIRS,n,2,284.6,0.59,N,0
31.45592,74.74187,340.39,0.42,0.38,2023-05-13,817,N,VIIRS,l,2,311.23,3.02,D,0
18.64023,77.95283,338.29,0.39,0.36,2023-10-31,805,N,VIIRS,n,2,304.32,5.63,D,0
10.51729,76.60625,336.16,0.43,0.38,2023-03-05,804,N,VIIRS,l,2,302.93,4.38,D,0
23.67605,86.40063,304.79,0.51,0.41,2023-01-19,1939,N,VIIRS,n,2,289.3,2.11,N,2
24.5545,81.02405,331.73,0.39,0.36,2023-11-17,748,N,VIIRS,n,2,299.35,1.09,D,0
19.84577,85.03697,307.18,0.35,0.57,2023-03-05,2036,N,VIIRS,n,2,295.58,2.09,N,0
24.46796,93.40278,336.3,0.4,0.6,2023-03-11,615,N,VIIRS,n,2,268.12,31.74,D,0
16.20249,75.63197,318.36,0.49,0.4,2023-01-01,2018,N,VIIRS,n,2,289.98,1.92,N,0
21.38143,81.65631,307.61,0.42,0.38,2023-04-13,2005,N,VIIRS,n,2,296.42,1.41,N,2
26.64348,79.47969,335.11,0.41,0.37,2023-03-01,743,N,VIIRS,n,2,303.12,2.19,D,2
24.57903,74.80221,298.09,0.56,0.43,2023-01-22,2023,N,VIIRS,n,2,285.78,1.11,N,2
25.47875,91.16222,339.94,0.54,0.51,2023-03-12,737,N,VIIRS,n,2,295.34,77.78,D,0
28.84476,77.14651,299.38,0.39,0.36,2023-03-26,2041,N,VIIRS,n,2,286.64,0.35,N,0
21.51886,84.03308,334.44,0.47,0.39,2023-06-06,723,N,VIIRS,l,2,305.98,2.42,D,0
19.28272,80.27096,333.68,0.38,0.36,2023-04-12,755,N,VIIRS,l,2,307.35,3.63,D,0
23.72157,86.44888,303.99,0.58,0.52,2023-12-29,2028,N,VIIRS,n,2,293.53,2.34,N,2
13.14466,79.19046,367.0,0.42,0.45,2023-03-04,824,N,VIIRS,h,2,310.28,8.5,D,0
21.83912,80.74085,338.58,0.4,0.37,2023-04-12,755,N,VIIRS,l,2,312.35,2.23,D,0
25.8253,82.92922,331.42,0.52,0.41,2023-02-23,756,N,VIIRS,n,2,300.96,2.52,D,0
21.18361,81.89381,336.33,0.5,0.66,2023-02-10,658,N,VIIRS,n,2,304.02,3.98,D,0
22.11598,86.0975,338.58,0.47,0.48,2023-02-07,754,N,VIIRS,n,2,305.71,6.07,D,0
23.97222,79.98988,331.39,0.39,0.36,2023-11-22,754,N,VIIRS,n,2,299.37,5.13,D,0
15.16989,76.38157,307.13,0.53,0.42,2023-02-13,2013,N,VIIRS,n,2,292.92,1.09,N,2
22.10406,82.51364,344.94,0.38,0.36,2023-04-02,743,N,VIIRS,n,2,308.28,5.89,D,0
22.44863,86.49908,304.33,0.42,0.38,2023-02-24,2004,N,VIIRS,n,2,292.35,0.95,N,0
22.87914,76.89621,349.18,0.41,0.45,2023-04-05,827,N,VIIRS,n,2,313.34,11.2,D,0
15.23243,75.68176,317.36,0.56,0.69,2023-03-08,2122,N,VIIRS,n,2,291.31,2.94,N,0
19.61746,82.87511,338.93,0.53,0.42,2023-06-04,800,N,VIIRS,n,2,306.99,4.9,D,0
22.1319,86.48621,336.08,0.42,0.38,2023-02-25,717,N,VIIRS,l,2,306.77,2.87,D,0
23.1554,80.33543,339.04,0.45,0.63,2023-04-20,706,N,VIIRS,n,2,299.95,1.64,D,0
30.29555,74.79685,344.54,0.46,0.47,2023-11-07,737,N,VIIRS,n,2,296.32,5.41,D,0
30.65223,75.28562,330.31,0.41,0.45,2023-10-14,827,N,VIIRS,n,2,295.3,2.94,D,0
25.71476,94.80626,334.59,0.48,0.4,2023-01-14,705,N,VIIRS,n,2,290.02,4.94,D,0
15.86274,78.87712,348.78,0.53,0.42,2023-04-16,819,N,VIIRS,n,2,313.24,7.47,D,0
21.10723,72.64856,330.64,0.6,0.53,2023-12-03,747,N,VIIRS,n,2,296.89,9.15,D,2
18.68127,73.04533,299.19,0.42,0.61,2023-08-20,2127,N,VIIRS,n,2,288.17,3.21,N,2
30.55908,75.40312,346.87,0.4,0.37,2023-11-16,809,N,VIIRS,n,2,302.6,13.24,D,0
15.51793,76.16103,331.33,0.47,0.64,2023-04-08,729,N,VIIRS,n,2,300.79,0.84,D,0
23.0775,75.79826,350.29,0.4,0.37,2023-04-11,815,N,VIIRS,n,2,313.21,7.33,D,0
26.67585,71.53722,356.84,0.41,0.37,2023-02-06,815,N,VIIRS,l,2,302.9,5.59,D,0
24.05506,88.42619,330.68,0.54,0.51,2023-04-05,647,N,VIIRS,n,2,300.17,3.59,D,0
21.53835,82.55704,341.3,0.45,0.47,2023-03-13,717,N,VIIRS,n,2,306.43,13.02,D,0
20.97043,81.53529,344.68,0.41,0.37,2023-04-12,755,N,VIIRS,n,2,314.04,6.97,D,0
16.02766,78.46889,308.03,0.55,0.68,2023-02-15,1935,N,VIIRS,n,2,292.43,0.93,N,0
22.08632,83.87089,330.74,0.41,0.37,2023-03-23,730,N,VIIRS,l,2,303.96,2.55,D,0
29.70041,75.36745,333.9,0.48,0.65,2023-12-05,852,N,VIIRS,n,2,295.2,6.34,D,0
22.0035,83.4888,332.32,0.4,0.44,2023-06-20,801,N,VIIRS,n,2,297.39,3.54,D,0
20.11066,79.03204,301.65,0.36,0.58,2023-03-09,2102,N,VIIRS,n,2,287.94,1.13,N,0
18.47478,73.21008,340.08,0.43,0.38,2023-04-10,832,N,VIIRS,l,2,315.0,10.17,D,0
16.80474,79.90594,367.0,0.33,0.55,2023-05-28,831,N,VIIRS,h,2,304.5,8.41,D,0
16.65104,80.57492,307.48,0.43,0.38,2023-03-27,2025,N,VIIRS,n,2,293.2,2.41,N,0
25.87041,78.71961,349.91,0.36,0.57,2023-04-26,834,N,VIIRS,n,2,308.81,4.68,D,0
26.54217,92.28638,331.58,0.38,0.36,2023-02-10,659,N,VIIRS,n,2,294.78,2.2,D,0
15.22705,77.77869,340.23,0.56,0.43,2023-03-06,747,N,VIIRS,l,2,312.46,5.38,D,0
22.20383,79.17551,341.98,0.53,0.42,2023-04-27,814,N,VIIRS,l,2,313.21,8.07,D,0
20.45463,79.7827,340.52,0.45,0.39,2023-04-02,742,N,VIIRS,l,2,311.0,7.3,D,0
25.79038,91.49614,301.73,0.33,0.56,2023-04-11,1901,N,VIIRS,n,2,291.15,0.87,N,0
19.35869,79.06517,350.42,0.41,0.61,2023-02-25,716,N,VIIRS,n,2,307.85,8.54,D,0
31.14939,74.91849,331.76,0.57,0.69,2023-07-03,900,N,VIIRS,n,2,294.07,3.8,D,0
9.61409,77.01468,307.5,0.54,0.68,2023-02-26,2111,N,VIIRS,n,2,288.48,2.04,N,0
22.32472,82.65833,306.39,0.46,0.39,2023-07-17,2023,N,VIIRS,n,2,291.01,1.54,N,2
24.73712,93.69888,335.82,0.39,0.36,2023-03-14,659,N,VIIRS,n,2,306.54,5.3,D,0
22.42673,88.03791,325.13,0.49,0.48,2023-01-20,652,N,VIIRS,n,2,296.45,2.75,D,0
31.17522,74.67573,335.52,0.42,0.61,2023-05-16,720,N,VIIRS,n,2,300.86,2.66,D,0
10.92217,77.06116,300.51,0.4,0.6,2023-03-09,2104,N,VIIRS,n,2,289.1,0.4,N,0
19.2021,80.13041,342.63,0.56,0.52,2023-04-19,723,N,VIIRS,n,2,305.42,5.64,D,0
21.76446,84.01939,299.94,0.56,0.69,2023-12-17,1913,N,VIIRS,n,2,287.12,1.8,N,2
23.37298,82.34845,348.65,0.53,0.42,2023-04-19,724,N,VIIRS,n,2,314.22,9.49,D,0
20.78645,85.26679,302.73,0.54,0.42,2023-01-17,2017,N,VIIRS,n,2,286.97,0.91,N,2
23.68075,87.62713,336.69,0.39,0.36,2023-02-25,717,N,VIIRS,n,2,304.05,6.26,D,0
22.74586,78.64262,333.06,0.41,0.37,2023-11-01,748,N,VIIRS,n,2,301.96,2.36,D,0
21.61308,82.41599,346.29,0.55,0.51,2023-01-21,813,N,VIIRS,n,2,304.62,15.35,D,0
23.67983,86.39232,302.22,0.44,0.38,2023-12-26,1944,N,VIIRS,n,2,289.73,2.31,N,2
21.4362,71.09133,342.83,0.39,0.36,2023-03-25,833,N,VIIRS,l,2,317.29,9.12,D,0
22.06971,82.51098,348.65,0.38,0.36,2023-12-30,741,N,VIIRS,n,2,303.65,6.9,D,0
21.17038,86.22081,340.26,0.44,0.38,2023-02-09,716,N,VIIRS,n,2,307.71,10.46,D,0
15.17487,76.66212,306.14,0.32,0.55,2023-10-19,2102,N,VIIRS,n,2,292.87,1.42,N,2
21.8046,82.64295,335.26,0.45,0.39,2023-01-02,729,N,VIIRS,n,2,300.7,4.01,D,0
27.46634,93.80936,348.79,0.34,0.56,2023-02-03,731,N,VIIRS,n,2,297.01,6.17,D,0
13.11851,78.71405,344.05,0.57,0.69,2023-03-13,715,N,VIIRS,n,2,298.02,7.67,D,0
24.65475,93.37961,351.3,0.51,0.41,2023-03-15,640,N,VIIRS,n,2,307.79,21.79,D,0
18.78451,83.78997,333.34,0.39,0.36,2023-04-18,742,N,VIIRS,l,2,308.18,4.13,D,0
15.33754,76.27932,306.78,0.57,0.52,2023-02-03,2000,N,VIIRS,n,2,291.14,1.52,N,2
23.78775,81.42181,340.49,0.42,0.38,2023-03-11,755,N,VIIRS,n,2,306.45,4.24,D,0
27.32968,83.29592,338.47,0.56,0.69,2023-04-05,828,N,VIIRS,n,2,304.44,5.5,D,0
23.50882,83.56883,316.65,0.39,0.36,2023-05-20,2010,N,VIIRS,n,2,296.24,1.98,N,0
21.07489,85.04407,337.99,0.41,0.45,2023-03-24,711,N,VIIRS,n,2,306.03,3.68,D,2
27.36074,84.34,326.32,0.54,0.68,2023-04-10,2100,N,VIIRS,n,2,296.62,3.43,N,0
20.66745,83.82487,332.85,0.38,0.59,2023-01-25,658,N,VIIRS,n,2,301.27,2.7,D,0
19.30242,78.68011,341.8,0.57,0.43,2023-02-11,819,N,VIIRS,n,2,310.0,17.53,D,0
25.34837,92.17695,334.53,0.43,0.38,2023-04-09,712,N,VIIRS,n,2,299.27,7.76,D,0
23.79308,86.35272,341.91,0.57,0.43,2023-01-30,705,N,VIIRS,n,2,309.84,7.31,D,2
18.93819,83.42074,302.07,0.58,0.7,2023-03-04,1915,N,VIIRS,n,2,291.92,2.0,N,0
14.27251,78.96124,333.84,0.43,0.62,2023-03-03,843,N,VIIRS,l,2,303.84,6.13,D,0
26.54005,71.57323,336.81,0.41,0.37,2023-02-22,815,N,VIIRS,n,2,304.18,3.43,D,0
30.7751,74.39709,340.43,0.39,0.44,2023-06-21,744,N,VIIRS,n,2,298.59,2.69,D,0
22.05732,76.55973,303.26,0.44,0.38,2023-03-11,2024,N,VIIRS,n,2,288.94,0.63,N,0
30.64113,74.68774,349.15,0.53,0.67,2023-05-11,714,N,VIIRS,n,2,316.87,10.33,D,0
26.02011,78.72832,338.0,0.39,0.36,2023-11-01,749,N,VIIRS,n,2,302.67,3.23,D,0
26.43126,82.20058,331.76,0.39,0.44,2023-12-10,717,N,VIIRS,n,2,296.92,2.67,D,0
19.15837,73.4267,309.34,0.42,0.45,2023-02-26,2108,N,VIIRS,n,2,292.0,1.51,N,0
28.63708,80.54814,367.0,0.38,0.36,2023-04-18,745,N,VIIRS,h,2,314.78,7.94,D,0
23.78834,85.55291,297.45,0.4,0.6,2023-01-05,2041,N,VIIRS,n,2,281.54,0.56,N,0
22.91785,75.78114,341.71,0.34,0.56,2023-04-04,846,N,VIIRS,n,2,307.26,2.1,D,0
16.11011,80.53505,336.53,0.39,0.44,2023-06-16,734,N,VIIRS,n,2,305.0,3.08,D,0
28.27107,77.27309,296.7,0.46,0.39,2023-12-24,2020,N,VIIRS,n,2,283.52,0.43,N,2
19.73514,82.43662,331.39,0.39,0.36,2023-01-28,741,N,VIIRS,l,2,303.49,4.01,D,0
29.92342,75.46825,341.52,0.32,0.55,2023-11-13,725,N,VIIRS,n,2,298.77,2.28,D,0
21.30686,84.96467,348.08,0.48,0.4,2023-03-06,748,N,VIIRS,n,2,308.1,6.88,D,0
30.11038,75.95743,342.03,0.6,0.53,2023-11-13,725,N,VIIRS,n,2,300.36,4.41,D,0
16.37798,77.66667,334.27,0.41,0.37,2023-12-07,811,N,VIIRS,n,2,296.92,2.31,D,0
22.11222,72.63734,346.89,0.42,0.45,2023-05-06,846,N,VIIRS,n,2,307.75,10.04,D,0
23.79419,86.35047,310.16,0.39,0.37,2023-01-29,1951,N,VIIRS,n,2,286.33,2.66,N,2
22.92146,70.10527,318.61,0.4,0.37,2023-01-25,2107,N,VIIRS,n,2,281.98,1.34,N,0
18.69189,78.86326,335.22,0.47,0.4,2023-03-10,813,N,VIIRS,l,2,307.44,2.0,D,0
25.91677,91.65422,350.74,0.39,0.36,2023-04-04,706,N,VIIRS,n,2,292.67,9.74,D,0
20.82019,73.60827,341.59,0.47,0.39,2023-04-26,833,N,VIIRS,l,2,314.5,6.38,D,0
18.32239,75.4641,341.42,0.46,0.64,2023-12-20,727,N,VIIRS,n,2,297.62,3.92,D,0
15.26662,79.67361,336.15,0.39,0.59,2023-03-30,837,N,VIIRS,n,2,299.42,2.84,D,0
23.56529,82.312,334.42,0.45,0.63,2023-04-21,827,N,VIIRS,n,2,302.27,2.64,D,0
19.17413,83.27293,334.78,0.45,0.47,2023-03-13,716,N,VIIRS,l,2,306.12,10.71,D,0
25.86336,94.33641,348.8,0.4,0.37,2023-03-14,659,N,VIIRS,n,2,302.62,60.59,D,0
22.27297,85.86355,333.03,0.42,0.61,2023-03-04,646,N,VIIRS,l,2,304.85,2.67,D,0
22.59027,85.90495,309.21,0.55,0.43,2023-07-12,2016,N,VIIRS,n,2,291.52,2.07,N,2
23.51513,77.70729,335.98,0.41,0.6,2023-11-08,717,N,VIIRS,n,2,299.26,3.96,D,0
18.94266,79.01162,309.29,0.48,0.4,2023-03-05,2037,N,VIIRS,n,2,293.28,1.45,N,0
20.76648,81.71693,351.21,0.47,0.4,2023-06-04,801,N,VIIRS,n,2,308.86,16.91,D,0
22.16487,80.11773,309.29,0.49,0.4,2023-04-06,2037,N,VIIRS,n,2,294.69,2.44,N,0
21.5069,81.67254,348.12,0.39,0.59,2023-12-17,825,N,VIIRS,n,2,299.0,5.35,D,0
20.6773,73.76572,336.66,0.38,0.36,2023-05-02,820,N,VIIRS,n,2,299.17,7.48,D,0
21.4872,81.77102,310.53,0.42,0.37,2023-04-13,2005,N,VIIRS,n,2,298.29,2.02,N,2
25.71582,78.09483,335.34,0.38,0.36,2023-11-22,755,N,VIIRS,n,2,299.28,2.78,D,0
25.14921,85.37295,331.49,0.32,0.54,2023-05-12,653,N,VIIRS,l,2,303.46,1.68,D,0
25.9156,78.28517,332.57,0.4,0.37,2023-11-17,749,N,VIIRS,n,2,301.33,4.3,D,0
26.894,82.75835,335.9,0.4,0.37,2023-11-28,742,N,VIIRS,n,2,296.18,3.39,D,0
10.31295,77.37885,331.9,0.5,0.41,2023-04-13,2009,N,VIIRS,n,2,291.14,2.83,N,0
17.36464,74.32863,301.87,0.42,0.38,2023-02-12,2031,N,VIIRS,n,2,288.21,0.64,N,0
14.3638,77.75119,341.24,0.54,0.42,2023-02-16,824,N,VIIRS,n,2,315.27,35.82,D,0
25.6351,77.6951,367.0,0.38,0.59,2023-04-15,841,N,VIIRS,h,2,313.24,13.46,D,0
13.06388,75.53008,352.76,0.4,0.6,2023-02-25,855,N,VIIRS,n,2,305.72,7.88,D,0
21.58217,82.43331,335.69,0.41,0.37,2023-02-08,736,N,VIIRS,l,2,307.56,2.33,D,0
18.65852,77.94001,367.0,0.39,0.6,2023-11-13,722,N,VIIRS,h,2,300.5,4.49,D,0
16.15589,78.59991,343.2,0.4,0.44,2023-03-01,740,N,VIIRS,n,2,307.39,6.53,D,0
26.9346,82.87016,333.6,0.4,0.37,2023-11-12,742,N,VIIRS,n,2,300.46,2.92,D,0
22.65475,77.85394,333.12,0.38,0.36,2023-10-26,800,N,VIIRS,l,2,307.87,2.63,D,0
29.08891,78.03685,325.32,0.56,0.43,2023-12-23,814,N,VIIRS,n,2,294.64,1.47,D,0
27.69654,96.19109,330.82,0.6,0.53,2023-11-08,717,N,VIIRS,n,2,295.78,3.83,D,0
22.36576,87.01384,304.82,0.47,0.64,2023-03-15,1908,N,VIIRS,n,2,291.36,1.82,N,2
22.07691,83.68554,306.49,0.41,0.37,2023-03-07,1958,N,VIIRS,n,2,290.56,0.89,N,0
22.62655,86.92126,343.45,0.43,0.46,2023-03-06,748,N,VIIRS,n,2,305.58,5.14,D,0
29.90875,77.1728,338.02,0.49,0.65,2023-05-06,848,N,VIIRS,n,2,293.98,2.08,D,0
19.33968,82.76981,300.98,0.41,0.6,2023-02-27,2049,N,VIIRS,n,2,290.36,1.35,N,0
22.93358,75.53874,349.64,0.52,0.67,2023-04-14,859,N,VIIRS,n,2,292.23,6.37,D,0
23.90551,71.21927,350.68,0.39,0.37,2023-01-26,821,N,VIIRS,n,2,303.83,2.54,D,0
25.31809,83.6916,331.76,0.41,0.37,2023-12-14,742,N,VIIRS,n,2,291.03,4.5,D,0
25.1975,77.04627,347.0,0.44,0.46,2023-04-21,828,N,VIIRS,n,2,313.34,4.88,D,0
23.54701,86.54498,302.58,0.48,0.4,2023-11-28,2009,N,VIIRS,n,2,288.03,0.95,N,2
23.19757,82.98553,343.32,0.4,0.44,2023-05-16,717,N,VIIRS,l,2,315.55,8.84,D,0
30.37928,74.80028,332.55,0.38,0.43,2023-11-15,828,N,VIIRS,n,2,299.2,1.93,D,0
17.46881,82.24217,313.89,0.39,0.36,2023-03-01,2012,N,VIIRS,n,2,292.82,1.72,N,0
30.94001,75.02264,343.58,0.47,0.64,2023-11-03,853,N,VIIRS,n,2,292.31,13.56,D,0
27.77125,80.26662,327.57,0.39,0.36,2023-01-12,743,N,VIIRS,n,2,290.88,2.54,D,0
27.33411,84.44204,341.22,0.4,0.6,2023-04-05,648,N,VIIRS,n,2,301.74,6.12,D,0
22.41134,82.85428,331.13,0.41,0.37,2023-03-06,748,N,VIIRS,l,2,305.12,1.7,D,0
23.31327,80.92139,345.41,0.4,0.37,2023-06-05,742,N,VIIRS,l,2,314.23,15.29,D,0
24.97895,83.59657,330.57,0.52,0.5,2023-12-16,704,N,VIIRS,n,2,299.58,2.03,D,0
23.78975,86.37169,303.99,0.4,0.37,2023-06-22,1951,N,VIIRS,n,2,282.0,1.2,N,2
15.42497,78.7113,336.54,0.34,0.56,2023-02-26,837,N,VIIRS,l,2,307.59,5.12,D,0
9.88234,77.22806,300.49,0.56,0.69,2023-03-03,1937,N,VIIRS,n,2,288.72,1.11,N,0
19.10289,73.05176,300.79,0.32,0.55,2023-06-21,2011,N,VIIRS,n,2,269.16,0.54,N,2
25.96598,92.03349,337.65,0.41,0.37,2023-04-10,653,N,VIIRS,n,2,304.41,2.07,D,0
26.76031,83.19987,308.84,0.39,0.36,2023-03-22,2016,N,VIIRS,n,2,291.55,1.2,N,2
19.37829,80.9236,339.09,0.43,0.38,2023-05-19,800,N,VIIRS,n,2,301.78,11.82,D,0
13.94894,76.04137,306.6,0.75,0.77,2023-03-03,1935,N,VIIRS,n,2,291.09,2.38,N,0
14.56667,74.88921,312.56,0.54,0.51,2023-03-12,2007,N,VIIRS,n,2,290.47,1.29,N,0
29.55417,74.65732,337.9,0.6,0.53,2023-05-10,732,N,VIIRS,l,2,312.67,3.49,D,0
30.52934,75.6179,333.01,0.4,0.37,2023-11-06,756,N,VIIRS,n,2,301.81,6.87,D,0
22.92501,70.106,347.7,0.43,0.38,2023-10-09,819,N,VIIRS,n,2,311.61,10.05,D,0
27.41152,80.53336,331.04,0.56,0.43,2023-11-13,724,N,VIIRS,n,2,301.35,3.91,D,0
20.24693,77.33553,345.62,0.4,0.44,2023-04-05,826,N,VIIRS,l,2,315.71,13.44,D,0
26.97446,84.21404,340.02,0.38,0.36,2023-02-19,731,N,VIIRS,n,2,305.18,4.66,D,0
29.88735,74.74834,353.76,0.35,0.57,2023-05-06,848,N,VIIRS,n,2,302.83,4.3,D,0
25.04548,87.62502,312.62,0.32,0.54,2023-02-12,2028,N,VIIRS,n,2,288.36,1.33,N,0
29.02545,77.82305,344.46,0.34,0.56,2023-01-20,834,N,VIIRS,n,2,286.17,4.45,D,0
23.68165,86.39194,310.74,0.41,0.37,2023-11-23,2003,N,VIIRS,n,2,292.79,1.43,N,2
16.61066,74.00754,338.05,0.44,0.46,2023-04-20,844,N,VIIRS,n,2,303.92,2.41,D,0
30.10264,75.70667,347.46,0.4,0.37,2023-05-08,810,N,VIIRS,n,2,313.79,6.73,D,0
16.63075,73.94207,332.8,0.44,0.38,2023-03-25,832,N,VIIRS,n,2,300.77,2.42,D,0
18.01752,80.17171,336.54,0.45,0.39,2023-03-05,806,N,VIIRS,l,2,310.71,5.16,D,0
26.51253,94.49979,351.78,0.46,0.47,2023-03-13,718,N,VIIRS,n,2,309.58,18.35,D,0
25.28503,83.85672,332.17,0.48,0.4,2023-12-03,748,N,VIIRS,n,2,299.38,7.24,D,0
26.28625,93.77665,336.17,0.51,0.41,2023-04-09,712,N,VIIRS,n,2,299.52,4.02,D,0
31.75508,74.91853,350.57,0.52,0.5,2023-05-10,733,N,VIIRS,n,2,314.99,9.58,D,0
24.85841,77.05711,304.72,0.66,0.73,2023-04-25,1939,N,VIIRS,n,2,276.79,1.2,N,0
13.15819,77.54974,336.62,0.43,0.38,2023-02-27,817,N,VIIRS,n,2,308.63,1.27,D,0
14.30981,78.80295,345.07,0.41,0.45,2023-02-16,824,N,VIIRS,n,2,312.41,13.16,D,0
31.45038,77.74094,336.79,0.47,0.48,2023-01-26,822,N,VIIRS,n,2,294.95,6.67,D,0
22.80787,87.56181,354.82,0.38,0.44,2023-11-28,741,N,VIIRS,n,2,300.54,5.89,D,0
23.84004,85.30476,301.25,0.42,0.38,2023-11-29,1950,N,VIIRS,n,2,287.13,0.61,N,2
20.9445,86.65452,335.16,0.42,0.38,2023-01-07,735,N,VIIRS,n,2,300.64,4.4,D,0
15.25905,78.78907,340.66,0.51,0.49,2023-02-24,734,N,VIIRS,n,2,305.76,12.49,D,0
30.25245,75.53986,342.73,0.42,0.45,2023-11-07,737,N,VIIRS,n,2,299.11,9.5,D,0
14.91295,76.70074,354.31,0.35,0.57,2023-02-24,734,N,VIIRS,n,2,310.63,2.65,D,0
24.9256,93.52325,335.45,0.4,0.44,2023-03-10,633,N,VIIRS,n,2,281.31,9.71,D,0
22.08724,71.9588,352.16,0.42,0.37,2023-04-10,833,N,VIIRS,n,2,316.24,14.26,D,0
20.12619,73.84484,337.56,0.47,0.4,2023-06-13,832,N,VIIRS,n,2,304.66,11.36,D,0
20.34953,76.66956,342.41,0.46,0.47,2023-02-05,832,N,VIIRS,n,2,307.65,5.64,D,0
16.57863,76.52604,339.25,0.53,0.5,2023-05-20,741,N,VIIRS,l,2,309.81,4.7,D,0
23.7392,85.01405,309.1,0.47,0.4,2023-05-09,2017,N,VIIRS,n,2,296.22,1.67,N,2
23.02993,87.18578,295.8,0.33,0.55,2023-02-12,2029,N,VIIRS,n,2,285.02,0.3,N,0
22.30989,85.85207,312.64,0.54,0.42,2023-03-06,2017,N,VIIRS,n,2,291.84,3.05,N,0
26.27623,74.90617,336.22,0.38,0.36,2023-10-15,807,N,VIIRS,l,2,309.21,2.95,D,0
24.12319,91.92463,334.75,0.58,0.52,2023-04-13,737,N,VIIRS,n,2,303.61,4.04,D,0
21.85067,83.05602,333.79,0.39,0.36,2023-01-07,735,N,VIIRS,n,2,303.19,3.3,D,0
14.36412,78.70438,304.93,0.4,0.37,2023-02-07,2025,N,VIIRS,n,2,293.32,0.74,N,0
23.16371,93.08747,345.61,0.38,0.36,2023-03-14,658,N,VIIRS,n,2,309.83,55.7,D,0
14.819,78.83583,348.44,0.34,0.56,2023-02-26,837,N,VIIRS,n,2,308.52,9.71,D,0
23.82108,85.49476,301.02,0.39,0.36,2023-12-09,2003,N,VIIRS,n,2,287.17,0.61,N,2
25.02397,93.15723,319.72,0.42,0.45,2023-04-11,634,N,VIIRS,l,2,323.84,41.45,D,0
22.95928,77.66721,354.56,0.34,0.56,2023-04-19,724,N,VIIRS,n,2,296.28,4.91,D,0
17.60622,78.13503,331.47,0.32,0.55,2023-05-26,729,N,VIIRS,l,2,304.96,2.43,D,0
31.25422,75.50271,346.92,0.46,0.64,2023-06-28,713,N,VIIRS,n,2,288.83,7.92,D,0
19.23834,80.69408,311.16,0.39,0.36,2023-04-18,2012,N,VIIRS,n,2,298.7,1.45,N,0
21.38772,81.64618,298.32,0.39,0.59,2023-12-16,1932,N,VIIRS,n,2,272.16,0.59,N,2
18.42858,80.64824,341.41,0.39,0.59,2023-02-21,831,N,VIIRS,l,2,313.82,6.63,D,0
23.00755,78.76099,331.96,0.38,0.36,2023-11-06,754,N,VIIRS,n,2,304.42,1.81,D,0
28.76149,79.97752,335.39,0.42,0.38,2023-10-21,755,N,VIIRS,n,2,303.28,2.64,D,0
14.24894,77.1965,342.56,0.39,0.36,2023-02-17,805,N,VIIRS,n,2,309.92,6.85,D,0
14.06102,79.42706,338.01,0.47,0.4,2023-04-07,747,N,VIIRS,n,2,306.53,6.77,D,0
22.51279,86.33849,302.87,0.43,0.38,2023-02-25,1945,N,VIIRS,n,2,292.07,0.94,N,0
20.96145,85.16393,302.45,0.45,0.39,2023-01-28,2011,N,VIIRS,n,2,291.95,1.24,N,2
21.79411,83.98985,310.14,0.4,0.37,2023-05-10,1958,N,VIIRS,n,2,297.71,1.8,N,2
23.80012,87.04676,317.7,0.39,0.44,2023-05-06,1933,N,VIIRS,n,2,300.07,2.95,N,2
25.38995,91.61633,335.19,0.41,0.45,2023-03-31,640,N,VIIRS,n,2,290.19,4.08,D,0
23.56001,87.23668,323.03,0.52,0.41,2023-07-23,2010,N,VIIRS,n,2,290.97,3.14,N,2
21.10304,72.64591,350.14,0.45,0.63,2023-01-23,2005,N,VIIRS,n,2,290.33,4.01,N,2
19.05083,78.44858,339.62,0.73,0.76,2023-06-01,857,N,VIIRS,n,2,295.12,4.99,D,0
24.18936,82.8076,339.0,0.4,0.44,2023-06-17,717,N,VIIRS,n,2,300.13,2.8,D,0
18.67705,79.1803,330.22,0.49,0.49,2023-10-14,824,N,VIIRS,n,2,295.16,2.24,D,0
25.37655,94.20119,332.92,0.44,0.39,2023-01-30,705,N,VIIRS,n,2,301.12,2.98,D,0
21.55317,85.12994,302.32,0.33,0.55,2023-03-05,2036,N,VIIRS,n,2,290.84,0.74,N,0
13.60633,77.03251,337.06,0.48,0.4,2023-02-16,824,N,VIIRS,l,2,311.32,3.64,D,0
19.3268,80.57143,344.25,0.41,0.37,2023-06-04,800,N,VIIRS,n,2,306.47,3.17,D,0
21.51908,85.38137,349.15,0.48,0.4,2023-05-16,717,N,VIIRS,n,2,310.16,9.88,D,0
24.06254,92.88349,344.46,0.52,0.42,2023-03-13,717,N,VIIRS,n,2,312.9,36.05,D,0
11.89417,76.90714,306.21,0.78,0.78,2023-02-20,2123,N,VIIRS,n,2,288.75,2.0,N,0
23.76151,86.39123,305.12,0.39,0.36,2023-11-18,1956,N,VIIRS,n,2,293.82,1.95,N,2
30.85089,75.29604,334.86,0.4,0.37,2023-11-06,756,N,VIIRS,n,2,299.86,3.62,D,0
30.2779,76.60799,343.53,0.48,0.48,2023-10-30,828,N,VIIRS,n,2,302.33,7.31,D,0
25.5499,94.58662,295.18,0.4,0.37,2023-03-03,1931,N,VIIRS,n,2,284.88,0.86,N,0
22.97828,82.62817,335.59,0.4,0.37,2023-02-24,736,N,VIIRS,l,2,308.54,1.72,D,0
20.29514,83.56728,333.46,0.33,0.55,2023-04-20,705,N,VIIRS,n,2,301.67,2.81,D,0
13.1578,80.28509,304.46,0.46,0.47,2023-06-25,2038,N,VIIRS,n,2,281.72,1.07,N,2
20.35888,82.41583,331.9,0.39,0.36,2023-04-18,742,N,VIIRS,l,2,306.39,1.76,D,0
27.94798,95.24483,332.0,0.4,0.37,2023-09-07,640,N,VIIRS,l,2,302.06,3.0,D,0
25.28405,92.39586,300.72,0.51,0.49,2023-03-12,2003,N,VIIRS,n,2,286.41,0.78,N,0
23.39254,80.13223,334.64,0.39,0.36,2023-11-17,748,N,VIIRS,n,2,303.54,3.34,D,0
17.94197,80.65854,306.7,0.41,0.45,2023-03-02,1953,N,VIIRS,n,2,293.71,1.51,N,0
21.77394,77.88911,340.77,0.35,0.56,2023-04-03,724,N,VIIRS,n,2,307.72,2.33,D,0
22.5426,83.28146,347.29,0.39,0.36,2023-05-20,742,N,VIIRS,n,2,306.97,2.85,D,0
30.86033,78.05944,302.46,0.46,0.63,2023-11-24,2123,N,VIIRS,n,2,280.63,1.11,N,0
19.343,78.85971,331.73,0.38,0.59,2023-02-26,838,N,VIIRS,l,2,306.52,3.55,D,0
25.24429,92.36997,340.92,0.51,0.5,2023-04-08,731,N,VIIRS,n,2,297.92,23.57,D,0
23.55414,87.24019,317.71,0.44,0.38,2023-01-23,2004,N,VIIRS,n,2,290.47,1.97,N,2
22.00614,82.67114,310.16,0.46,0.39,2023-01-22,2023,N,VIIRS,n,2,291.25,1.49,N,2
20.97411,85.31461,339.35,0.39,0.36,2023-01-23,735,N,VIIRS,n,2,307.53,3.99,D,0
23.52763,79.14323,334.45,0.44,0.39,2023-10-27,742,N,VIIRS,n,2,307.1,2.32,D,0
22.13585,82.39914,330.66,0.45,0.47,2023-01-08,717,N,VIIRS,n,2,301.0,3.25,D,0
8.98139,77.36809,339.43,0.4,0.37,2023-09-23,816,N,VIIRS,n,2,301.27,3.16,D,0
25.70473,90.87328,336.08,0.44,0.38,2023-03-29,718,N,VIIRS,n,2,298.34,4.77,D,0
23.89692,74.35955,323.41,0.48,0.48,2023-05-09,2017,N,VIIRS,n,2,295.29,2.54,N,0
19.71948,84.47927,311.53,0.42,0.38,2023-03-02,1952,N,VIIRS,n,2,294.18,1.06,N,0
27.38409,72.23705,346.24,0.42,0.38,2023-12-02,808,N,VIIRS,n,2,301.6,3.62,D,0
21.91989,83.35044,339.66,0.39,0.36,2023-10-11,741,N,VIIRS,l,2,312.13,3.78,D,2
25.39655,77.31512,338.43,0.36,0.57,2023-05-17,840,N,VIIRS,n,2,306.7,7.96,D,0
17.85335,80.73552,339.26,0.44,0.62,2023-03-08,710,N,VIIRS,n,2,301.07,4.21,D,0
19.72809,82.82067,332.51,0.47,0.64,2023-06-02,658,N,VIIRS,l,2,304.18,1.54,D,0
16.34603,80.60869,337.96,0.54,0.42,2023-05-29,812,N,VIIRS,n,2,302.11,5.19,D,0
24.27882,92.41647,331.8,0.48,0.48,2023-04-11,634,N,VIIRS,n,2,300.51,25.14,D,0
20.15329,80.37154,333.27,0.52,0.5,2023-04-19,724,N,VIIRS,l,2,304.54,2.64,D,0
23.61312,86.79239,307.53,0.61,0.53,2023-10-10,2028,N,VIIRS,n,2,294.64,3.27,N,2
23.63225,86.2976,302.14,0.44,0.38,2023-10-23,1944,N,VIIRS,n,2,279.68,1.46,N,2
19.80697,81.02124,330.72,0.48,0.48,2023-04-19,723,N,VIIRS,l,2,304.38,3.92,D,0
23.8024,86.33122,336.38,0.39,0.36,2023-02-03,730,N,VIIRS,l,2,311.24,2.55,D,2
25.51449,93.77198,354.37,0.4,0.44,2023-03-13,718,N,VIIRS,n,2,299.23,6.85,D,0
30.34867,74.82399,344.82,0.48,0.4,2023-05-09,751,N,VIIRS,n,2,312.15,9.84,D,0
16.33513,77.19865,342.59,0.49,0.48,2023-03-01,741,N,VIIRS,n,2,312.64,5.61,D,0
21.99079,71.59608,331.41,0.34,0.56,2023-06-10,749,N,VIIRS,n,2,300.13,1.85,D,0
29.81483,75.96695,335.82,0.39,0.36,2023-11-22,756,N,VIIRS,n,2,299.75,1.49,D,0
23.80181,91.98174,337.71,0.52,0.5,2023-04-11,634,N,VIIRS,n,2,300.96,4.79,D,0
20.05812,82.4736,336.95,0.43,0.38,2023-02-23,754,N,VIIRS,l,2,310.14,3.9,D,0
15.17048,76.65228,338.81,0.48,0.4,2023-01-15,824,N,VIIRS,l,2,311.68,2.3,D,0
27.37509,84.03108,313.4,0.4,0.37,2023-04-13,2004,N,VIIRS,n,2,294.28,1.55,N,0
23.24858,80.19659,339.77,0.41,0.37,2023-04-02,743,N,VIIRS,l,2,313.67,3.96,D,0
31.28666,75.02649,328.81,0.43,0.46,2023-11-07,738,N,VIIRS,n,2,295.72,2.92,D,0
20.96206,85.16943,337.01,0.5,0.49,2023-04-20,705,N,VIIRS,l,2,308.91,6.68,D,2
23.96951,86.17574,347.27,0.39,0.36,2023-04-19,724,N,VIIRS,n,2,313.72,6.05,D,0
21.39874,74.93372,345.07,0.41,0.37,2023-12-28,819,N,VIIRS,n,2,305.52,9.84,D,0
21.76529,84.02393,303.11,0.56,0.69,2023-11-15,1913,N,VIIRS,n,2,289.43,1.51,N,2
20.77279,86.25173,333.57,0.38,0.36,2023-01-02,729,N,VIIRS,n,2,294.65,3.55,D,0
25.02725,85.13859,301.46,0.46,0.39,2023-03-06,2016,N,VIIRS,n,2,288.07,0.71,N,0
25.68164,93.52737,336.83,0.39,0.44,2023-04-11,634,N,VIIRS,n,2,305.7,2.77,D,0
13.94015,78.38516,341.67,0.4,0.37,2023-03-16,759,N,VIIRS,l,2,303.81,7.71,D,0
23.82808,91.88274,352.32,0.51,0.66,2023-04-12,615,N,VIIRS,n,2,301.56,8.69,D,0
23.62722,77.96909,330.61,0.45,0.63,2023-04-14,1946,N,VIIRS,n,2,290.72,3.3,N,0
23.76158,82.02045,313.58,0.42,0.38,2023-03-27,2023,N,VIIRS,n,2,289.98,1.85,N,0
15.11357,74.90501,350.5,0.41,0.37,2023-03-04,824,N,VIIRS,n,2,317.86,12.12,D,0
31.5574,74.63952,354.25,0.42,0.38,2023-05-13,817,N,VIIRS,n,2,321.47,25.96,D,0
27.80306,81.90822,353.87,0.42,0.38,2023-04-23,751,N,VIIRS,n,2,311.0,11.89,D,0
25.26539,84.06345,343.35,0.49,0.48,2023-12-13,800,N,VIIRS,n,2,298.91,9.24,D,0
16.46081,80.44499,334.23,0.45,0.39,2023-03-21,806,N,VIIRS,l,2,305.5,4.65,D,0
23.222,77.84176,300.56,0.54,0.5,2023-04-10,2101,N,VIIRS,n,2,285.62,1.1,N,0
23.68417,86.08952,304.46,0.43,0.46,2023-08-26,1932,N,VIIRS,n,2,288.6,1.12,N,2
22.74049,78.2565,343.63,0.43,0.38,2023-04-07,749,N,VIIRS,l,2,311.02,4.43,D,0
19.95924,79.09058,305.29,0.55,0.51,2023-03-02,1952,N,VIIRS,n,2,292.05,1.15,N,0
21.49568,84.29516,335.9,0.4,0.37,2023-03-07,729,N,VIIRS,l,2,306.51,9.65,D,0
23.78675,86.33541,330.04,0.39,0.36,2023-05-26,730,N,VIIRS,n,2,299.45,1.56,D,2
21.25422,82.49207,347.99,0.4,0.37,2023-02-02,748,N,VIIRS,n,2,312.02,4.33,D,0
22.53707,81.89368,339.17,0.38,0.44,2023-04-19,724,N,VIIRS,l,2,312.21,1.94,D,0
13.19145,79.67315,335.75,0.38,0.36,2023-11-11,758,N,VIIRS,n,2,298.5,4.4,D,0
21.94554,82.87232,340.18,0.41,0.37,2023-05-09,749,N,VIIRS,l,2,313.06,12.74,D,0
17.66373,82.10428,343.78,0.4,0.37,2023-03-11,754,N,VIIRS,n,2,306.41,5.52,D,0
21.46339,85.34708,335.63,0.39,0.36,2023-05-15,736,N,VIIRS,n,2,305.39,5.55,D,0
14.56707,78.994,349.89,0.49,0.4,2023-03-06,746,N,VIIRS,n,2,308.09,6.73,D,0
27.5527,96.29654,342.3,0.49,0.48,2023-04-09,712,N,VIIRS,n,2,297.56,6.77,D,0
19.2743,83.81805,346.06,0.63,0.54,2023-02-06,813,N,VIIRS,n,2,308.0,12.7,D,0
22.09018,79.33179,298.89,0.56,0.51,2023-04-19,1953,N,VIIRS,n,2,279.56,1.93,N,0
22.36528,87.02063,304.3,0.44,0.39,2023-11-23,2003,N,VIIRS,n,2,290.46,0.86,N,2
25.9733,83.18419,332.82,0.52,0.66,2023-06-08,647,N,VIIRS,l,2,306.98,3.28,D,0
25.94129,83.31556,345.91,0.32,0.55,2023-12-11,658,N,VIIRS,n,2,297.47,2.69,D,0
18.72727,74.51502,296.24,0.32,0.55,2023-02-15,2115,N,VIIRS,n,2,286.07,0.46,N,0
30.71381,75.14396,332.79,0.4,0.37,2023-11-06,756,N,VIIRS,n,2,299.76,9.51,D,0
18.93298,83.60345,304.98,0.35,0.57,2023-03-14,1928,N,VIIRS,n,2,290.88,1.82,N,0
21.42332,86.06574,301.3,0.51,0.41,2023-03-08,1939,N,VIIRS,n,2,290.73,0.98,N,0
18.49188,80.58379,347.59,0.39,0.44,2023-02-06,813,N,VIIRS,n,2,309.33,7.07,D,0
18.88055,74.31605,342.15,0.41,0.37,2023-06-08,825,N,VIIRS,n,2,309.17,6.51,D,0
29.99698,75.08883,342.58,0.45,0.47,2023-11-07,737,N,VIIRS,n,2,302.22,11.91,D,0
23.50186,83.77544,340.69,0.35,0.57,2023-04-11,815,N,VIIRS,n,2,309.73,2.4,D,0
24.10108,93.14028,345.09,0.69,0.74,2023-03-27,755,N,VIIRS,n,2,287.47,38.04,D,0
21.79398,81.25702,331.44,0.38,0.36,2023-11-17,747,N,VIIRS,n,2,302.68,2.12,D,0
28.93746,79.66911,329.78,0.47,0.4,2023-02-12,803,N,VIIRS,n,2,297.34,2.14,D,0
15.95681,78.81039,332.3,0.52,0.42,2023-03-31,819,N,VIIRS,l,2,304.8,7.19,D,0
30.849,75.34518,342.16,0.4,0.37,2023-05-14,758,N,VIIRS,l,2,315.44,5.96,D,0
22.92316,70.10533,315.05,0.55,0.51,2023-01-27,2030,N,VIIRS,n,2,285.1,2.16,N,0
20.52124,79.33961,346.69,0.39,0.36,2023-03-11,755,N,VIIRS,n,2,316.21,11.04,D,0
14.10201,77.84455,340.18,0.45,0.39,2023-02-27,818,N,VIIRS,n,2,310.01,6.82,D,0
25.85275,80.65653,332.58,0.42,0.37,2023-10-21,755,N,VIIRS,n,2,305.04,1.6,D,0
15.17704,76.65313,326.12,0.43,0.38,2023-01-17,2019,N,VIIRS,n,2,295.4,2.9,N,2
23.77921,86.38992,298.92,0.44,0.38,2023-06-17,1945,N,VIIRS,n,2,269.92,0.9,N,2
19.1482,83.52524,334.78,0.55,0.51,2023-03-08,710,N,VIIRS,n,2,302.01,4.2,D,0
18.26698,81.97606,340.93,0.37,0.58,2023-03-04,825,N,VIIRS,n,2,307.62,5.28,D,0
21.86528,87.6657,346.53,0.38,0.36,2023-12-31,722,N,VIIRS,n,2,299.54,5.25,D,0
13.07457,76.02055,302.21,0.39,0.36,2023-02-12,2032,N,VIIRS,n,2,288.26,0.41,N,0
14.20443,77.96483,306.33,0.56,0.69,2023-02-15,1935,N,VIIRS,n,2,293.58,1.19,N,0
23.76715,86.39773,309.71,0.46,0.47,2023-11-22,2022,N,VIIRS,n,2,295.4,2.47,N,2
24.47799,77.30139,303.31,0.39,0.36,2023-02-28,2029,N,VIIRS,n,2,289.94,0.56,N,0
30.74581,74.38922,335.34,0.34,0.56,2023-11-14,847,N,VIIRS,n,2,297.11,4.28,D,0
23.20268,75.66341,299.12,0.49,0.49,2023-04-18,2011,N,VIIRS,n,2,282.38,1.42,N,0
21.88068,83.05055,367.0,0.39,0.36,2023-01-07,735,N,VIIRS,h,2,308.09,15.06,D,0
15.08171,78.77367,332.38,0.53,0.67,2023-02-25,715,N,VIIRS,l,2,303.25,8.39,D,0
19.66786,74.72438,356.45,0.43,0.62,2023-03-29,858,N,VIIRS,n,2,309.16,6.29,D,0
23.5555,75.79359,354.54,0.34,0.56,2023-04-08,731,N,VIIRS,n,2,312.53,3.94,D,0
20.06193,80.05568,343.46,0.56,0.43,2023-04-11,814,N,VIIRS,n,2,311.45,7.34,D,0
24.53232,71.2522,357.34,0.43,0.38,2023-11-05,814,N,VIIRS,l,2,309.52,7.28,D,0
17.56396,80.99279,367.0,0.42,0.61,2023-04-09,710,N,VIIRS,h,2,303.66,11.17,D,0
27.00368,82.75768,307.42,0.47,0.4,2023-04-17,2029,N,VIIRS,n,2,292.64,1.41,N,0
30.9171,74.43774,340.13,0.49,0.4,2023-05-09,751,N,VIIRS,l,2,315.04,3.89,D,0
16.29836,80.05733,341.4,0.5,0.41,2023-05-29,812,N,VIIRS,n,2,304.73,8.17,D,0
22.11241,83.2583,339.69,0.42,0.38,2023-03-06,748,N,VIIRS,l,2,312.9,5.18,D,0
14.28521,78.91631,339.41,0.42,0.45,2023-02-16,824,N,VIIRS,n,2,305.57,3.84,D,0
18.81254,78.48621,332.67,0.36,0.57,2023-11-13,722,N,VIIRS,n,2,297.0,2.27,D,0
29.91041,74.95233,307.17,0.42,0.45,2023-09-27,2111,N,VIIRS,n,2,295.24,1.03,N,2
18.20243,73.81937,313.72,0.45,0.47,2023-03-06,2018,N,VIIRS,n,2,288.92,1.04,N,3
30.66635,74.97552,367.0,0.51,0.66,2023-05-11,714,N,VIIRS,h,2,318.89,12.48,D,0
18.31069,78.67125,341.31,0.45,0.39,2023-05-29,813,N,VIIRS,n,2,303.94,4.22,D,0
15.10002,78.17616,345.05,0.45,0.63,2023-04-19,722,N,VIIRS,n,2,314.89,9.75,D,0
22.33072,69.74932,305.31,0.44,0.46,2023-01-08,2126,N,VIIRS,n,2,294.27,1.74,N,2
22.01066,85.8341,335.62,0.36,0.57,2023-03-05,807,N,VIIRS,l,2,305.82,3.87,D,0
23.25428,79.81125,334.56,0.6,0.7,2023-11-25,658,N,VIIRS,n,2,299.9,6.48,D,0
21.07676,73.90311,353.88,0.32,0.55,2023-05-20,742,N,VIIRS,n,2,309.93,5.11,D,0
30.74435,74.70483,339.93,0.42,0.37,2023-05-13,816,N,VIIRS,l,2,313.04,4.91,D,0
22.31105,85.1818,338.54,0.47,0.4,2023-04-14,718,N,VIIRS,l,2,311.17,2.85,D,0
19.86344,82.48338,338.61,0.48,0.4,2023-02-19,729,N,VIIRS,n,2,307.58,5.49,D,0
18.27201,80.25835,304.59,0.4,0.37,2023-03-01,2012,N,VIIRS,n,2,293.92,0.93,N,0
17.46368,80.43565,346.0,0.45,0.39,2023-03-05,806,N,VIIRS,n,2,308.63,7.58,D,0
21.84051,70.03455,339.27,0.4,0.37,2023-03-30,840,N,VIIRS,l,2,310.77,3.51,D,0
18.63919,79.83466,330.47,0.48,0.4,2023-06-05,741,N,VIIRS,l,2,301.59,3.23,D,0
21.34674,82.11246,354.53,0.42,0.37,2023-03-12,736,N,VIIRS,n,2,315.15,8.46,D,0
18.62166,77.87852,334.54,0.41,0.45,2023-10-30,824,N,VIIRS,n,2,304.6,2.65,D,0
19.858,81.09697,343.13,0.48,0.48,2023-04-19,723,N,VIIRS,n,2,306.56,6.76,D,0
21.87163,84.04945,341.76,0.55,0.51,2023-02-17,807,N,VIIRS,n,2,300.66,7.62,D,0
13.38459,76.30164,299.54,0.44,0.62,2023-02-09,1948,N,VIIRS,n,2,288.83,0.31,N,0
21.34087,76.84179,332.7,0.38,0.59,2023-04-04,846,N,VIIRS,l,2,306.24,0.78,D,0
14.55139,79.13481,342.18,0.43,0.46,2023-03-04,824,N,VIIRS,n,2,302.87,7.09,D,0
30.85839,77.7463,308.85,0.47,0.4,2023-12-24,2020,N,VIIRS,n,2,281.01,1.42,N,0
25.73949,91.90593,331.12,0.42,0.38,2023-04-09,712,N,VIIRS,n,2,298.11,2.72,D,0
17.67998,76.96206,335.92,0.57,0.69,2023-02-09,856,N,VIIRS,n,2,301.35,2.94,D,0
17.52307,73.27283,344.7,0.41,0.61,2023-02-14,903,N,VIIRS,n,2,308.4,3.57,D,0
25.64059,79.61929,350.53,0.57,0.52,2023-06-17,718,N,VIIRS,n,2,302.75,19.74,D,0
21.35318,75.49469,347.31,0.4,0.44,2023-05-12,833,N,VIIRS,l,2,321.76,4.27,D,0
25.18389,92.34453,348.82,0.41,0.37,2023-04-10,653,N,VIIRS,n,2,310.16,27.45,D,0
21.09283,82.64012,332.13,0.46,0.39,2023-12-20,728,N,VIIRS,n,2,298.07,4.04,D,0
15.18535,76.65577,309.11,0.4,0.44,2023-04-16,2051,N,VIIRS,n,2,296.94,3.27,N,2
29.55187,79.9736,332.97,0.39,0.36,2023-05-20,744,N,VIIRS,l,2,304.0,3.78,D,0
16.18979,80.67339,342.81,0.4,0.37,2023-06-04,759,N,VIIRS,n,2,310.07,15.86,D,0
18.28391,81.66712,336.26,0.4,0.37,2023-03-11,754,N,VIIRS,l,2,310.16,1.95,D,0
23.68832,87.10035,305.23,0.41,0.45,2023-02-18,2016,N,VIIRS,n,2,290.82,1.9,N,2
17.7352,80.70083,342.94,0.4,0.37,2023-03-06,747,N,VIIRS,n,2,309.82,3.16,D,0
29.91964,80.2851,297.56,0.39,0.36,2023-01-27,2027,N,VIIRS,n,2,281.03,0.76,N,0
22.46503,73.76299,334.81,0.49,0.49,2023-03-06,749,N,VIIRS,n,2,306.45,1.78,D,0
20.96525,85.1725,334.95,0.49,0.4,2023-06-10,748,N,VIIRS,n,2,304.05,4.44,D,2
21.1841,83.28041,334.87,0.39,0.36,2023-03-01,742,N,VIIRS,l,2,309.45,8.88,D,0
21.49668,85.1089,306.42,0.33,0.55,2023-03-05,2036,N,VIIRS,n,2,292.77,1.5,N,0
23.22547,73.91566,342.93,0.42,0.45,2023-02-26,839,N,VIIRS,n,2,314.86,4.35,D,0
22.33024,82.57042,323.34,0.54,0.42,2023-03-02,1952,N,VIIRS,n,2,293.04,2.56,N,0
21.90168,82.24643,332.89,0.46,0.47,2023-01-24,717,N,VIIRS,l,2,305.42,6.06,D,0
21.50263,86.76633,350.71,0.42,0.38,2023-03-13,717,N,VIIRS,n,2,308.9,9.83,D,0
20.36729,84.32844,306.52,0.51,0.5,2023-04-20,1934,N,VIIRS,n,2,293.29,2.49,N,0
20.249,80.24979,305.67,0.38,0.36,2023-03-06,2018,N,VIIRS,n,2,293.42,1.51,N,0
27.41869,83.93817,312.48,0.33,0.55,2023-04-16,2047,N,VIIRS,n,2,296.02,1.24,N,0
23.92071,92.18091,353.39,0.39,0.36,2023-04-15,659,N,VIIRS,n,2,293.74,12.52,D,0
22.0184,72.91604,332.0,0.36,0.57,2023-06-21,742,N,VIIRS,n,2,293.59,2.05,D,0
31.69082,77.09176,337.16,0.4,0.37,2023-12-13,802,N,VIIRS,n,2,302.52,6.44,D,0
17.07566,76.11775,353.36,0.35,0.57,2023-03-12,735,N,VIIRS,n,2,308.08,4.27,D,0
24.27409,84.86575,334.65,0.52,0.41,2023-04-07,750,N,VIIRS,l,2,309.22,3.61,D,0
20.96057,85.02752,301.51,0.48,0.64,2023-02-16,1914,N,VIIRS,n,2,289.19,0.96,N,0
25.81862,92.61389,330.4,0.45,0.39,2023-04-09,712,N,VIIRS,n,2,299.39,2.09,D,0
23.90427,71.22168,339.07,0.4,0.37,2023-02-11,821,N,VIIRS,n,2,307.82,3.04,D,0
31.59562,76.38853,344.21,0.45,0.63,2023-05-22,848,N,VIIRS,n,2,305.51,5.63,D,0
22.00595,82.66863,304.3,0.56,0.69,2023-03-25,2101,N,VIIRS,n,2,289.64,1.7,N,2
24.95301,77.09488,313.32,0.44,0.38,2023-10-21,2022,N,VIIRS,n,2,289.78,1.43,N,0
31.59414,74.87021,339.63,0.4,0.37,2023-11-06,757,N,VIIRS,n,2,298.81,5.11,D,0
22.79544,86.20837,308.39,0.39,0.36,2023-09-26,1951,N,VIIRS,n,2,290.98,2.4,N,2
20.29442,74.80628,295.75,0.41,0.61,2023-01-02,1958,N,VIIRS,n,2,285.44,0.22,N,0
17.84154,73.80125,302.65,0.38,0.59,2023-02-20,2121,N,VIIRS,n,2,291.13,1.87,N,0
29.51121,78.03541,343.67,0.47,0.4,2023-05-08,810,N,VIIRS,n,2,302.53,7.74,D,0
13.50991,76.89823,355.65,0.41,0.37,2023-04-16,818,N,VIIRS,n,2,316.17,107.73,D,0
16.0894,80.53617,334.5,0.57,0.69,2023-06-07,843,N,VIIRS,n,2,290.2,4.62,D,0
24.45527,84.47126,310.16,0.52,0.41,2023-03-11,2023,N,VIIRS,n,2,288.89,1.7,N,0
22.40731,92.70947,336.95,0.49,0.4,2023-03-13,717,N,VIIRS,n,2,305.41,4.4,D,0
19.14492,75.81975,340.23,0.53,0.5,2023-12-14,740,N,VIIRS,n,2,300.72,7.88,D,0
21.40854,84.31813,317.33,0.41,0.37,2023-04-18,2011,N,VIIRS,n,2,299.71,1.59,N,0
23.78682,79.96935,333.16,0.39,0.36,2023-11-01,748,N,VIIRS,n,2,303.35,2.48,D,0
24.11601,78.47939,305.63,0.33,0.56,2023-04-19,1952,N,VIIRS,n,2,262.24,1.35,N,0
23.33404,79.87787,338.63,0.39,0.36,2023-11-06,754,N,VIIRS,n,2,303.54,4.45,D,0
25.98199,94.73895,327.44,0.74,0.76,2023-03-07,550,N,VIIRS,n,2,288.4,17.61,D,0
18.65854,78.4314,338.88,0.4,0.37,2023-05-24,807,N,VIIRS,l,2,310.3,2.4,D,0
25.90641,94.45435,334.77,0.38,0.36,2023-03-09,652,N,VIIRS,l,2,304.85,3.07,D,0
23.74486,86.42318,306.63,0.42,0.61,2023-03-20,1914,N,VIIRS,n,2,287.25,1.43,N,2
30.39428,75.97219,355.75,0.39,0.44,2023-11-07,737,N,VIIRS,n,2,299.14,10.01,D,0
26.87822,73.51367,305.21,0.39,0.44,2023-10-13,2111,N,VIIRS,n,2,294.01,1.35,N,2
25.55483,83.43237,335.27,0.4,0.37,2023-11-18,729,N,VIIRS,n,2,301.15,2.32,D,0
19.06618,78.92766,335.54,0.38,0.59,2023-06-02,838,N,VIIRS,l,2,307.97,3.82,D,0
27.25364,84.38186,331.58,0.43,0.46,2023-02-07,756,N,VIIRS,n,2,299.07,2.45,D,0
20.46436,79.87798,333.23,0.35,0.56,2023-03-29,717,N,VIIRS,n,2,300.85,1.81,D,0
23.74354,91.51359,330.81,0.43,0.62,2023-03-06,749,N,VIIRS,n,2,298.31,3.11,D,0
30.51699,75.61401,336.24,0.51,0.41,2023-11-12,744,N,VIIRS,n,2,300.41,4.69,D,0
21.01304,81.59995,337.79,0.39,0.36,2023-12-19,747,N,VIIRS,n,2,293.0,4.04,D,0
23.74168,85.65073,333.18,0.44,0.38,2023-03-29,718,N,VIIRS,l,2,306.19,2.66,D,0
22.34129,69.85589,307.13,0.38,0.36,2023-12-06,2100,N,VIIRS,n,2,294.52,1.25,N,2
23.55567,81.62237,330.93,0.44,0.38,2023-03-12,2004,N,VIIRS,n,2,295.02,2.68,N,0
24.11964,85.70896,347.94,0.41,0.37,2023-04-13,737,N,VIIRS,n,2,315.05,5.04,D,0
21.9063,82.98811,338.43,0.37,0.58,2023-02-27,820,N,VIIRS,n,2,307.23,3.62,D,0
23.56763,80.90947,330.21,0.52,0.5,2023-03-29,718,N,VIIRS,l,2,303.88,1.99,D,0
27.28589,83.28331,333.8,0.7,0.75,2023-04-10,835,N,VIIRS,n,2,305.29,12.6,D,0
20.91323,81.26677,335.49,0.44,0.46,2023-12-31,722,N,VIIRS,n,2,298.9,2.89,D,0
23.06856,92.93187,367.0,0.41,0.37,2023-03-09,652,N,VIIRS,h,2,312.74,59.99,D,0
22.02184,76.36507,354.89,0.43,0.46,2023-04-18,743,N,VIIRS,n,2,315.1,15.65,D,0
25.91226,78.74153,335.49,0.39,0.36,2023-11-22,755,N,VIIRS,n,2,300.82,2.17,D,0
19.73549,73.0031,346.67,0.43,0.38,2023-02-05,832,N,VIIRS,n,2,315.93,15.52,D,0
21.26511,82.49273,335.83,0.56,0.43,2023-02-14,723,N,VIIRS,l,2,309.25,9.47,D,0
24.89706,77.15154,344.3,0.55,0.51,2023-10-19,832,N,VIIRS,n,2,304.62,8.34,D,0
27.53077,82.67384,344.0,0.43,0.46,2023-04-17,803,N,VIIRS,n,2,313.85,4.45,D,0
22.03478,83.31292,336.26,0.42,0.38,2023-03-07,730,N,VIIRS,l,2,309.62,6.32,D,0
23.80088,86.32778,304.38,0.42,0.46,2023-01-14,1932,N,VIIRS,n,2,291.26,1.7,N,2
21.4257,81.05093,339.65,0.35,0.57,2023-12-21,709,N,VIIRS,n,2,297.94,1.92,D,0
31.23556,74.79707,330.13,0.46,0.39,2023-11-01,750,N,VIIRS,n,2,299.23,2.0,D,0
24.38765,77.34834,337.09,0.52,0.67,2023-04-25,712,N,VIIRS,l,2,308.04,3.09,D,0
12.74455,78.51814,336.14,0.47,0.48,2023-02-21,830,N,VIIRS,l,2,308.18,3.83,D,0
24.23504,78.81658,341.48,0.53,0.42,2023-04-13,737,N,VIIRS,l,2,316.23,10.51,D,0
17.49881,80.72308,308.16,0.39,0.36,2023-03-01,2012,N,VIIRS,n,2,294.21,1.28,N,0
21.70056,84.03599,335.64,0.4,0.37,2023-03-01,742,N,VIIRS,l,2,306.81,4.18,D,0
30.70608,75.31039,334.72,0.53,0.42,2023-10-27,744,N,VIIRS,n,2,301.51,7.43,D,0
31.27078,74.66357,343.73,0.42,0.61,2023-05-16,720,N,VIIRS,n,2,303.29,2.88,D,0
21.0782,85.03867,322.96,0.57,0.43,2023-03-08,1940,N,VIIRS,n,2,295.58,3.49,N,2
27.28705,82.6551,329.46,0.38,0.36,2023-11-23,736,N,VIIRS,l,2,301.7,1.51,D,0
26.28133,81.66907,333.43,0.46,0.39,2023-11-22,755,N,VIIRS,n,2,298.44,2.6,D,0
21.93472,83.60905,333.2,0.33,0.55,2023-03-10,814,N,VIIRS,n,2,300.29,1.98,D,0
27.05647,95.36964,355.45,0.33,0.56,2023-02-02,609,N,VIIRS,n,2,293.8,7.81,D,0
21.65857,84.95464,314.54,0.39,0.36,2023-03-12,2005,N,VIIRS,n,2,294.67,1.2,N,0
20.97134,85.01263,305.22,0.47,0.64,2023-12-01,1913,N,VIIRS,n,2,285.4,3.91,N,0
21.26966,79.27265,337.59,0.37,0.58,2023-04-14,718,N,VIIRS,n,2,300.89,5.81,D,0
16.25626,80.75443,341.19,0.47,0.64,2023-05-27,709,N,VIIRS,n,2,301.41,8.02,D,0
22.32654,83.59722,350.35,0.41,0.61,2023-02-27,820,N,VIIRS,n,2,306.53,5.16,D,0
19.19023,79.18652,349.8,0.39,0.36,2023-02-23,754,N,VIIRS,n,2,307.62,5.21,D,0
9.4398,76.76786,333.16,0.42,0.38,2023-03-04,823,N,VIIRS,n,2,303.26,2.79,D,0
23.78242,86.39514,318.82,0.45,0.63,2023-11-21,2040,N,VIIRS,n,2,293.58,2.25,N,2
31.08777,74.83023,339.37,0.48,0.48,2023-10-19,834,N,VIIRS,n,2,298.02,4.27,D,0
16.29976,73.80195,347.97,0.43,0.38,2023-02-21,831,N,VIIRS,n,2,314.67,5.52,D,0
16.65639,73.62628,336.66,0.39,0.36,2023-04-21,826,N,VIIRS,l,2,309.36,2.57,D,0
13.52439,75.85814,309.99,0.4,0.37,2023-02-23,2026,N,VIIRS,n,2,290.94,1.04,N,0
17.69424,83.24157,305.03,0.53,0.42,2023-11-08,1946,N,VIIRS,n,2,287.28,1.31,N,2
22.64245,77.8792,305.35,0.7,0.75,2023-04-04,1934,N,VIIRS,n,2,285.83,2.67,N,0
32.32991,76.59364,331.15,0.52,0.41,2023-11-21,815,N,VIIRS,n,2,292.4,10.61,D,0
25.28456,84.10989,335.54,0.39,0.36,2023-12-04,729,N,VIIRS,n,2,299.13,2.69,D,0
27.96154,80.0389,310.25,0.48,0.4,2023-10-27,2008,N,VIIRS,n,2,289.1,1.46,N,0
22.36919,85.12263,299.76,0.48,0.4,2023-03-13,1946,N,VIIRS,n,2,284.82,0.69,N,0
24.48613,84.83929,355.36,0.41,0.37,2023-02-14,724,N,VIIRS,n,2,304.98,8.87,D,0
25.68935,93.71685,338.46,0.39,0.36,2023-04-10,653,N,VIIRS,n,2,304.38,3.99,D,0
24.3044,79.58434,367.0,0.4,0.44,2023-05-10,731,N,VIIRS,l,2,325.72,5.07,D,0
9.43681,77.93944,333.72,0.46,0.64,2023-07-29,726,N,VIIRS,n,2,299.36,7.88,D,0
30.11339,75.17719,330.42,0.38,0.59,2023-11-14,846,N,VIIRS,n,2,297.91,2.05,D,0
28.17141,95.56358,331.6,0.41,0.37,2023-01-20,653,N,VIIRS,n,2,298.01,25.34,D,0
18.56146,80.48968,342.8,0.47,0.48,2023-02-27,819,N,VIIRS,n,2,308.39,4.15,D,0
19.26975,73.52881,335.0,0.71,0.75,2023-05-31,916,N,VIIRS,n,2,302.28,7.78,D,0
22.16028,78.87357,331.0,0.37,0.58,2023-03-13,717,N,VIIRS,l,2,304.5,3.13,D,0
22.36614,87.30237,306.96,0.34,0.56,2023-02-28,2029,N,VIIRS,n,2,293.4,1.49,N,2
25.90844,78.77044,338.74,0.43,0.38,2023-11-12,742,N,VIIRS,n,2,302.31,4.16,D,0
27.34742,83.48811,342.3,0.39,0.44,2023-04-12,757,N,VIIRS,l,2,315.83,4.5,D,0
30.19805,74.58836,345.31,0.67,0.74,2023-11-13,905,N,VIIRS,n,2,297.38,9.24,D,0
27.29052,93.95099,333.04,0.43,0.46,2023-04-14,719,N,VIIRS,n,2,297.28,3.48,D,0
17.58463,80.31294,311.09,0.44,0.38,2023-05-15,2006,N,VIIRS,n,2,298.84,0.77,N,0
24.50243,85.82796,338.77,0.61,0.53,2023-04-17,802,N,VIIRS,l,2,311.15,5.29,D,0
24.25361,93.8643,337.52,0.39,0.36,2023-05-28,652,N,VIIRS,l,2,305.66,3.82,D,0
14.55695,75.88217,338.93,0.43,0.46,2023-04-15,838,N,VIIRS,n,2,309.02,5.51,D,0
23.30882,83.37311,341.62,0.42,0.45,2023-04-17,802,N,VIIRS,n,2,310.13,4.05,D,0
23.77526,77.85414,319.61,0.52,0.41,2023-04-16,2049,N,VIIRS,n,2,291.88,2.11,N,0
21.32557,83.94759,340.07,0.46,0.64,2023-02-05,652,N,VIIRS,n,2,303.44,4.53,D,0
31.39387,77.50993,295.78,0.39,0.44,2023-02-18,2015,N,VIIRS,n,2,271.26,1.0,N,0
17.67937,82.12022,302.82,0.5,0.49,2023-03-05,2037,N,VIIRS,n,2,292.22,1.27,N,0
23.01114,91.61669,310.92,0.48,0.4,2023-04-10,1921,N,VIIRS,n,2,294.27,0.84,N,0
13.5483,79.69177,335.16,0.39,0.59,2023-03-02,721,N,VIIRS,l,2,307.71,3.9,D,0
19.69011,80.06802,305.29,0.44,0.39,2023-04-01,2031,N,VIIRS,n,2,294.7,1.25,N,0
21.07084,85.03684,304.2,0.43,0.46,2023-11-22,2022,N,VIIRS,n,2,292.98,1.4,N,2
22.14291,82.52662,344.18,0.44,0.46,2023-01-08,717,N,VIIRS,n,2,301.37,9.66,D,0
21.93517,86.83278,335.32,0.39,0.36,2023-01-29,723,N,VIIRS,n,2,303.67,3.89,D,0
26.96705,78.85441,337.74,0.48,0.4,2023-10-22,736,N,VIIRS,n,2,304.41,3.75,D,0
10.54591,76.35921,339.02,0.39,0.36,2023-03-15,817,N,VIIRS,n,2,305.03,3.5,D,0
22.13786,78.5528,349.23,0.49,0.65,2023-03-24,711,N,VIIRS,n,2,300.91,7.35,D,0
26.31386,78.17597,335.04,0.33,0.55,2023-11-08,717,N,VIIRS,n,2,298.86,3.88,D,0
24.66793,86.41547,330.99,0.35,0.57,2023-03-04,646,N,VIIRS,l,2,303.26,2.19,D,0
20.8814,82.6299,343.76,0.55,0.51,2023-02-22,813,N,VIIRS,n,2,310.45,5.35,D,0
21.50813,82.08134,341.67,0.42,0.37,2023-03-28,736,N,VIIRS,n,2,312.89,3.45,D,0
25.20205,76.68751,343.39,0.35,0.57,2023-05-05,725,N,VIIRS,n,2,312.55,3.7,D,0
11.08786,79.4883,335.88,0.39,0.36,2023-04-17,759,N,VIIRS,l,2,307.66,2.29,D,0
16.15127,75.79333,302.71,0.4,0.6,2023-02-14,1954,N,VIIRS,n,2,285.71,0.85,N,0
30.39887,75.79341,347.13,0.43,0.38,2023-11-17,750,N,VIIRS,n,2,308.67,7.25,D,0
27.66664,76.13071,307.62,0.4,0.37,2023-12-28,2046,N,VIIRS,n,2,283.53,0.86,N,2
24.07714,86.27644,342.56,0.41,0.37,2023-04-14,718,N,VIIRS,l,2,314.43,3.53,D,0
23.47527,79.691,344.61,0.5,0.49,2023-04-03,724,N,VIIRS,n,2,311.32,6.25,D,0
10.86474,76.59401,336.98,0.42,0.38,2023-03-05,804,N,VIIRS,l,2,303.68,4.75,D,0
22.52226,85.28901,303.45,0.41,0.37,2023-03-02,1952,N,VIIRS,n,2,292.89,1.81,N,0
23.24464,83.51801,338.47,0.39,0.36,2023-05-04,743,N,VIIRS,n,2,308.18,5.82,D,0
23.43921,81.20584,345.39,0.48,0.48,2023-04-11,815,N,VIIRS,n,2,314.41,83.16,D,0
22.32109,82.56722,301.8,0.4,0.37,2023-10-22,2003,N,VIIRS,n,2,283.6,0.55,N,0
25.34528,94.17898,339.85,0.53,0.5,2023-02-14,724,N,VIIRS,n,2,295.2,6.39,D,0
29.94497,80.31473,333.1,0.51,0.49,2023-05-13,816,N,VIIRS,n,2,300.57,4.44,D,0
24.82086,93.77792,327.26,0.39,0.36,2023-02-21,652,N,VIIRS,n,2,297.96,2.21,D,0
18.12165,79.94601,307.4,0.46,0.39,2023-02-24,2006,N,VIIRS,n,2,294.79,1.35,N,0
30.23431,75.37466,347.79,0.4,0.6,2023-11-08,719,N,VIIRS,n,2,295.71,5.0,D,0
19.48427,83.23892,343.08,0.46,0.39,2023-06-11,729,N,VIIRS,n,2,304.79,9.68,D,0
24.78611,94.02831,347.96,0.39,0.36,2023-04-10,653,N,VIIRS,n,2,304.88,7.8,D,0
26.26,74.09693,301.43,0.34,0.56,2023-12-26,2124,N,VIIRS,n,2,288.76,0.37,N,0
26.61536,93.44406,336.15,0.49,0.4,2023-03-08,712,N,VIIRS,n,2,291.05,4.04,D,0
19.31647,81.40506,338.68,0.45,0.39,2023-04-17,801,N,VIIRS,n,2,308.21,4.67,D,0
22.05809,83.72243,300.76,0.43,0.46,2023-12-29,2028,N,VIIRS,n,2,286.17,1.42,N,2
16.53296,73.56733,338.09,0.43,0.38,2023-04-10,832,N,VIIRS,n,2,305.48,19.5,D,0
17.34021,76.98559,341.01,0.52,0.42,2023-03-04,825,N,VIIRS,l,2,315.17,4.86,D,0
21.84552,78.78802,336.33,0.5,0.41,2023-04-27,814,N,VIIRS,l,2,310.65,3.61,D,0
20.78302,85.26804,311.33,0.45,0.47,2023-10-29,1932,N,VIIRS,n,2,291.55,0.96,N,2
19.52776,80.78794,318.66,0.41,0.37,2023-05-14,2024,N,VIIRS,n,2,299.85,3.86,N,0
26.46732,78.25748,310.43,0.39,0.36,2023-05-08,2035,N,VIIRS,n,2,292.52,0.8,N,0
29.98857,78.8144,307.92,0.39,0.44,2023-04-18,2009,N,VIIRS,n,2,288.38,0.63,N,0
21.94515,78.48814,335.97,0.42,0.37,2023-06-09,807,N,VIIRS,l,2,306.81,2.86,D,0
21.97413,86.83867,346.61,0.38,0.44,2023-03-03,704,N,VIIRS,n,2,315.13,4.37,D,0
19.85968,84.19812,331.39,0.41,0.37,2023-03-07,729,N,VIIRS,n,2,295.95,3.39,D,0
27.43818,82.90368,330.47,0.63,0.54,2023-11-25,659,N,VIIRS,n,2,296.2,6.18,D,0
26.41746,82.669,342.89,0.39,0.36,2023-04-02,744,N,VIIRS,n,2,300.87,10.31,D,0
20.83441,70.6942,301.9,0.53,0.5,2023-02-09,2127,N,VIIRS,n,2,290.88,2.08,N,2
22.87698,77.31885,337.16,0.38,0.36,2023-02-28,801,N,VIIRS,l,2,308.99,4.2,D,0
22.32106,92.74091,346.16,0.42,0.38,2023-02-20,710,N,VIIRS,n,2,306.97,34.86,D,0
19.32977,83.1836,340.22,0.55,0.42,2023-04-01,801,N,VIIRS,n,2,302.61,9.79,D,0
21.68011,84.04105,311.0,0.46,0.39,2023-05-09,2017,N,VIIRS,n,2,295.27,1.5,N,2
14.85271,74.21001,348.54,0.56,0.69,2023-03-23,909,N,VIIRS,n,2,294.01,8.72,D,0
25.98162,93.56605,334.56,0.42,0.38,2023-03-03,705,N,VIIRS,n,2,300.0,2.88,D,0
26.02448,92.29789,314.51,0.47,0.64,2023-04-12,2022,N,VIIRS,n,2,291.77,2.0,N,0
20.96305,85.17525,315.32,0.54,0.68,2023-02-11,2048,N,VIIRS,n,2,294.25,5.34,N,2
22.67776,78.07214,324.06,0.41,0.37,2023-04-06,2037,N,VIIRS,n,2,286.67,1.69,N,0
19.849,83.66409,333.01,0.33,0.55,2023-04-20,704,N,VIIRS,n,2,306.59,52.72,D,0
11.10584,77.75971,306.71,0.32,0.55,2023-12-26,1947,N,VIIRS,n,2,287.33,0.67,N,0
24.25037,94.27429,322.42,0.43,0.62,2023-03-11,1842,N,VIIRS,n,2,291.3,2.51,N,0
26.60484,73.68215,297.47,0.46,0.47,2023-02-07,2022,N,VIIRS,n,2,286.06,0.81,N,0
23.00356,78.11697,338.58,0.48,0.4,2023-11-21,813,N,VIIRS,n,2,299.51,4.95,D,0
23.82485,85.49934,327.15,0.38,0.36,2023-01-02,729,N,VIIRS,n,2,300.23,3.68,D,2
25.53805,90.96455,367.0,0.52,0.67,2023-03-11,756,N,VIIRS,h,2,300.68,19.71,D,0
21.94225,84.94518,347.45,0.42,0.38,2023-02-14,723,N,VIIRS,n,2,309.5,5.12,D,0
20.9448,85.00906,298.57,0.52,0.42,2023-02-02,2017,N,VIIRS,n,2,288.28,1.6,N,2
20.79231,81.16087,340.5,0.4,0.37,2023-05-30,754,N,VIIRS,l,2,311.6,11.0,D,0
24.23329,92.43518,338.02,0.48,0.48,2023-04-11,634,N,VIIRS,n,2,301.15,6.23,D,0
11.14122,77.38815,338.71,0.57,0.43,2023-02-21,829,N,VIIRS,l,2,312.27,4.28,D,0
19.2051,76.44534,333.18,0.44,0.38,2023-01-10,819,N,VIIRS,l,2,306.97,5.47,D,0
21.85041,86.82838,314.51,0.47,0.4,2023-03-08,1939,N,VIIRS,n,2,292.02,1.86,N,0
29.93428,78.77586,300.54,0.39,0.36,2023-04-17,2028,N,VIIRS,n,2,288.92,0.38,N,0
25.31227,76.00832,351.06,0.47,0.48,2023-05-12,834,N,VIIRS,n,2,324.1,4.26,D,0
22.05639,83.65299,335.55,0.59,0.53,2023-01-14,704,N,VIIRS,n,2,298.86,14.04,D,0
21.92006,83.34995,344.35,0.42,0.38,2023-02-19,1958,N,VIIRS,n,2,301.44,4.56,N,2
15.20744,77.75829,338.96,0.46,0.39,2023-02-17,2038,N,VIIRS,n,2,295.91,2.47,N,0
17.59263,81.8685,315.71,0.39,0.36,2023-03-12,2006,N,VIIRS,n,2,294.6,1.84,N,0
18.81507,80.27126,352.14,0.54,0.42,2023-04-13,736,N,VIIRS,n,2,306.8,6.65,D,0
24.3791,78.52095,341.5,0.4,0.37,2023-04-01,802,N,VIIRS,n,2,311.29,6.43,D,0
22.95549,83.66904,346.73,0.44,0.39,2023-02-02,748,N,VIIRS,n,2,307.51,6.29,D,0
23.14691,76.55328,347.07,0.39,0.6,2023-04-19,725,N,VIIRS,n,2,310.8,14.8,D,0
24.45956,87.46804,334.96,0.4,0.44,2023-02-26,658,N,VIIRS,n,2,304.03,2.61,D,0
23.79022,87.39856,337.32,0.39,0.36,2023-02-25,717,N,VIIRS,n,2,310.24,4.15,D,0
19.61121,84.07262,337.18,0.39,0.36,2023-04-13,736,N,VIIRS,n,2,304.36,3.32,D,0
30.63371,75.29769,345.43,0.41,0.45,2023-11-15,828,N,VIIRS,n,2,306.3,13.42,D,0
17.18744,74.02382,367.0,0.36,0.57,2023-02-25,856,N,VIIRS,h,2,312.56,18.8,D,0
23.63407,84.05371,313.29,0.47,0.4,2023-04-19,1952,N,VIIRS,n,2,299.42,2.19,N,0
25.20704,88.54043,335.8,0.39,0.36,2023-04-14,718,N,VIIRS,l,2,307.28,1.35,D,0
22.36461,87.30212,310.56,0.34,0.56,2023-02-28,2029,N,VIIRS,n,2,293.61,1.06,N,2
21.83179,76.5215,347.12,0.44,0.38,2023-11-06,754,N,VIIRS,n,2,307.56,2.72,D,0
31.12444,77.50842,299.89,0.59,0.53,2023-12-09,2001,N,VIIRS,n,2,274.59,2.22,N,0
21.10771,72.64194,327.96,0.72,0.76,2023-12-15,1951,N,VIIRS,n,2,292.29,6.11,N,2
21.02409,73.78145,341.73,0.41,0.37,2023-05-23,826,N,VIIRS,l,2,313.01,3.34,D,0
18.32746,83.68621,335.93,0.41,0.37,2023-04-07,748,N,VIIRS,l,2,310.62,1.62,D,0
19.35907,73.55505,341.43,0.41,0.37,2023-05-13,813,N,VIIRS,l,2,313.76,5.16,D,0
13.29353,77.36417,333.08,0.33,0.55,2023-03-03,843,N,VIIRS,l,2,306.66,1.77,D,0
17.75687,73.84476,341.12,0.44,0.46,2023-02-15,844,N,VIIRS,l,2,314.58,5.45,D,0
30.87853,74.84391,344.66,0.45,0.63,2023-05-11,854,N,VIIRS,l,2,319.13,18.9,D,0
21.76939,82.75076,331.13,0.4,0.37,2023-01-07,735,N,VIIRS,n,2,302.55,6.52,D,0
25.94511,92.17921,357.06,0.39,0.36,2023-03-14,659,N,VIIRS,n,2,306.96,6.17,D,0
17.21787,78.85506,338.78,0.56,0.43,2023-06-21,741,N,VIIRS,n,2,299.65,8.16,D,0
15.89948,80.20384,332.15,0.41,0.61,2023-05-16,716,N,VIIRS,l,2,305.71,0.93,D,0
19.95039,84.48514,340.38,0.38,0.36,2023-02-24,735,N,VIIRS,n,2,312.81,2.01,D,0
25.27519,93.9174,348.33,0.39,0.36,2023-03-09,652,N,VIIRS,n,2,306.27,6.12,D,0
15.18027,76.6729,338.92,0.44,0.39,2023-02-28,759,N,VIIRS,l,2,313.43,3.4,D,0
30.52508,74.89503,334.35,0.47,0.39,2023-11-17,750,N,VIIRS,n,2,302.61,8.85,D,0
14.68514,75.24819,344.88,0.55,0.51,2023-04-23,747,N,VIIRS,n,2,317.46,7.21,D,0
13.11775,75.27956,343.74,0.46,0.39,2023-02-17,805,N,VIIRS,n,2,309.93,8.63,D,0
26.4681,93.64115,338.32,0.39,0.36,2023-04-15,700,N,VIIRS,n,2,292.98,13.33,D,0
19.64455,72.97861,335.21,0.49,0.4,2023-04-22,808,N,VIIRS,l,2,309.48,5.75,D,0
10.81398,79.30689,303.16,0.53,0.42,2023-02-12,2033,N,VIIRS,n,2,290.7,0.49,N,2
21.10138,82.25891,341.59,0.42,0.61,2023-12-17,825,N,VIIRS,n,2,297.17,6.48,D,0
31.27962,77.23885,295.63,0.49,0.65,2023-12-15,2128,N,VIIRS,n,2,277.31,1.66,N,0
21.71074,84.14841,331.12,0.56,0.51,2023-04-22,808,N,VIIRS,n,2,301.23,3.79,D,0
23.61602,91.65102,332.54,0.4,0.37,2023-04-09,711,N,VIIRS,l,2,305.73,5.21,D,0
22.3609,82.06367,346.19,0.57,0.43,2023-04-19,724,N,VIIRS,n,2,314.47,20.12,D,0
25.88121,78.74324,340.32,0.39,0.36,2023-11-01,749,N,VIIRS,n,2,304.41,3.59,D,0
21.98783,85.45655,332.55,0.38,0.36,2023-03-07,729,N,VIIRS,l,2,307.26,2.14,D,0
14.27219,80.13338,331.15,0.5,0.49,2023-04-05,825,N,VIIRS,n,2,300.61,5.85,D,0
26.05278,91.75378,338.72,0.42,0.38,2023-04-10,653,N,VIIRS,n,2,309.82,30.04,D,0
16.44304,80.92097,335.67,0.54,0.42,2023-03-12,734,N,VIIRS,n,2,305.42,2.06,D,0
24.25017,74.30946,317.08,0.39,0.36,2023-02-22,2042,N,VIIRS,n,2,288.38,1.44,N,0
30.37068,74.02282,339.45,0.72,0.75,2023-05-06,708,N,VIIRS,n,2,293.52,8.38,D,0
24.7689,80.14847,367.0,0.54,0.42,2023-05-10,731,N,VIIRS,h,2,322.41,22.75,D,0
26.80238,84.27824,331.72,0.4,0.37,2023-01-23,737,N,VIIRS,n,2,298.42,3.35,D,0
21.80487,83.89008,310.44,0.4,0.37,2023-10-17,1957,N,VIIRS,n,2,293.19,1.4,N,2
24.47903,77.51795,345.76,0.56,0.43,2023-06-03,821,N,VIIRS,l,2,317.49,23.65,D,0
25.72298,76.70657,301.74,0.46,0.47,2023-04-18,2011,N,VIIRS,n,2,291.72,0.51,N,0
27.03211,94.88961,329.01,0.39,0.36,2023-11-04,652,N,VIIRS,n,2,294.78,1.11,D,2
15.13824,75.64826,324.36,0.48,0.4,2023-01-17,2019,N,VIIRS,n,2,290.98,2.97,N,0
31.17937,75.79675,355.39,0.39,0.36,2023-05-14,758,N,VIIRS,l,2,319.47,7.73,D,0
30.38263,74.45222,346.01,0.56,0.68,2023-05-11,714,N,VIIRS,n,2,313.5,5.76,D,0
30.1003,80.63039,337.28,0.34,0.56,2023-01-10,822,N,VIIRS,n,2,300.08,6.33,D,0
19.29158,84.29316,304.21,0.39,0.36,2023-03-07,1959,N,VIIRS,n,2,278.58,0.78,N,0
20.95818,80.42455,334.87,0.42,0.38,2023-04-02,742,N,VIIRS,l,2,309.83,2.94,D,0
27.70812,80.79874,331.71,0.54,0.42,2023-12-15,724,N,VIIRS,n,2,296.13,3.77,D,0
19.40809,75.86102,337.82,0.51,0.41,2023-03-11,754,N,VIIRS,n,2,311.9,3.71,D,0
22.57914,92.89138,347.56,0.39,0.36,2023-02-15,704,N,VIIRS,n,2,303.79,22.18,D,0
14.10795,79.42522,340.94,0.75,0.77,2023-04-14,856,N,VIIRS,n,2,302.8,12.73,D,0
29.52863,75.23592,334.86,0.45,0.47,2023-11-23,737,N,VIIRS,n,2,302.42,2.19,D,0
25.17385,84.07021,339.37,0.6,0.53,2023-12-11,658,N,VIIRS,n,2,297.33,12.17,D,0
30.62383,75.54217,337.89,0.39,0.59,2023-05-16,720,N,VIIRS,n,2,304.78,5.48,D,0
15.84164,78.50078,343.63,0.51,0.5,2023-04-13,735,N,VIIRS,n,2,310.05,8.36,D,0
20.86503,84.99152,312.01,0.42,0.46,2023-03-27,2024,N,VIIRS,n,2,294.45,1.92,N,2
23.39989,77.561,305.43,0.47,0.4,2023-04-23,2017,N,VIIRS,n,2,288.42,1.51,N,0
15.11656,76.29363,336.52,0.37,0.58,2023-10-22,733,N,VIIRS,n,2,299.21,2.05,D,0
15.44112,74.47585,334.86,0.4,0.37,2023-03-04,824,N,VIIRS,l,2,306.26,2.02,D,0
30.90838,76.07719,337.74,0.39,0.44,2023-07-02,738,N,VIIRS,n,2,301.07,1.92,D,0
22.74068,86.3568,334.18,0.62,0.54,2023-03-09,652,N,VIIRS,n,2,303.3,2.7,D,0
18.1137,73.59126,307.49,0.38,0.36,2023-02-06,2043,N,VIIRS,n,2,291.32,0.65,N,0
20.22108,78.36379,367.0,0.4,0.37,2023-03-27,755,N,VIIRS,h,2,315.98,11.55,D,0
25.20796,77.63152,340.92,0.39,0.44,2023-11-10,820,N,VIIRS,n,2,300.52,3.76,D,0
30.56545,74.60099,333.52,0.41,0.37,2023-11-05,815,N,VIIRS,n,2,302.12,3.08,D,0
16.1636,80.75114,337.27,0.46,0.39,2023-06-05,740,N,VIIRS,l,2,307.81,3.25,D,0
23.77275,86.38593,311.49,0.41,0.37,2023-05-15,2004,N,VIIRS,n,2,296.82,1.03,N,2
24.3554,81.06355,334.16,0.42,0.38,2023-11-07,736,N,VIIRS,n,2,300.81,1.97,D,0
13.19627,78.82383,349.05,0.56,0.69,2023-04-14,715,N,VIIRS,n,2,305.93,8.52,D,0
25.30526,84.03869,333.97,0.39,0.36,2023-12-25,735,N,VIIRS,n,2,299.04,6.28,D,0
26.15283,93.53535,342.2,0.49,0.4,2023-05-11,712,N,VIIRS,n,2,304.75,24.09,D,0
27.66895,76.1287,299.7,0.44,0.38,2023-11-27,2027,N,VIIRS,n,2,285.39,1.04,N,2
21.73997,73.0101,308.78,0.45,0.47,2023-05-06,2114,N,VIIRS,n,2,295.53,1.44,N,0
22.59654,82.22086,352.24,0.38,0.36,2023-04-18,743,N,VIIRS,n,2,314.23,5.21,D,0
22.3293,78.67355,334.08,0.49,0.48,2023-05-26,730,N,VIIRS,l,2,306.65,4.17,D,0
22.24753,77.10978,299.46,0.49,0.49,2023-03-28,2005,N,VIIRS,n,2,289.18,1.23,N,0
26.10409,94.68682,327.91,0.36,0.58,2023-03-07,730,N,VIIRS,n,2,297.07,2.8,D,0
31.04773,75.58807,333.77,0.4,0.37,2023-06-25,810,N,VIIRS,n,2,288.47,1.87,D,0
32.00588,74.93114,330.81,0.4,0.37,2023-03-27,758,N,VIIRS,n,2,297.98,2.25,D,0
24.16598,80.6925,299.11,0.48,0.4,2023-10-22,2003,N,VIIRS,n,2,288.89,0.41,N,2
23.58121,74.37556,340.74,0.55,0.43,2023-04-10,834,N,VIIRS,n,2,312.05,6.09,D,0
27.4643,71.97401,347.57,0.39,0.36,2023-01-05,815,N,VIIRS,n,2,299.05,2.32,D,0
21.46089,83.45992,338.12,0.62,0.71,2023-03-04,645,N,VIIRS,n,2,301.25,3.38,D,0
17.51592,80.10397,332.14,0.39,0.59,2023-05-16,716,N,VIIRS,l,2,306.39,1.09,D,0
25.01163,92.8804,332.81,0.53,0.42,2023-03-13,718,N,VIIRS,n,2,302.83,3.85,D,0
30.40502,74.79091,331.76,0.56,0.51,2023-11-18,731,N,VIIRS,n,2,300.34,6.94,D,0
22.32092,79.92262,332.29,0.51,0.49,2023-04-19,724,N,VIIRS,l,2,302.88,7.15,D,0
29.9073,74.94871,352.77,0.56,0.52,2023-01-18,732,N,VIIRS,n,2,293.55,24.44,D,2
22.35813,87.28959,310.24,0.54,0.42,2023-10-29,1932,N,VIIRS,n,2,294.35,1.76,N,2
24.58652,76.8534,333.16,0.35,0.57,2023-10-28,723,N,VIIRS,n,2,293.32,1.84,D,0
18.70792,80.32648,337.02,0.46,0.39,2023-03-05,806,N,VIIRS,l,2,310.07,2.81,D,0
16.15322,78.56953,304.98,0.39,0.36,2023-02-18,2019,N,VIIRS,n,2,291.8,0.65,N,0
20.51515,85.72398,312.84,0.39,0.36,2023-10-17,1957,N,VIIRS,n,2,295.47,1.13,N,2
21.71766,87.72912,351.86,0.33,0.55,2023-12-17,644,N,VIIRS,n,2,301.3,3.95,D,0
23.3099,79.71568,345.07,0.39,0.44,2023-04-27,814,N,VIIRS,n,2,311.01,11.27,D,0
21.20895,86.6776,336.16,0.32,0.54,2023-12-29,759,N,VIIRS,n,2,298.95,3.4,D,0
22.29712,86.98711,352.54,0.53,0.42,2023-02-13,742,N,VIIRS,n,2,314.24,12.53,D,0
22.18365,84.04131,335.69,0.53,0.42,2023-05-14,755,N,VIIRS,n,2,304.44,3.42,D,0
23.69028,87.09532,304.04,0.75,0.77,2023-03-05,1855,N,VIIRS,n,2,290.71,3.1,N,2
30.33158,75.99957,346.49,0.56,0.69,2023-05-06,707,N,VIIRS,n,2,299.92,4.75,D,0
25.86318,76.70562,333.02,0.53,0.67,2023-04-25,713,N,VIIRS,l,2,305.9,2.87,D,0
19.54235,73.0787,339.51,0.43,0.38,2023-04-10,833,N,VIIRS,l,2,309.76,4.39,D,0
21.92759,85.21967,298.54,0.37,0.58,2023-12-22,1919,N,VIIRS,n,2,282.52,1.03,N,2
30.14585,75.57626,330.11,0.38,0.36,2023-10-26,802,N,VIIRS,n,2,302.63,1.83,D,0
24.02726,93.13529,352.11,0.38,0.36,2023-03-14,658,N,VIIRS,n,2,302.36,30.18,D,0
22.02293,83.40886,352.23,0.32,0.54,2023-04-11,814,N,VIIRS,n,2,308.66,5.37,D,0
23.21845,75.53246,354.95,0.38,0.36,2023-04-06,808,N,VIIRS,n,2,320.55,11.89,D,0
20.62093,82.34217,335.56,0.48,0.48,2023-03-13,717,N,VIIRS,l,2,307.96,6.45,D,0
13.62448,77.53786,342.51,0.42,0.45,2023-05-28,830,N,VIIRS,n,2,300.12,4.06,D,0
18.84404,78.34126,330.83,0.38,0.36,2023-12-13,759,N,VIIRS,n,2,299.17,2.14,D,0
21.04146,82.2459,351.61,0.51,0.41,2023-06-04,801,N,VIIRS,n,2,312.57,21.19,D,0
30.95238,75.45153,347.59,0.52,0.41,2023-05-20,745,N,VIIRS,n,2,315.08,12.71,D,0
21.32388,85.4966,304.24,0.54,0.42,2023-03-06,2017,N,VIIRS,n,2,293.92,1.25,N,0
22.46699,82.25322,339.32,0.45,0.39,2023-04-12,755,N,VIIRS,n,2,314.13,3.81,D,0
28.09183,95.44247,335.98,0.44,0.38,2023-05-13,634,N,VIIRS,n,2,282.97,4.23,D,0
15.78725,76.8077,341.09,0.42,0.61,2023-02-19,728,N,VIIRS,n,2,308.8,6.45,D,0
24.69213,79.39772,346.06,0.75,0.77,2023-05-11,852,N,VIIRS,n,2,314.29,6.66,D,0
31.23841,75.14471,334.04,0.48,0.64,2023-10-02,853,N,VIIRS,n,2,300.78,2.77,D,0
20.95226,86.046,311.11,0.49,0.49,2023-04-12,2024,N,VIIRS,n,2,296.4,2.97,N,2
23.63001,75.64435,297.34,0.39,0.44,2023-04-10,2101,N,VIIRS,n,2,286.33,1.54,N,0
10.99855,78.93197,336.43,0.64,0.72,2023-04-14,855,N,VIIRS,l,2,310.66,9.85,D,0
12.63228,76.42417,338.27,0.48,0.4,2023-02-12,759,N,VIIRS,n,2,309.04,3.46,D,0
22.16873,85.43711,299.89,0.44,0.38,2023-03-17,2011,N,VIIRS,n,2,287.88,0.66,N,2
23.25944,70.18091,343.52,0.39,0.44,2023-10-18,851,N,VIIRS,n,2,309.43,3.6,D,0
16.38202,75.62899,346.81,0.62,0.54,2023-05-20,741,N,VIIRS,n,2,313.18,13.24,D,0
32.44149,75.12945,347.08,0.41,0.45,2023-05-15,739,N,VIIRS,n,2,316.27,4.05,D,0
17.27762,80.28663,336.14,0.45,0.63,2023-05-17,838,N,VIIRS,n,2,305.28,5.89,D,0
23.09023,93.31493,357.61,0.53,0.42,2023-03-13,717,N,VIIRS,n,2,316.29,22.79,D,0
21.14252,82.93153,340.23,0.46,0.39,2023-03-27,755,N,VIIRS,n,2,307.66,5.71,D,0
24.48144,77.14597,330.06,0.41,0.37,2023-02-06,2042,N,VIIRS,n,2,287.14,6.51,N,2
23.42208,91.78966,301.33,0.48,0.4,2023-03-09,1920,N,VIIRS,n,2,290.66,1.03,N,0
23.68697,86.39119,339.12,0.39,0.36,2023-05-26,730,N,VIIRS,n,2,309.01,2.87,D,2
23.27601,70.17941,341.42,0.4,0.6,2023-06-10,749,N,VIIRS,n,2,304.35,4.12,D,0
25.87384,75.71278,335.77,0.39,0.59,2023-10-12,723,N,VIIRS,n,2,305.58,1.39,D,0
25.39276,84.0455,325.94,0.49,0.4,2023-12-19,748,N,VIIRS,n,2,295.84,2.34,D,0
30.89627,75.562,333.73,0.44,0.39,2023-06-14,816,N,VIIRS,n,2,300.89,4.81,D,0
15.06249,74.62765,340.12,0.55,0.43,2023-03-30,838,N,VIIRS,n,2,304.62,7.72,D,0
30.5256,76.66104,340.5,0.41,0.61,2023-05-11,714,N,VIIRS,n,2,309.14,2.94,D,0
25.65529,79.1885,347.73,0.39,0.36,2023-05-14,756,N,VIIRS,l,2,321.19,18.29,D,0
19.0072,80.36053,301.22,0.54,0.42,2023-03-07,1959,N,VIIRS,n,2,290.11,0.84,N,0
29.52509,77.65997,339.99,0.38,0.36,2023-03-27,757,N,VIIRS,n,2,303.16,3.42,D,0
27.46912,95.42297,305.09,0.35,0.57,2023-01-23,2002,N,VIIRS,n,2,283.12,0.67,N,2
30.8033,75.75429,335.93,0.39,0.36,2023-11-06,756,N,VIIRS,n,2,301.06,2.68,D,0
26.0806,92.53602,334.43,0.4,0.37,2023-04-10,653,N,VIIRS,n,2,305.25,3.27,D,0
21.59396,82.25274,340.99,0.41,0.37,2023-04-13,736,N,VIIRS,l,2,314.65,3.91,D,0
31.14473,75.17625,334.08,0.5,0.49,2023-11-04,834,N,VIIRS,n,2,297.38,3.39,D,0
26.66367,79.29539,334.68,0.39,0.36,2023-11-06,755,N,VIIRS,n,2,299.89,3.06,D,0
12.08246,76.71012,334.36,0.4,0.37,2023-05-18,817,N,VIIRS,n,2,303.22,0.88,D,0
11.14014,78.42943,336.86,0.44,0.39,2023-03-15,817,N,VIIRS,l,2,309.22,2.86,D,0
26.45417,84.59283,327.87,0.53,0.5,2023-02-26,659,N,VIIRS,l,2,301.0,3.24,D,0
31.56535,75.41264,332.66,0.45,0.39,2023-11-21,815,N,VIIRS,n,2,300.15,6.35,D,0
20.97128,86.00346,307.16,0.48,0.65,2023-04-11,2043,N,VIIRS,n,2,297.05,2.07,N,2
30.88678,75.33681,367.0,0.39,0.59,2023-05-06,848,N,VIIRS,h,2,302.86,5.89,D,0
30.16477,75.30302,357.3,0.74,0.76,2023-11-13,905,N,VIIRS,l,2,296.25,8.75,D,0
18.37708,76.62482,342.02,0.41,0.37,2023-01-11,800,N,VIIRS,n,2,308.05,5.15,D,0
17.44052,82.10638,303.56,0.51,0.41,2023-03-02,1953,N,VIIRS,n,2,293.48,2.13,N,0
23.46136,75.20859,355.66,0.38,0.58,2023-04-24,731,N,VIIRS,n,2,318.76,15.02,D,0
21.18266,85.28291,348.27,0.32,0.55,2023-03-05,807,N,VIIRS,n,2,312.7,3.0,D,0
30.10173,75.67211,339.15,0.62,0.54,2023-11-13,725,N,VIIRS,n,2,299.87,4.19,D,0
20.75025,86.52895,342.19,0.61,0.54,2023-02-12,800,N,VIIRS,n,2,307.15,4.94,D,0
13.02337,79.37205,345.21,0.42,0.38,2023-04-12,753,N,VIIRS,l,2,314.84,5.73,D,0
21.74788,83.81877,302.38,0.56,0.43,2023-02-25,1945,N,VIIRS,n,2,292.12,1.37,N,0
22.32957,79.35027,338.56,0.4,0.37,2023-10-26,800,N,VIIRS,n,2,304.95,3.6,D,0
20.96286,85.17928,317.47,0.37,0.58,2023-02-05,1921,N,VIIRS,n,2,292.99,2.91,N,2
31.24993,76.92827,298.67,0.5,0.49,2023-06-07,2111,N,VIIRS,n,2,287.62,0.51,N,2
23.55734,87.24085,331.14,0.51,0.66,2023-11-21,632,N,VIIRS,n,2,299.47,2.4,D,2
19.55746,83.86919,312.21,0.47,0.4,2023-03-06,2018,N,VIIRS,n,2,293.15,1.41,N,0
24.13692,82.56223,302.25,0.43,0.38,2023-01-22,2022,N,VIIRS,n,2,288.34,0.82,N,0
27.8818,77.45803,367.0,0.5,0.49,2023-10-14,827,N,VIIRS,h,2,304.34,9.38,D,0
20.99932,86.02563,312.38,0.39,0.36,2023-10-12,1951,N,VIIRS,n,2,294.17,1.77,N,0
15.41852,77.95493,331.97,0.45,0.47,2023-01-28,740,N,VIIRS,l,2,305.17,3.41,D,0
25.13435,84.0395,350.65,0.39,0.36,2023-04-13,737,N,VIIRS,l,2,327.15,17.55,D,0
18.2601,73.24974,336.25,0.41,0.45,2023-05-06,845,N,VIIRS,n,2,300.16,3.67,D,0
10.96856,78.90749,347.12,0.46,0.39,2023-02-23,752,N,VIIRS,n,2,312.15,5.08,D,0
21.32224,84.00786,334.2,0.47,0.4,2023-05-05,723,N,VIIRS,l,2,304.9,4.92,D,0
15.76771,78.72903,332.38,0.39,0.36,2023-02-28,759,N,VIIRS,l,2,306.72,2.11,D,0
23.71749,86.43826,306.13,0.52,0.67,2023-12-28,1906,N,VIIRS,n,2,288.96,1.78,N,0
30.56186,76.51955,330.93,0.39,0.44,2023-10-25,821,N,VIIRS,l,2,301.92,3.05,D,0
30.7561,74.91557,340.92,0.46,0.64,2023-11-19,853,N,VIIRS,n,2,297.53,7.27,D,0
24.85229,94.60669,367.0,0.33,0.55,2023-04-12,615,N,VIIRS,h,2,302.86,204.96,D,0
25.92201,73.07803,310.75,0.57,0.43,2023-03-03,2113,N,VIIRS,n,2,290.65,1.13,N,0
14.16239,76.26377,346.65,0.57,0.52,2023-02-15,843,N,VIIRS,n,2,317.05,16.15,D,0
30.76983,74.76705,347.39,0.47,0.48,2023-11-04,834,N,VIIRS,n,2,299.62,12.07,D,0
19.85567,73.53852,341.38,0.4,0.37,2023-04-27,814,N,VIIRS,l,2,313.01,6.8,D,0
25.55714,88.4438,367.0,0.47,0.4,2023-04-08,731,N,VIIRS,l,2,327.95,72.98,D,0
25.49989,94.31839,340.24,0.54,0.51,2023-02-28,621,N,VIIRS,n,2,298.77,11.44,D,0
19.18257,78.92064,309.25,0.43,0.46,2023-04-08,2000,N,VIIRS,n,2,282.89,1.22,N,0
23.79189,86.35504,303.5,0.46,0.47,2023-11-06,2022,N,VIIRS,n,2,287.92,1.64,N,2
31.50267,75.16071,347.79,0.44,0.38,2023-11-05,815,N,VIIRS,n,2,301.26,9.42,D,0
31.08277,74.84347,340.93,0.45,0.47,2023-05-15,739,N,VIIRS,l,2,313.32,4.94,D,0
30.50537,75.39504,346.05,0.4,0.37,2023-11-16,809,N,VIIRS,n,2,301.47,5.09,D,0
21.18755,85.50228,307.73,0.4,0.37,2023-03-12,2005,N,VIIRS,n,2,294.55,2.07,N,0
23.78059,86.20526,321.15,0.54,0.51,2023-01-09,1926,N,VIIRS,n,2,291.51,3.04,N,2
24.04095,91.89242,349.48,0.44,0.38,2023-04-10,653,N,VIIRS,l,2,301.54,23.42,D,0
20.76857,85.3466,341.21,0.4,0.44,2023-03-08,710,N,VIIRS,n,2,301.0,4.77,D,0
27.1975,83.57797,342.24,0.48,0.48,2023-04-17,803,N,VIIRS,l,2,316.79,5.79,D,0
13.39636,76.30484,300.17,0.33,0.55,2023-02-05,2103,N,VIIRS,n,2,281.41,0.59,N,0
31.59332,75.66267,337.19,0.53,0.5,2023-05-12,835,N,VIIRS,l,2,310.58,3.85,D,0
25.63497,78.83351,334.23,0.4,0.6,2023-04-25,712,N,VIIRS,l,2,307.63,2.1,D,0
12.75704,79.80038,334.96,0.49,0.48,2023-06-16,733,N,VIIRS,n,2,303.38,6.0,D,0
24.57543,85.8055,347.05,0.48,0.4,2023-04-18,743,N,VIIRS,n,2,315.59,5.67,D,0
31.08739,75.10878,337.8,0.43,0.38,2023-11-05,815,N,VIIRS,n,2,302.28,7.79,D,0
19.32026,80.38627,335.27,0.48,0.48,2023-04-16,820,N,VIIRS,l,2,307.9,5.94,D,0
19.48795,82.46455,331.02,0.66,0.73,2023-06-02,838,N,VIIRS,n,2,296.82,3.52,D,0
18.70958,77.77129,341.19,0.32,0.54,2023-11-18,728,N,VIIRS,n,2,299.88,5.04,D,0
22.10521,83.52345,302.65,0.43,0.38,2023-12-03,2016,N,VIIRS,n,2,266.16,0.79,N,0
20.96346,85.10722,312.6,0.41,0.37,2023-04-03,1953,N,VIIRS,n,2,295.18,1.4,N,0
23.50379,83.49858,305.7,0.39,0.36,2023-05-15,2004,N,VIIRS,n,2,295.05,1.19,N,0
13.72563,79.0013,342.81,0.52,0.5,2023-03-12,734,N,VIIRS,n,2,308.85,5.46,D,0
18.45779,81.66822,335.62,0.46,0.39,2023-03-12,735,N,VIIRS,l,2,309.75,3.3,D,0
12.60323,77.88527,367.0,0.33,0.55,2023-02-24,733,N,VIIRS,h,2,310.78,3.18,D,0
31.16899,75.92936,345.11,0.39,0.36,2023-01-22,757,N,VIIRS,n,2,292.63,6.25,D,0
20.86517,84.99397,317.94,0.41,0.37,2023-09-10,1952,N,VIIRS,n,2,291.65,3.68,N,2
27.43634,84.08111,315.62,0.46,0.39,2023-03-27,2022,N,VIIRS,n,2,290.43,1.77,N,0
21.40225,80.23207,342.23,0.4,0.45,2023-02-19,729,N,VIIRS,n,2,308.25,5.13,D,0
19.56105,84.47234,308.8,0.42,0.38,2023-03-02,1952,N,VIIRS,n,2,293.1,0.95,N,0
26.44099,79.82477,331.2,0.53,0.5,2023-02-09,718,N,VIIRS,n,2,298.48,2.42,D,0
20.96469,86.00751,333.17,0.36,0.58,2023-08-28,806,N,VIIRS,n,2,293.12,2.63,D,2
21.95476,82.81274,346.71,0.58,0.7,2023-03-09,832,N,VIIRS,n,2,304.93,9.45,D,0
20.0359,85.60045,330.61,0.39,0.36,2023-01-23,735,N,VIIRS,n,2,304.5,1.68,D,0
22.89973,75.92208,299.38,0.59,0.7,2023-04-14,1946,N,VIIRS,n,2,287.74,0.4,N,0
23.7077,91.69228,356.47,0.45,0.47,2023-04-08,730,N,VIIRS,n,2,309.7,74.76,D,0
31.7443,74.74489,345.56,0.42,0.38,2023-05-13,817,N,VIIRS,l,2,316.38,8.72,D,0
29.60372,75.55005,367.0,0.41,0.45,2023-05-07,829,N,VIIRS,h,2,319.92,25.84,D,0
14.77161,79.70309,339.4,0.45,0.47,2023-10-06,733,N,VIIRS,n,2,306.29,2.36,D,0
22.48179,85.55077,340.27,0.45,0.39,2023-03-13,717,N,VIIRS,n,2,306.54,4.71,D,0
30.2209,74.04551,347.79,0.51,0.49,2023-11-07,737,N,VIIRS,n,2,296.54,7.15,D,0
18.77129,78.06928,335.23,0.39,0.44,2023-11-12,740,N,VIIRS,n,2,302.61,3.3,D,0
21.70888,83.89687,339.47,0.58,0.52,2023-03-03,704,N,VIIRS,n,2,304.94,5.42,D,0
19.49335,81.22366,338.62,0.44,0.38,2023-04-17,801,N,VIIRS,n,2,306.68,4.85,D,0
21.10485,72.64674,317.02,0.46,0.63,2023-05-31,2005,N,VIIRS,n,2,294.69,3.72,N,2
25.9482,83.83714,330.09,0.37,0.58,2023-11-20,652,N,VIIRS,n,2,296.42,1.98,D,0
23.92309,77.78499,346.74,0.37,0.58,2023-06-02,839,N,VIIRS,n,2,307.59,10.01,D,0
22.91753,75.73325,338.29,0.4,0.37,2023-04-11,815,N,VIIRS,l,2,313.14,4.07,D,0
25.08494,76.94449,347.46,0.4,0.37,2023-10-21,755,N,VIIRS,n,2,309.66,12.29,D,0
24.20238,80.80213,301.8,0.43,0.38,2023-11-11,2028,N,VIIRS,n,2,291.5,0.51,N,2
23.03049,79.26199,330.57,0.46,0.39,2023-02-01,807,N,VIIRS,n,2,299.67,4.65,D,0
15.33008,76.13239,306.34,0.45,0.39,2023-01-17,2019,N,VIIRS,n,2,292.91,0.68,N,0
22.54996,85.01642,305.14,0.39,0.36,2023-03-12,2004,N,VIIRS,n,2,293.75,1.08,N,0
30.27091,74.42689,332.97,0.41,0.37,2023-11-05,815,N,VIIRS,n,2,301.9,9.24,D,0
22.80868,78.39388,311.42,0.52,0.5,2023-04-08,1959,N,VIIRS,n,2,289.95,2.54,N,0
22.57061,77.61855,305.61,0.38,0.36,2023-04-01,2030,N,VIIRS,n,2,289.26,0.55,N,0
25.72518,91.14502,342.47,0.45,0.39,2023-03-13,718,N,VIIRS,n,2,298.53,29.57,D,0
23.78246,86.20892,353.38,0.39,0.44,2023-06-07,705,N,VIIRS,n,2,318.69,10.38,D,2
31.90579,74.96796,349.59,0.4,0.37,2023-05-14,758,N,VIIRS,l,2,312.39,6.58,D,0
21.86526,86.68449,344.56,0.39,0.36,2023-02-14,723,N,VIIRS,n,2,314.11,11.84,D,0
30.65871,74.2857,343.67,0.43,0.46,2023-05-12,835,N,VIIRS,l,2,316.0,6.49,D,0
14.33154,78.04091,346.3,0.46,0.39,2023-02-11,818,N,VIIRS,n,2,311.28,4.5,D,0
16.34983,74.45366,346.7,0.38,0.36,2023-03-15,819,N,VIIRS,n,2,315.49,35.0,D,0
31.12056,75.66111,339.27,0.5,0.41,2023-05-20,745,N,VIIRS,l,2,313.29,5.31,D,0
20.54321,84.57015,335.39,0.54,0.42,2023-04-14,717,N,VIIRS,n,2,304.47,6.04,D,0
24.0135,93.13393,348.55,0.38,0.36,2023-03-14,658,N,VIIRS,n,2,307.32,6.17,D,0
30.44516,75.40839,332.86,0.6,0.71,2023-05-06,708,N,VIIRS,n,2,297.34,3.14,D,0
23.50698,83.51213,313.43,0.43,0.38,2023-05-10,1958,N,VIIRS,n,2,298.04,2.13,N,0
23.3689,75.94011,306.94,0.38,0.59,2023-04-08,1959,N,VIIRS,n,2,286.37,1.6,N,0
23.548,74.7983,302.87,0.4,0.37,2023-03-05,2036,N,VIIRS,n,2,292.53,0.88,N,0
21.36994,73.95782,331.33,0.62,0.71,2023-04-03,724,N,VIIRS,l,2,301.5,1.3,D,0
22.04581,73.25656,331.1,0.54,0.51,2023-05-25,749,N,VIIRS,l,2,305.79,1.64,D,0
23.47668,77.45404,347.44,0.44,0.62,2023-05-06,846,N,VIIRS,n,2,297.74,4.93,D,0
27.365,84.26504,311.58,0.45,0.47,2023-04-06,2035,N,VIIRS,n,2,294.32,2.33,N,0
31.11436,75.88802,338.92,0.39,0.36,2023-05-19,804,N,VIIRS,l,2,311.73,2.44,D,0
22.26543,75.12962,304.22,0.52,0.5,2023-03-17,2011,N,VIIRS,n,2,289.98,1.85,N,2
17.84648,81.89173,343.37,0.46,0.39,2023-05-15,735,N,VIIRS,n,2,304.86,8.21,D,0
21.74807,83.81818,303.82,0.4,0.37,2023-03-17,2011,N,VIIRS,n,2,291.03,0.86,N,0
20.00183,83.99712,312.52,0.41,0.37,2023-04-18,2012,N,VIIRS,n,2,295.31,1.54,N,0
17.79701,73.74598,342.58,0.44,0.46,2023-02-15,844,N,VIIRS,l,2,314.14,12.9,D,0
30.24925,78.7914,304.71,0.49,0.41,2023-06-10,2015,N,VIIRS,n,2,292.64,1.6,N,0
28.62436,76.90334,338.5,0.47,0.48,2023-05-07,828,N,VIIRS,l,2,309.86,4.11,D,0
27.31658,77.6496,333.37,0.46,0.39,2023-10-11,742,N,VIIRS,n,2,304.3,2.27,D,0
30.78701,76.16086,332.39,0.48,0.4,2023-05-04,745,N,VIIRS,l,2,306.1,1.97,D,0
25.81543,84.52403,305.36,0.48,0.65,2023-05-07,2054,N,VIIRS,n,2,292.39,0.9,N,0
18.69259,73.03798,308.51,0.32,0.55,2023-06-12,2121,N,VIIRS,n,2,292.77,3.65,N,2
29.02947,76.74389,346.01,0.38,0.44,2023-05-15,738,N,VIIRS,n,2,313.31,5.12,D,0
15.31208,78.71718,345.45,0.39,0.36,2023-02-28,759,N,VIIRS,n,2,309.59,9.91,D,0
12.84338,75.58835,308.64,0.57,0.43,2023-01-10,2051,N,VIIRS,n,2,292.58,1.59,N,0
29.99824,74.80095,340.55,0.44,0.62,2023-05-11,854,N,VIIRS,l,2,312.87,6.27,D,0
25.31454,92.53753,332.13,0.41,0.37,2023-02-21,652,N,VIIRS,n,2,297.04,3.01,D,0
30.60892,75.18988,331.28,0.73,0.76,2023-11-13,906,N,VIIRS,n,2,295.17,4.62,D,0
18.1579,73.35685,345.72,0.49,0.49,2023-04-12,755,N,VIIRS,n,2,311.77,13.04,D,0
29.72103,80.14747,331.04,0.5,0.41,2023-02-28,803,N,VIIRS,n,2,292.34,5.17,D,0
19.02166,80.1168,356.2,0.45,0.47,2023-04-16,820,N,VIIRS,n,2,311.47,15.35,D,0
31.06218,78.06007,326.5,0.49,0.41,2023-12-02,809,N,VIIRS,n,2,291.23,2.6,D,0
30.44754,74.55004,343.88,0.43,0.62,2023-05-11,854,N,VIIRS,n,2,310.94,2.86,D,0
23.68712,87.1227,322.71,0.41,0.37,2023-11-08,1944,N,VIIRS,n,2,294.4,1.21,N,2
24.17075,82.56345,308.4,0.4,0.6,2023-06-08,2054,N,VIIRS,n,2,293.95,2.8,N,2
29.44647,78.80152,338.1,0.41,0.45,2023-02-22,816,N,VIIRS,n,2,302.23,2.64,D,0
9.9431,77.51588,335.31,0.6,0.53,2023-04-18,740,N,VIIRS,n,2,304.26,1.17,D,0
22.14764,84.12682,312.32,0.4,0.37,2023-03-07,1958,N,VIIRS,n,2,291.7,1.29,N,0
22.57067,87.77841,332.17,0.43,0.38,2023-03-08,711,N,VIIRS,n,2,305.03,3.14,D,0
31.32973,76.8948,307.04,0.4,0.37,2023-09-07,2046,N,VIIRS,n,2,292.57,1.2,N,2
14.72795,79.15375,336.73,0.35,0.57,2023-02-26,837,N,VIIRS,n,2,303.15,3.92,D,0
30.31777,75.96393,342.15,0.44,0.46,2023-05-07,829,N,VIIRS,l,2,313.2,3.86,D,0
26.63395,88.15638,299.53,0.42,0.45,2023-11-17,2014,N,VIIRS,n,2,287.48,0.69,N,0
30.33793,75.67458,367.0,0.41,0.6,2023-11-14,846,N,VIIRS,h,2,301.06,5.06,D,0
25.88081,78.36906,331.44,0.4,0.37,2023-11-11,801,N,VIIRS,n,2,300.3,3.11,D,0
17.39235,78.89176,338.24,0.37,0.58,2023-06-02,837,N,VIIRS,n,2,308.08,4.54,D,0
24.01694,93.80099,333.07,0.39,0.44,2023-03-13,717,N,VIIRS,l,2,303.19,3.94,D,0
14.80746,78.82648,356.98,0.42,0.38,2023-02-23,753,N,VIIRS,n,2,315.32,5.65,D,0
26.6156,82.59021,350.8,0.43,0.38,2023-04-23,750,N,VIIRS,n,2,308.63,34.97,D,0
30.25092,75.63216,331.75,0.63,0.54,2023-05-05,726,N,VIIRS,l,2,303.49,3.39,D,0
29.98526,74.95263,332.97,0.39,0.36,2023-10-26,802,N,VIIRS,n,2,302.2,1.15,D,0
21.71021,82.73322,335.44,0.4,0.37,2023-12-19,747,N,VIIRS,n,2,300.09,7.93,D,0
25.16496,77.66485,336.35,0.39,0.36,2023-10-26,801,N,VIIRS,n,2,306.99,1.79,D,0
19.802,73.15599,342.65,0.34,0.56,2023-04-14,858,N,VIIRS,n,2,302.89,2.25,D,0
17.90981,80.27628,321.47,0.44,0.38,2023-02-24,2006,N,VIIRS,n,2,296.05,3.18,N,0
26.16497,94.76496,367.0,0.37,0.58,2023-03-07,730,N,VIIRS,h,2,315.96,23.87,D,0
26.32548,93.17751,336.43,0.39,0.36,2023-04-10,653,N,VIIRS,l,2,308.06,5.05,D,0
21.76883,84.0198,309.94,0.44,0.63,2023-10-19,1919,N,VIIRS,n,2,291.51,1.13,N,2
21.55658,85.3896,332.01,0.51,0.41,2023-05-09,748,N,VIIRS,l,2,305.42,4.83,D,0
23.78675,86.30513,302.21,0.56,0.52,2023-01-27,2029,N,VIIRS,n,2,290.55,1.08,N,2
21.98262,83.23326,315.3,0.42,0.38,2023-05-10,1958,N,VIIRS,n,2,298.45,1.52,N,2
21.36018,81.98318,337.24,0.39,0.36,2023-01-17,748,N,VIIRS,n,2,303.16,3.37,D,0
13.20652,79.03504,300.86,0.46,0.64,2023-01-30,1935,N,VIIRS,n,2,277.4,1.22,N,0
15.21274,75.61967,300.5,0.44,0.62,2023-02-15,2115,N,VIIRS,n,2,289.05,0.98,N,0
19.87719,85.97137,338.87,0.47,0.64,2023-12-17,644,N,VIIRS,n,2,298.08,4.41,D,0
31.02285,76.10557,367.0,0.43,0.62,2023-05-06,848,N,VIIRS,h,2,301.56,9.95,D,0
31.15568,78.23857,303.06,0.53,0.42,2023-12-19,2013,N,VIIRS,n,2,277.73,1.6,N,0
24.94211,87.65932,345.11,0.43,0.38,2023-03-07,730,N,VIIRS,n,2,314.23,6.83,D,0
21.72061,75.54396,340.04,0.39,0.36,2023-05-08,808,N,VIIRS,l,2,312.35,7.23,D,0
26.671,91.00044,333.75,0.45,0.39,2023-02-25,718,N,VIIRS,n,2,302.7,1.91,D,0
19.0142,80.16648,341.83,0.46,0.47,2023-04-16,820,N,VIIRS,n,2,307.12,4.22,D,0
25.57175,92.93769,346.47,0.55,0.42,2023-04-14,718,N,VIIRS,n,2,302.64,14.08,D,0
20.44745,82.70729,337.72,0.41,0.37,2023-03-12,736,N,VIIRS,n,2,309.65,1.77,D,0
21.52004,82.25159,349.16,0.58,0.7,2023-02-05,652,N,VIIRS,n,2,305.57,9.1,D,0
22.33246,92.8183,350.87,0.49,0.41,2023-03-13,717,N,VIIRS,n,2,306.3,16.5,D,0
13.43975,77.6913,315.98,0.39,0.36,2023-02-23,2026,N,VIIRS,n,2,290.89,0.91,N,0
26.85012,75.67687,296.97,0.4,0.6,2023-02-25,2125,N,VIIRS,n,2,286.17,0.63,N,0
20.13934,76.70458,343.5,0.56,0.69,2023-03-29,717,N,VIIRS,n,2,313.11,11.59,D,0
27.60863,80.84074,338.5,0.43,0.38,2023-05-14,756,N,VIIRS,l,2,311.42,2.61,D,0
12.69523,77.19779,335.18,0.39,0.44,2023-01-20,830,N,VIIRS,n,2,302.24,3.68,D,0
21.71145,81.64111,337.49,0.51,0.49,2023-04-14,718,N,VIIRS,n,2,307.69,7.79,D,0
23.84141,78.01609,310.82,0.4,0.37,2023-04-22,2036,N,VIIRS,n,2,289.23,1.43,N,0
20.96413,85.15302,308.98,0.38,0.36,2023-10-17,1957,N,VIIRS,n,2,294.79,0.81,N,2
11.03529,79.76346,330.12,0.52,0.42,2023-08-06,817,N,VIIRS,n,2,298.62,2.64,D,0
19.92759,80.27773,338.59,0.41,0.37,2023-04-17,801,N,VIIRS,l,2,308.66,4.0,D,0
22.50896,85.28059,304.21,0.48,0.48,2023-03-03,1933,N,VIIRS,n,2,292.64,1.31,N,0
16.91328,80.17127,341.63,0.39,0.36,2023-05-19,800,N,VIIRS,n,2,308.07,9.18,D,0
28.52546,94.28804,344.65,0.42,0.37,2023-04-15,700,N,VIIRS,n,2,299.59,28.03,D,0
20.96986,85.17083,328.21,0.4,0.44,2023-10-18,709,N,VIIRS,l,2,300.92,4.15,D,2
26.31314,92.9774,343.52,0.56,0.43,2023-03-13,718,N,VIIRS,n,2,301.25,9.99,D,0
29.72412,76.46004,331.01,0.58,0.52,2023-05-05,726,N,VIIRS,l,2,302.32,2.76,D,0
22.52644,77.49616,312.83,0.47,0.64,2023-03-29,1946,N,VIIRS,n,2,288.45,1.24,N,0
23.99302,83.21507,343.99,0.39,0.36,2023-05-20,743,N,VIIRS,l,2,317.81,9.91,D,0
29.99447,74.72245,341.42,0.38,0.43,2023-11-12,744,N,VIIRS,n,2,302.21,3.94,D,0
25.49446,88.39471,341.08,0.46,0.39,2023-05-10,730,N,VIIRS,l,2,315.87,8.48,D,0
20.66428,86.52313,330.09,0.52,0.41,2023-05-11,710,N,VIIRS,n,2,296.73,2.22,D,0
23.69229,87.12388,305.58,0.49,0.65,2023-02-22,2041,N,VIIRS,n,2,291.2,2.42,N,2
22.71389,76.73899,338.41,0.39,0.59,2023-02-14,724,N,VIIRS,n,2,304.02,2.93,D,0
18.38385,73.90064,300.95,0.72,0.76,2023-03-13,1947,N,VIIRS,n,2,287.34,1.05,N,0
21.13323,83.07547,331.82,0.52,0.42,2023-03-02,723,N,VIIRS,l,2,304.99,8.23,D,0
22.37813,84.0567,342.17,0.54,0.42,2023-03-11,755,N,VIIRS,n,2,309.94,6.63,D,0
27.33794,92.60798,337.89,0.55,0.43,2023-04-14,719,N,VIIRS,n,2,303.19,4.4,D,0
22.17816,72.7832,344.69,0.54,0.5,2023-05-11,2120,N,VIIRS,n,2,300.53,8.67,N,0
15.56574,78.70094,307.69,0.68,0.74,2023-03-03,2115,N,VIIRS,n,2,292.63,2.64,N,0
22.88852,75.34834,350.01,0.42,0.37,2023-04-17,802,N,VIIRS,n,2,322.57,4.18,D,0
14.68653,75.06294,336.55,0.45,0.39,2023-03-05,805,N,VIIRS,n,2,309.47,6.18,D,0
29.3237,76.57265,330.63,0.47,0.4,2023-03-10,816,N,VIIRS,n,2,297.32,1.98,D,0
19.06862,78.77072,340.09,0.4,0.37,2023-03-27,754,N,VIIRS,l,2,314.11,4.01,D,0
23.60846,78.3686,340.94,0.48,0.4,2023-04-18,743,N,VIIRS,l,2,314.53,6.08,D,0
21.3786,84.78122,306.8,0.49,0.4,2023-03-13,1946,N,VIIRS,n,2,293.04,0.8,N,0
23.98994,79.38973,310.02,0.59,0.53,2023-06-06,1951,N,VIIRS,n,2,294.69,9.3,N,2
19.04832,80.30386,305.77,0.46,0.47,2023-03-10,2043,N,VIIRS,n,2,293.18,1.15,N,0
14.46485,79.02309,334.19,0.34,0.56,2023-03-14,837,N,VIIRS,l,2,309.05,3.77,D,0
23.7399,85.01151,308.58,0.51,0.66,2023-02-16,1913,N,VIIRS,n,2,287.78,1.87,N,2
19.82133,84.82052,311.02,0.34,0.56,2023-03-05,2036,N,VIIRS,n,2,294.12,2.14,N,0
19.33001,80.09095,311.61,0.56,0.43,2023-04-08,2000,N,VIIRS,n,2,294.17,1.81,N,0
20.72825,73.28347,305.37,0.41,0.61,2023-05-15,2005,N,VIIRS,n,2,294.37,1.95,N,0
19.43081,83.36563,328.5,0.44,0.46,2023-01-08,716,N,VIIRS,n,2,301.93,1.18,D,0
21.20605,76.85821,301.55,0.39,0.36,2023-02-01,2036,N,VIIRS,n,2,288.09,1.53,N,0
21.23963,79.23389,305.04,0.46,0.39,2023-10-31,2035,N,VIIRS,n,2,291.64,1.15,N,2
23.73636,85.00587,299.63,0.32,0.54,2023-11-25,1925,N,VIIRS,n,2,285.36,0.61,N,2
21.92157,83.3548,333.78,0.5,0.49,2023-05-08,807,N,VIIRS,l,2,306.55,4.98,D,2
23.22088,76.508,338.79,0.38,0.59,2023-04-20,846,N,VIIRS,n,2,306.21,2.54,D,0
25.53372,92.19601,340.34,0.56,0.43,2023-01-26,640,N,VIIRS,n,2,297.2,5.54,D,0
21.75821,83.22498,333.81,0.39,0.44,2023-12-29,800,N,VIIRS,n,2,296.08,2.87,D,0
23.72052,86.44679,307.78,0.52,0.67,2023-10-09,1906,N,VIIRS,n,2,295.27,1.7,N,2
18.40027,73.112,347.74,0.5,0.41,2023-04-15,839,N,VIIRS,n,2,309.74,8.16,D,0
16.8725,80.02097,302.41,0.56,0.69,2023-01-25,1928,N,VIIRS,n,2,291.4,1.2,N,2
25.12192,76.90107,336.9,0.4,0.37,2023-10-05,755,N,VIIRS,n,2,308.05,3.15,D,0
22.21472,82.74335,336.32,0.56,0.43,2023-02-12,801,N,VIIRS,n,2,305.83,2.41,D,0
29.64298,80.29865,337.51,0.43,0.46,2023-02-25,719,N,VIIRS,n,2,296.83,8.72,D,0
22.75881,78.48596,330.15,0.38,0.59,2023-11-08,716,N,VIIRS,n,2,299.38,1.58,D,0
24.52695,71.30859,351.88,0.43,0.38,2023-11-05,814,N,VIIRS,n,2,308.31,3.32,D,0
23.82837,92.42763,208.0,0.48,0.64,2023-03-11,615,N,VIIRS,l,2,308.25,42.15,D,0
26.82574,72.00551,335.77,0.52,0.41,2023-10-10,801,N,VIIRS,l,2,309.31,1.97,D,0
23.24181,84.25661,307.97,0.4,0.37,2023-04-18,2011,N,VIIRS,n,2,295.92,1.89,N,0
19.28826,84.39893,307.69,0.33,0.55,2023-03-05,2036,N,VIIRS,n,2,294.33,1.5,N,0
22.03477,84.11079,342.13,0.46,0.39,2023-03-02,723,N,VIIRS,n,2,307.0,10.15,D,0
25.54778,91.23446,325.19,0.33,0.55,2023-02-01,627,N,VIIRS,n,2,290.17,0.72,D,0
21.5121,78.12917,342.54,0.38,0.36,2023-02-28,801,N,VIIRS,n,2,309.76,8.2,D,0
27.2598,83.39985,297.41,0.39,0.36,2023-04-07,2016,N,VIIRS,n,2,285.83,0.28,N,0
15.64566,78.73662,338.86,0.43,0.62,2023-03-03,843,N,VIIRS,n,2,302.26,6.84,D,0
30.30781,75.60758,334.94,0.4,0.37,2023-11-22,756,N,VIIRS,n,2,302.04,2.93,D,0
23.6566,85.50813,301.29,0.39,0.36,2023-12-09,2003,N,VIIRS,n,2,286.75,0.58,N,2
18.85828,80.0649,340.02,0.46,0.39,2023-04-18,742,N,VIIRS,n,2,307.91,2.94,D,0
12.37624,75.93343,340.92,0.51,0.49,2023-03-03,842,N,VIIRS,n,2,306.54,6.54,D,0
24.54375,77.15125,338.83,0.53,0.42,2023-10-09,819,N,VIIRS,n,2,309.92,4.36,D,0
21.10408,72.64425,311.13,0.54,0.42,2023-01-09,2108,N,VIIRS,n,2,291.66,2.26,N,2
21.76618,82.00829,341.47,0.39,0.44,2023-04-03,724,N,VIIRS,l,2,313.42,5.1,D,0
10.07853,77.43273,330.4,0.38,0.59,2023-03-08,848,N,VIIRS,n,2,296.93,4.4,D,0
23.72813,91.81631,334.58,0.46,0.39,2023-04-14,718,N,VIIRS,l,2,305.74,7.84,D,0
27.2276,83.59181,333.7,0.56,0.69,2023-04-16,642,N,VIIRS,l,2,308.15,5.33,D,0
11.36253,78.81031,330.25,0.59,0.53,2023-05-31,733,N,VIIRS,n,2,296.67,5.57,D,0
29.68715,75.91117,340.49,0.51,0.66,2023-05-11,854,N,VIIRS,n,2,309.73,2.74,D,0
23.28752,80.93484,367.0,0.46,0.63,2023-05-12,833,N,VIIRS,h,2,316.34,22.96,D,0
22.33782,92.84817,367.0,0.38,0.59,2023-03-16,620,N,VIIRS,h,2,302.1,7.68,D,0
27.35353,84.31345,352.4,0.4,0.37,2023-04-13,738,N,VIIRS,n,2,310.67,3.33,D,0
24.13221,74.63403,335.17,0.41,0.45,2023-05-25,749,N,VIIRS,l,2,305.56,2.19,D,0
23.71658,86.44197,305.49,0.36,0.58,2023-07-11,2035,N,VIIRS,n,2,280.17,1.24,N,2
15.44782,78.82148,345.16,0.43,0.38,2023-02-22,812,N,VIIRS,n,2,310.64,3.98,D,0
17.45877,77.32339,348.58,0.45,0.47,2023-01-28,741,N,VIIRS,n,2,312.84,7.84,D,0
18.82261,80.21854,331.02,0.71,0.75,2023-04-15,658,N,VIIRS,n,2,286.4,7.32,D,0
21.4008,77.70267,306.75,0.44,0.46,2023-02-08,2005,N,VIIRS,n,2,289.37,0.87,N,0
25.67521,92.38895,331.76,0.44,0.38,2023-02-04,711,N,VIIRS,n,2,299.79,2.82,D,0
23.12784,77.75092,331.99,0.53,0.5,2023-04-08,731,N,VIIRS,l,2,305.13,2.95,D,0
17.5432,81.41664,330.31,0.42,0.45,2023-04-11,813,N,VIIRS,l,2,301.68,3.76,D,0
19.00479,74.64788,311.11,0.41,0.45,2023-03-25,2103,N,VIIRS,n,2,290.14,1.64,N,0
17.0195,79.97768,335.66,0.33,0.56,2023-05-28,831,N,VIIRS,l,2,306.93,2.59,D,0
27.366,81.96567,334.09,0.47,0.48,2023-04-25,713,N,VIIRS,l,2,307.31,2.22,D,0
21.40649,76.14407,342.56,0.56,0.43,2023-02-18,748,N,VIIRS,n,2,315.16,3.54,D,0
16.62951,73.40292,340.55,0.51,0.41,2023-12-18,805,N,VIIRS,n,2,303.2,9.64,D,0
22.87884,85.21732,338.23,0.41,0.37,2023-04-19,724,N,VIIRS,n,2,311.11,3.21,D,0
25.61558,78.02144,334.36,0.39,0.36,2023-11-11,801,N,VIIRS,n,2,302.45,4.07,D,0
20.78349,85.26059,302.05,0.57,0.52,2023-10-24,1926,N,VIIRS,n,2,289.64,1.87,N,2
22.35157,82.20264,334.7,0.4,0.37,2023-02-02,748,N,VIIRS,n,2,308.04,2.19,D,0
15.04385,75.52744,335.64,0.42,0.61,2023-03-12,734,N,VIIRS,n,2,304.77,3.78,D,0
24.59357,84.66616,341.34,0.47,0.4,2023-06-01,718,N,VIIRS,l,2,315.36,8.71,D,0
22.1535,82.07697,353.69,0.33,0.55,2023-06-03,820,N,VIIRS,n,2,307.18,5.13,D,0
20.84806,84.08202,345.26,0.4,0.37,2023-01-12,741,N,VIIRS,n,2,309.67,5.9,D,0
27.04537,80.85746,333.07,0.39,0.6,2023-05-23,828,N,VIIRS,n,2,299.98,4.13,D,0
17.18041,76.56116,337.18,0.5,0.41,2023-03-11,754,N,VIIRS,n,2,308.92,1.97,D,0
22.27559,79.90175,342.38,0.62,0.54,2023-10-30,825,N,VIIRS,n,2,305.23,10.02,D,0
18.89508,78.59953,336.95,0.38,0.36,2023-10-10,759,N,VIIRS,n,2,306.35,4.3,D,0
26.01497,94.39867,331.85,0.44,0.62,2023-01-23,736,N,VIIRS,n,2,288.9,3.77,D,0
24.43164,85.41171,337.19,0.38,0.36,2023-04-08,731,N,VIIRS,l,2,310.34,1.05,D,0
26.93395,95.01044,340.5,0.43,0.38,2023-03-14,659,N,VIIRS,n,2,300.53,5.2,D,0
15.05911,74.63828,307.88,0.45,0.39,2023-03-27,2026,N,VIIRS,n,2,292.03,1.1,N,0
28.76094,77.57854,303.95,0.39,0.36,2023-03-26,2041,N,VIIRS,n,2,285.96,0.53,N,0
28.27902,73.4247,351.2,0.43,0.38,2023-11-11,802,N,VIIRS,n,2,302.49,3.69,D,0
22.23321,78.29874,350.38,0.41,0.6,2023-05-16,717,N,VIIRS,n,2,301.52,6.47,D,0
15.13838,78.62638,341.44,0.68,0.74,2023-02-25,856,N,VIIRS,n,2,304.24,4.91,D,0
25.6423,92.63411,331.68,0.45,0.39,2023-04-09,712,N,VIIRS,n,2,296.51,4.01,D,0
22.83019,74.0015,338.81,0.58,0.69,2023-05-21,724,N,VIIRS,n,2,303.93,2.2,D,0
24.62012,76.88375,367.0,0.33,0.55,2023-04-15,840,N,VIIRS,h,2,316.35,4.33,D,0
26.0514,92.32867,344.31,0.51,0.66,2023-04-07,750,N,VIIRS,n,2,293.01,11.39,D,0
21.10528,72.64693,341.95,0.48,0.4,2023-02-01,807,N,VIIRS,n,2,305.87,23.28,D,2
11.4192,79.03261,340.22,0.57,0.52,2023-02-24,733,N,VIIRS,n,2,307.88,7.87,D,0
27.52783,71.95451,350.7,0.43,0.38,2023-10-31,808,N,VIIRS,n,2,307.0,4.44,D,0
23.69603,87.1198,302.19,0.74,0.76,2023-10-31,1854,N,VIIRS,n,2,290.37,1.3,N,2
23.02899,78.34708,336.69,0.36,0.58,2023-04-15,2108,N,VIIRS,n,2,290.14,5.8,N,0
22.21204,84.86584,305.02,0.42,0.38,2023-01-29,1952,N,VIIRS,n,2,291.64,1.21,N,2
18.98136,77.25949,354.16,0.34,0.56,2023-03-23,729,N,VIIRS,n,2,306.24,3.84,D,0
25.35877,94.11674,340.7,0.38,0.36,2023-04-10,653,N,VIIRS,n,2,304.15,3.93,D,0
22.36355,87.01856,313.28,0.46,0.47,2023-12-11,1925,N,VIIRS,n,2,290.46,2.94,N,2
22.55466,92.69901,335.45,0.49,0.4,2023-04-14,717,N,VIIRS,n,2,306.65,3.0,D,0
21.91397,86.35046,344.38,0.39,0.36,2023-04-19,724,N,VIIRS,n,2,309.48,4.75,D,0
22.15133,82.00725,335.28,0.47,0.64,2023-06-02,658,N,VIIRS,n,2,305.09,4.4,D,0
22.00269,82.67058,304.61,0.55,0.51,2023-02-20,1939,N,VIIRS,n,2,292.39,1.81,N,2
17.40046,77.83788,339.86,0.48,0.4,2023-02-27,819,N,VIIRS,l,2,314.02,2.4,D,0
28.81046,79.75972,302.93,0.51,0.41,2023-10-11,2008,N,VIIRS,n,2,291.37,0.79,N,0
22.96441,72.15425,351.36,0.39,0.36,2023-03-31,821,N,VIIRS,n,2,313.1,6.22,D,0
22.59189,85.90616,299.57,0.44,0.63,2023-02-06,2042,N,VIIRS,n,2,286.14,0.52,N,2
21.20586,82.3906,339.02,0.41,0.37,2023-03-28,736,N,VIIRS,n,2,306.78,4.62,D,0
27.48036,71.93153,335.95,0.43,0.38,2023-10-31,808,N,VIIRS,l,2,306.25,1.37,D,0
13.89682,76.56644,304.29,0.39,0.36,2023-10-26,2031,N,VIIRS,n,2,289.9,1.02,N,2
31.09027,74.76793,340.17,0.42,0.38,2023-05-13,816,N,VIIRS,l,2,312.65,5.01,D,0
22.36595,87.29743,301.88,0.44,0.46,2023-04-07,2017,N,VIIRS,n,2,282.04,0.98,N,2
26.73107,95.31724,342.43,0.42,0.61,2023-01-12,602,N,VIIRS,n,2,287.68,7.22,D,0
14.23423,78.28699,367.0,0.5,0.66,2023-02-20,849,N,VIIRS,h,2,305.75,12.14,D,0
19.10591,78.546,341.14,0.46,0.64,2023-04-20,845,N,VIIRS,n,2,301.39,4.6,D,0
22.46096,79.81201,337.23,0.62,0.72,2023-11-09,657,N,VIIRS,n,2,296.93,7.33,D,0
21.8593,83.0606,341.89,0.48,0.4,2023-02-07,754,N,VIIRS,n,2,309.96,11.07,D,0
22.64537,77.43108,307.19,0.64,0.72,2023-03-29,2126,N,VIIRS,n,2,287.03,1.03,N,0
23.80827,86.31507,309.28,0.55,0.43,2023-04-23,2017,N,VIIRS,n,2,294.41,3.07,N,2
21.36433,81.6472,301.88,0.51,0.41,2023-11-27,2029,N,VIIRS,n,2,289.57,1.62,N,2
21.99311,82.7015,354.94,0.58,0.7,2023-02-05,832,N,VIIRS,n,2,302.29,20.06,D,0
19.82383,81.1392,309.51,0.39,0.36,2023-04-18,2012,N,VIIRS,n,2,297.84,3.53,N,0
15.17789,76.65494,322.33,0.51,0.41,2023-04-02,2013,N,VIIRS,n,2,300.01,3.57,N,2
30.98045,74.70756,344.13,0.38,0.43,2023-10-30,828,N,VIIRS,n,2,303.21,15.35,D,0
21.195,82.0378,356.0,0.39,0.36,2023-01-17,748,N,VIIRS,n,2,311.97,11.37,D,0
25.27869,91.13442,342.57,0.43,0.62,2023-04-07,750,N,VIIRS,n,2,300.66,8.05,D,0
26.54807,83.12248,348.22,0.45,0.39,2023-04-23,750,N,VIIRS,n,2,317.98,14.6,D,0
13.79488,78.41251,340.03,0.47,0.4,2023-02-27,818,N,VIIRS,l,2,313.95,2.51,D,0
18.73746,79.53072,314.03,0.39,0.36,2023-03-11,2024,N,VIIRS,n,2,296.4,1.08,N,0
14.51296,79.14711,344.56,0.52,0.42,2023-04-16,819,N,VIIRS,n,2,314.15,11.36,D,0
19.53614,73.11483,344.75,0.53,0.5,2023-03-24,851,N,VIIRS,n,2,311.79,10.99,D,0
23.66288,86.49306,298.14,0.43,0.38,2023-04-30,1945,N,VIIRS,n,2,274.97,0.76,N,0
15.18107,76.78834,303.19,0.52,0.67,2023-04-04,2116,N,VIIRS,n,2,292.69,1.46,N,0
19.91639,79.30674,299.78,0.39,0.36,2023-12-19,2016,N,VIIRS,n,2,286.89,0.66,N,0
30.75235,75.28679,343.53,0.48,0.65,2023-11-03,853,N,VIIRS,n,2,290.2,5.99,D,0
25.36074,93.75546,339.32,0.42,0.38,2023-03-03,705,N,VIIRS,n,2,309.86,26.5,D,0
12.38663,77.90163,335.24,0.34,0.56,2023-03-03,842,N,VIIRS,n,2,302.75,3.16,D,0
22.92267,70.10715,332.54,0.5,0.66,2023-01-28,743,N,VIIRS,n,2,295.37,4.28,D,0
23.73829,85.01306,313.94,0.39,0.36,2023-05-26,1958,N,VIIRS,n,2,299.22,2.42,N,2
15.24752,74.90348,344.98,0.47,0.4,2023-03-09,831,N,VIIRS,l,2,316.31,4.13,D,0
19.65008,84.9297,343.03,0.47,0.48,2023-02-12,800,N,VIIRS,n,2,310.74,8.85,D,0
31.02616,74.75542,339.19,0.34,0.56,2023-11-13,725,N,VIIRS,n,2,298.06,2.74,D,0
23.6869,86.3903,316.64,0.47,0.39,2023-07-07,2010,N,VIIRS,n,2,288.39,1.94,N,2
31.36673,74.74574,333.02,0.42,0.38,2023-11-05,815,N,VIIRS,n,2,301.33,3.17,D,0
18.37886,79.80666,345.38,0.51,0.41,2023-06-14,812,N,VIIRS,n,2,306.46,8.17,D,0
27.6634,82.01898,334.44,0.39,0.36,2023-11-07,736,N,VIIRS,n,2,300.97,2.55,D,0
25.80648,76.6645,367.0,0.34,0.56,2023-04-19,725,N,VIIRS,h,2,311.75,7.29,D,0
15.77751,76.42165,334.66,0.38,0.36,2023-10-20,811,N,VIIRS,n,2,305.17,1.46,D,0
24.62277,93.63705,333.03,0.5,0.41,2023-02-27,639,N,VIIRS,n,2,298.61,5.26,D,0
19.6085,73.06335,305.82,0.43,0.38,2023-02-17,2037,N,VIIRS,n,2,290.03,1.52,N,0
21.81796,83.99452,296.4,0.4,0.37,2023-02-03,1958,N,VIIRS,n,2,286.21,1.0,N,0
21.42841,81.14815,333.25,0.4,0.37,2023-12-14,741,N,VIIRS,n,2,301.58,1.63,D,0
20.53181,80.50809,307.54,0.4,0.37,2023-04-02,2012,N,VIIRS,n,2,294.02,1.53,N,0
21.64197,82.54146,352.57,0.35,0.57,2023-01-10,819,N,VIIRS,n,2,307.15,3.6,D,0
27.81889,81.48615,338.47,0.5,0.41,2023-02-14,725,N,VIIRS,n,2,298.84,7.34,D,0
18.02906,78.35449,337.12,0.34,0.56,2023-02-26,838,N,VIIRS,l,2,311.54,1.94,D,0
16.32842,78.83949,350.1,0.39,0.37,2023-03-05,806,N,VIIRS,n,2,313.94,7.09,D,0
26.6528,93.42253,347.32,0.42,0.38,2023-03-03,705,N,VIIRS,n,2,299.56,9.93,D,0
23.62507,92.71103,304.67,0.44,0.63,2023-03-06,2016,N,VIIRS,n,2,288.24,1.0,N,0
19.1987,77.52029,337.28,0.41,0.61,2023-02-14,723,N,VIIRS,n,2,310.59,2.96,D,0
21.05241,80.05517,330.91,0.39,0.44,2023-11-21,812,N,VIIRS,n,2,302.37,2.3,D,0
18.95539,80.11922,306.42,0.55,0.43,2023-03-07,1959,N,VIIRS,n,2,292.8,2.11,N,0
25.2353,92.45068,337.44,0.38,0.36,2023-03-14,659,N,VIIRS,n,2,294.12,58.31,D,0
20.91389,81.95433,344.04,0.39,0.36,2023-12-19,747,N,VIIRS,n,2,300.9,8.38,D,0
18.32642,73.76572,325.8,0.46,0.63,2023-02-19,1959,N,VIIRS,n,2,293.59,2.24,N,0
15.44662,78.8456,334.49,0.51,0.41,2023-02-27,818,N,VIIRS,l,2,308.42,4.54,D,0
22.03223,83.36466,303.49,0.42,0.38,2023-03-06,2017,N,VIIRS,n,2,292.05,0.92,N,2
22.41348,85.14522,334.93,0.51,0.41,2023-03-06,748,N,VIIRS,n,2,306.5,1.65,D,0
23.698,85.27659,306.0,0.49,0.4,2023-07-12,2016,N,VIIRS,n,2,291.29,1.5,N,2
27.49559,80.11716,325.12,0.49,0.4,2023-02-03,731,N,VIIRS,n,2,293.95,1.55,D,0
22.53386,81.14074,337.49,0.53,0.5,2023-04-14,718,N,VIIRS,n,2,305.05,3.64,D,0
30.56514,76.55809,330.86,0.39,0.36,2023-10-21,756,N,VIIRS,n,2,300.37,1.32,D,0
30.40256,75.97451,346.7,0.46,0.39,2023-11-05,815,N,VIIRS,n,2,305.1,5.72,D,0
19.24574,76.88614,319.6,0.56,0.52,2023-11-20,2101,N,VIIRS,n,2,289.12,1.8,N,0
21.62891,80.54848,336.43,0.41,0.37,2023-04-18,743,N,VIIRS,l,2,310.71,4.28,D,0
17.938,73.83302,307.16,0.45,0.63,2023-03-07,2000,N,VIIRS,n,2,288.29,1.07,N,0
20.79345,85.25522,341.67,0.49,0.4,2023-11-08,715,N,VIIRS,n,2,307.58,10.21,D,2
20.16574,84.68728,314.2,0.42,0.45,2023-03-11,2024,N,VIIRS,n,2,293.93,1.57,N,0
15.25991,76.979,367.0,0.42,0.61,2023-03-24,850,N,VIIRS,h,2,304.94,8.2,D,0
16.18632,79.68136,337.65,0.41,0.37,2023-05-24,806,N,VIIRS,l,2,308.62,1.96,D,0
29.79157,75.34647,336.93,0.54,0.42,2023-11-12,743,N,VIIRS,n,2,301.01,4.64,D,0
30.04247,74.53679,331.55,0.39,0.36,2023-02-01,810,N,VIIRS,n,2,284.25,3.95,D,0
15.51884,79.06877,335.13,0.56,0.51,2023-02-21,831,N,VIIRS,l,2,306.91,4.62,D,0
25.8059,92.04035,347.67,0.49,0.41,2023-03-13,718,N,VIIRS,n,2,303.28,8.33,D,0
30.15063,74.3232,330.59,0.38,0.59,2023-05-05,726,N,VIIRS,n,2,300.24,2.0,D,0
21.07911,85.04221,341.68,0.5,0.41,2023-06-01,717,N,VIIRS,n,2,303.59,7.82,D,2
13.43586,74.73,337.93,0.4,0.6,2023-04-02,741,N,VIIRS,n,2,300.59,4.84,D,0
17.68928,75.10028,341.11,0.49,0.49,2023-02-02,747,N,VIIRS,n,2,303.26,7.81,D,0
21.59756,84.53143,345.6,0.41,0.37,2023-03-01,742,N,VIIRS,n,2,305.26,10.67,D,0
15.9797,77.51144,341.83,0.59,0.53,2023-04-13,735,N,VIIRS,l,2,314.31,15.53,D,0
22.84718,78.0232,299.72,0.55,0.51,2023-04-08,1959,N,VIIRS,n,2,287.48,0.25,N,0
18.86343,80.67049,335.3,0.41,0.37,2023-02-28,800,N,VIIRS,n,2,307.05,3.34,D,0
22.89739,75.60119,324.91,0.39,0.36,2023-04-11,2043,N,VIIRS,n,2,288.23,1.41,N,0
21.00257,72.76235,345.21,0.52,0.5,2023-02-20,851,N,VIIRS,n,2,313.47,8.23,D,0
30.56493,75.33996,339.67,0.32,0.55,2023-05-05,726,N,VIIRS,n,2,303.42,1.95,D,0
23.8053,86.33064,349.09,0.39,0.36,2023-03-23,730,N,VIIRS,n,2,320.09,6.66,D,2
27.10665,82.76432,299.94,0.36,0.57,2023-04-21,2054,N,VIIRS,n,2,289.55,0.52,N,0
23.48557,92.45624,346.76,0.49,0.65,2023-03-06,748,N,VIIRS,n,2,299.62,52.14,D,0
17.14141,77.18305,303.84,0.4,0.45,2023-10-25,2049,N,VIIRS,n,2,292.99,0.84,N,2
25.80507,76.64567,348.69,0.33,0.56,2023-11-09,839,N,VIIRS,n,2,295.25,6.12,D,0
22.05249,77.16217,341.7,0.39,0.36,2023-04-01,802,N,VIIRS,l,2,313.13,5.06,D,0
23.72024,75.86698,350.62,0.45,0.39,2023-04-16,821,N,VIIRS,n,2,320.62,17.01,D,0
16.17645,75.39766,313.34,0.43,0.38,2023-12-08,2024,N,VIIRS,n,2,288.58,1.28,N,0
22.35823,79.69358,330.66,0.48,0.4,2023-11-16,806,N,VIIRS,l,2,304.01,2.7,D,0
26.05243,93.32657,340.64,0.39,0.44,2023-03-13,718,N,VIIRS,n,2,300.95,5.11,D,0
13.90344,76.02743,349.15,0.39,0.36,2023-02-27,818,N,VIIRS,n,2,314.36,7.13,D,0
22.42161,85.38606,341.01,0.46,0.39,2023-04-14,718,N,VIIRS,n,2,309.33,2.25,D,0
24.58986,76.89662,344.96,0.46,0.39,2023-04-23,750,N,VIIRS,n,2,314.95,9.24,D,0
23.68453,86.38808,303.35,0.42,0.61,2023-03-04,1913,N,VIIRS,n,2,292.84,1.94,N,2
18.42013,80.65987,348.52,0.61,0.53,2023-03-04,825,N,VIIRS,n,2,311.39,33.46,D,0
23.46218,75.21226,367.0,0.38,0.58,2023-04-24,731,N,VIIRS,h,2,313.59,23.74,D,0
30.98158,75.06467,348.14,0.4,0.6,2023-05-16,720,N,VIIRS,n,2,301.95,4.77,D,0
23.30827,79.76505,342.51,0.4,0.44,2023-11-18,729,N,VIIRS,n,2,304.14,10.18,D,0
20.96376,85.17843,334.98,0.4,0.37,2023-03-12,2005,N,VIIRS,n,2,297.71,1.75,N,2
25.53438,93.51291,331.31,0.38,0.59,2023-03-12,737,N,VIIRS,n,2,297.37,5.95,D,0
18.6786,73.04192,300.93,0.42,0.61,2023-08-20,2127,N,VIIRS,n,2,287.73,1.81,N,2
23.68823,86.39104,305.16,0.51,0.41,2023-11-03,1938,N,VIIRS,n,2,293.73,1.15,N,2
29.69351,79.00771,337.42,0.52,0.42,2023-06-09,809,N,VIIRS,n,2,307.21,2.9,D,0
22.44378,82.20119,307.79,0.57,0.43,2023-04-19,1952,N,VIIRS,n,2,296.26,3.43,N,0
18.54067,74.73092,341.9,0.41,0.45,2023-01-25,838,N,VIIRS,n,2,300.06,4.88,D,0
27.37802,84.24691,306.92,0.43,0.62,2023-04-05,2054,N,VIIRS,n,2,292.55,0.93,N,0
19.54769,80.20808,344.05,0.47,0.48,2023-04-16,820,N,VIIRS,n,2,306.61,2.39,D,0
26.10888,93.41517,348.77,0.39,0.44,2023-04-11,634,N,VIIRS,n,2,300.02,108.59,D,0
12.31327,79.41139,335.31,0.35,0.57,2023-08-21,836,N,VIIRS,n,2,293.84,4.26,D,0
25.91028,92.02749,334.52,0.39,0.36,2023-04-04,706,N,VIIRS,n,2,298.64,4.59,D,0
26.04787,78.92168,332.56,0.48,0.4,2023-10-31,807,N,VIIRS,l,2,304.98,1.52,D,0
17.77492,80.23602,301.98,0.38,0.36,2023-03-06,2018,N,VIIRS,n,2,287.48,0.54,N,0
15.96218,75.39498,337.51,0.33,0.56,2023-03-08,850,N,VIIRS,l,2,308.14,1.94,D,0
18.75716,83.15009,342.19,0.47,0.47,2023-04-14,717,N,VIIRS,n,2,299.82,6.58,D,0
15.7202,78.86902,346.14,0.39,0.36,2023-03-05,806,N,VIIRS,n,2,309.29,5.38,D,0
18.2446,82.12682,332.36,0.61,0.71,2023-03-14,838,N,VIIRS,l,2,302.61,4.58,D,0
21.71189,86.1363,310.12,0.39,0.36,2023-04-19,1952,N,VIIRS,n,2,298.35,2.28,N,0
28.13435,77.1856,337.94,0.38,0.59,2023-04-15,841,N,VIIRS,l,2,309.46,3.07,D,0
26.08961,93.44422,367.0,0.39,0.44,2023-04-11,634,N,VIIRS,h,2,302.58,7.71,D,0
18.44281,77.78923,344.73,0.39,0.36,2023-11-11,759,N,VIIRS,n,2,302.91,5.43,D,0
19.6094,84.18943,302.84,0.43,0.38,2023-03-02,1952,N,VIIRS,n,2,292.15,1.1,N,0
9.89972,78.32172,330.91,0.7,0.75,2023-04-14,715,N,VIIRS,l,2,301.43,5.04,D,0
20.83455,70.69414,307.85,0.41,0.37,2023-05-02,2050,N,VIIRS,n,2,293.95,0.8,N,2
30.66747,75.18459,349.14,0.39,0.36,2023-11-16,809,N,VIIRS,n,2,308.64,12.85,D,0
20.50233,80.34078,335.7,0.62,0.54,2023-04-05,826,N,VIIRS,n,2,302.92,7.06,D,0
19.95905,84.2603,334.15,0.38,0.36,2023-03-28,736,N,VIIRS,n,2,303.21,6.01,D,0
21.81802,82.81433,335.27,0.41,0.37,2023-01-17,748,N,VIIRS,n,2,301.24,5.65,D,0
23.1569,77.60797,337.12,0.53,0.42,2023-05-04,743,N,VIIRS,n,2,304.92,6.44,D,0
24.17156,82.5595,307.5,0.59,0.7,2023-03-25,1920,N,VIIRS,n,2,289.69,1.96,N,2
21.52437,85.92805,336.26,0.34,0.56,2023-03-25,652,N,VIIRS,n,2,301.17,1.73,D,0
20.97174,86.0007,311.94,0.5,0.41,2023-12-21,1938,N,VIIRS,n,2,288.78,1.8,N,2
27.93973,79.88047,330.61,0.43,0.38,2023-02-08,737,N,VIIRS,n,2,295.31,1.72,D,0
22.78566,86.20599,304.81,0.71,0.75,2023-10-14,2053,N,VIIRS,n,2,293.36,2.35,N,2
13.89707,76.56455,306.51,0.39,0.36,2023-02-07,2026,N,VIIRS,n,2,291.85,0.72,N,2
21.30247,84.28967,343.27,0.38,0.36,2023-03-12,736,N,VIIRS,n,2,307.86,3.5,D,0
17.63374,79.76835,344.82,0.43,0.38,2023-05-24,806,N,VIIRS,n,2,308.92,5.99,D,0
14.66844,74.95877,338.72,0.45,0.47,2023-03-11,753,N,VIIRS,n,2,304.4,4.36,D,0
31.23464,76.10487,338.67,0.57,0.52,2023-05-21,726,N,VIIRS,l,2,312.75,2.64,D,0
31.58839,75.15725,335.44,0.51,0.41,2023-05-18,823,N,VIIRS,n,2,305.01,2.07,D,0
22.00693,82.66945,313.36,0.43,0.62,2023-07-04,1926,N,VIIRS,n,2,285.62,1.82,N,2
31.583,77.94016,326.78,0.41,0.37,2023-02-12,2027,N,VIIRS,n,2,277.13,4.75,N,0
22.03453,84.78796,305.99,0.5,0.41,2023-03-13,1946,N,VIIRS,n,2,294.21,2.21,N,0
22.04148,83.73898,310.54,0.52,0.42,2023-10-21,2022,N,VIIRS,n,2,295.37,2.73,N,2
14.73357,77.92613,338.5,0.56,0.43,2023-03-06,747,N,VIIRS,n,2,311.3,10.13,D,0
22.01794,82.17929,301.67,0.46,0.47,2023-02-09,1946,N,VIIRS,n,2,289.65,1.27,N,0
29.91236,75.41751,353.91,0.43,0.46,2023-11-07,737,N,VIIRS,n,2,306.65,43.42,D,0
16.13121,77.93122,299.58,0.59,0.7,2023-03-03,2115,N,VIIRS,n,2,287.98,0.93,N,0
20.75909,80.16188,336.33,0.43,0.38,2023-04-02,742,N,VIIRS,l,2,306.39,7.4,D,0
21.13449,70.55637,334.15,0.38,0.59,2023-05-10,910,N,VIIRS,l,2,305.57,3.2,D,0
23.71716,77.67949,301.3,0.41,0.45,2023-04-21,2055,N,VIIRS,n,2,288.69,0.38,N,0
21.50874,74.29628,344.37,0.52,0.41,2023-12-06,831,N,VIIRS,n,2,296.32,11.11,D,0
18.84509,75.81929,308.13,0.69,0.75,2023-02-20,1940,N,VIIRS,n,2,288.13,1.48,N,0
13.85953,75.2504,330.5,0.38,0.43,2023-05-17,837,N,VIIRS,l,2,303.38,1.01,D,0
13.9202,75.84804,306.64,0.47,0.47,2023-03-04,2057,N,VIIRS,n,2,292.03,0.89,N,0
23.47726,80.03457,337.92,0.59,0.53,2023-11-24,716,N,VIIRS,n,2,298.27,6.18,D,0
23.77129,86.3883,306.96,0.56,0.43,2023-10-16,2015,N,VIIRS,n,2,295.75,3.02,N,2
23.66995,86.41857,301.81,0.47,0.47,2023-11-06,2022,N,VIIRS,n,2,286.62,1.43,N,2
15.19769,77.02708,332.78,0.52,0.5,2023-05-04,741,N,VIIRS,n,2,301.06,9.61,D,0
20.60178,80.62759,333.53,0.41,0.45,2023-03-10,813,N,VIIRS,l,2,308.21,2.69,D,0
25.71316,94.73972,338.93,0.41,0.37,2023-04-15,659,N,VIIRS,n,2,298.36,5.56,D,0
24.45379,93.30034,343.44,0.71,0.75,2023-03-11,755,N,VIIRS,n,2,288.88,11.37,D,0
23.10856,84.3366,338.34,0.51,0.41,2023-05-16,717,N,VIIRS,l,2,313.1,5.55,D,0
17.08494,77.82738,333.74,0.52,0.41,2023-01-01,747,N,VIIRS,n,2,298.34,3.45,D,0
21.37479,81.99027,336.98,0.51,0.49,2023-02-06,813,N,VIIRS,n,2,307.38,5.62,D,0
12.45631,76.7934,339.01,0.46,0.39,2023-03-20,824,N,VIIRS,l,2,310.14,5.13,D,0
21.62901,86.41393,313.33,0.39,0.36,2023-03-07,1958,N,VIIRS,n,2,279.0,1.24,N,0
17.90533,80.6451,335.34,0.48,0.65,2023-03-14,838,N,VIIRS,n,2,302.7,6.75,D,0
15.73973,76.95909,348.66,0.5,0.41,2023-03-27,754,N,VIIRS,n,2,315.27,18.61,D,0
25.45847,93.26926,347.77,0.39,0.36,2023-04-10,653,N,VIIRS,n,2,304.07,5.28,D,0
23.79932,87.04951,310.01,0.43,0.38,2023-12-25,2002,N,VIIRS,n,2,295.47,1.91,N,2
24.23196,93.76481,342.47,0.39,0.36,2023-03-09,652,N,VIIRS,n,2,297.85,4.29,D,0
23.88983,74.35846,346.33,0.42,0.61,2023-05-10,731,N,VIIRS,n,2,312.33,3.07,D,0
22.31028,83.95992,337.52,0.45,0.47,2023-02-04,711,N,VIIRS,n,2,307.42,3.05,D,0
18.41763,79.8615,324.93,0.4,0.37,2023-04-12,2025,N,VIIRS,n,2,296.53,3.56,N,0
19.23806,78.88487,335.63,0.62,0.71,2023-03-08,851,N,VIIRS,n,2,302.95,5.1,D,0
22.22889,84.41465,300.0,0.52,0.41,2023-12-10,1944,N,VIIRS,n,2,287.46,0.91,N,0
23.71883,85.01024,301.7,0.41,0.37,2023-02-13,2010,N,VIIRS,n,2,282.68,0.65,N,2
23.27384,87.97597,326.84,0.47,0.48,2023-01-04,652,N,VIIRS,n,2,294.99,2.0,D,0
22.5214,73.91884,305.08,0.39,0.59,2023-02-25,2126,N,VIIRS,n,2,293.2,1.45,N,0
27.536,96.34648,335.23,0.61,0.53,2023-03-13,718,N,VIIRS,n,2,298.65,4.22,D,0
9.25257,78.08958,340.86,0.41,0.37,2023-02-27,816,N,VIIRS,l,2,313.36,6.27,D,0
30.32889,74.62576,348.02,0.55,0.68,2023-05-11,714,N,VIIRS,n,2,314.73,6.84,D,0
30.49319,75.45895,332.88,0.4,0.6,2023-11-14,847,N,VIIRS,n,2,297.03,5.11,D,0
22.75641,78.47964,306.66,0.47,0.64,2023-04-04,2114,N,VIIRS,n,2,285.95,1.08,N,0
25.50354,94.0389,335.63,0.39,0.37,2023-03-14,659,N,VIIRS,n,2,297.33,13.39,D,0
31.10949,77.81564,308.29,0.39,0.36,2023-01-05,2039,N,VIIRS,n,2,273.6,1.49,N,0
19.75805,82.58258,341.17,0.39,0.36,2023-03-01,741,N,VIIRS,l,2,311.42,4.35,D,0
16.83751,73.90859,337.4,0.48,0.48,2023-03-27,754,N,VIIRS,n,2,311.13,4.68,D,0
20.13004,83.92151,334.62,0.49,0.4,2023-04-19,723,N,VIIRS,l,2,308.78,3.55,D,0
29.23285,79.96022,313.41,0.46,0.39,2023-06-14,2040,N,VIIRS,n,2,292.91,1.36,N,0
26.51801,84.06647,342.27,0.39,0.36,2023-11-23,736,N,VIIRS,n,2,301.56,4.24,D,0
16.22622,80.69746,349.41,0.54,0.42,2023-05-29,812,N,VIIRS,n,2,302.96,17.34,D,0
19.86273,73.82733,348.09,0.47,0.48,2023-04-04,845,N,VIIRS,n,2,307.75,4.34,D,0
13.23125,78.395,336.92,0.58,0.52,2023-03-12,734,N,VIIRS,l,2,307.86,4.92,D,0
22.41873,79.74504,332.05,0.39,0.36,2023-11-06,754,N,VIIRS,l,2,305.83,2.72,D,0
22.87418,86.06257,297.06,0.44,0.63,2023-03-10,2042,N,VIIRS,n,2,277.48,0.61,N,2
22.78761,79.09565,331.17,0.35,0.57,2023-04-10,833,N,VIIRS,l,2,306.02,0.95,D,0
19.52496,83.9035,305.7,0.47,0.4,2023-03-06,2018,N,VIIRS,n,2,292.57,1.19,N,0
25.61742,76.72562,338.8,0.52,0.67,2023-11-03,711,N,VIIRS,n,2,300.44,4.25,D,0
19.80879,79.48526,339.48,0.41,0.37,2023-03-22,748,N,VIIRS,l,2,311.4,3.27,D,0
13.57485,76.83991,337.33,0.5,0.65,2023-02-25,855,N,VIIRS,n,2,311.44,7.33,D,0
31.57738,74.83086,333.79,0.41,0.37,2023-10-21,756,N,VIIRS,n,2,300.52,2.18,D,0
12.39506,76.72552,334.06,0.79,0.78,2023-12-26,713,N,VIIRS,n,2,296.79,8.4,D,0
31.46385,75.18825,347.09,0.44,0.38,2023-05-13,817,N,VIIRS,n,2,314.92,6.43,D,0
23.78918,77.80157,324.57,0.46,0.47,2023-04-13,2005,N,VIIRS,n,2,287.35,2.87,N,0
23.80822,81.8661,335.06,0.4,0.37,2023-04-07,750,N,VIIRS,l,2,309.29,1.32,D,0
23.72901,85.02263,302.98,0.51,0.49,2023-04-20,1933,N,VIIRS,n,2,286.72,1.71,N,2
20.06137,81.45741,342.49,0.57,0.52,2023-02-25,716,N,VIIRS,l,2,312.97,15.97,D,0
24.43899,93.11167,355.04,0.43,0.46,2023-04-11,634,N,VIIRS,n,2,311.28,53.32,D,0
21.67013,82.8073,343.52,0.38,0.36,2023-01-28,742,N,VIIRS,n,2,304.74,4.03,D,0
24.05214,82.95692,340.26,0.72,0.76,2023-04-16,641,N,VIIRS,n,2,298.5,7.84,D,0
19.02738,80.20393,308.76,0.45,0.47,2023-03-10,2043,N,VIIRS,n,2,293.18,1.92,N,0
22.40134,77.45405,322.06,0.47,0.64,2023-03-29,1946,N,VIIRS,n,2,288.48,2.46,N,0
26.73366,91.0872,331.36,0.35,0.56,2023-03-01,743,N,VIIRS,n,2,297.42,4.03,D,0
31.82574,74.65373,341.52,0.42,0.38,2023-05-13,817,N,VIIRS,l,2,312.93,4.4,D,0
30.04826,79.55441,307.27,0.43,0.38,2023-04-11,2041,N,VIIRS,n,2,284.54,0.91,N,0
22.18004,85.47256,303.28,0.52,0.42,2023-03-06,2017,N,VIIRS,n,2,288.43,0.63,N,0
29.12729,75.77702,302.05,0.37,0.58,2023-08-04,2124,N,VIIRS,n,2,280.31,0.59,N,0
22.47159,83.7485,330.36,0.44,0.39,2023-04-07,749,N,VIIRS,l,2,305.27,1.67,D,0
23.69395,87.11259,296.84,0.51,0.49,2023-01-06,2022,N,VIIRS,n,2,284.01,1.05,N,2
18.56088,80.90808,335.94,0.33,0.55,2023-03-13,716,N,VIIRS,n,2,306.03,3.77,D,0
15.67699,78.72621,330.93,0.4,0.44,2023-03-01,740,N,VIIRS,l,2,303.83,3.38,D,0
24.92904,80.62277,352.77,0.51,0.5,2023-05-16,718,N,VIIRS,n,2,312.3,6.41,D,0
23.76623,86.37617,330.43,0.48,0.4,2023-05-27,711,N,VIIRS,l,2,304.42,1.37,D,2
26.57601,83.43863,311.73,0.35,0.56,2023-04-20,1932,N,VIIRS,n,2,287.46,0.5,N,0
19.72255,84.85352,331.91,0.45,0.39,2023-06-06,722,N,VIIRS,l,2,303.48,6.4,D,0
22.27563,79.79563,340.22,0.4,0.6,2023-11-19,710,N,VIIRS,n,2,301.54,2.92,D,0
32.29851,75.43492,332.96,0.8,0.78,2023-05-12,655,N,VIIRS,l,2,304.8,8.41,D,0
14.32617,76.10606,333.35,0.39,0.6,2023-02-08,734,N,VIIRS,n,2,304.22,3.57,D,0
31.34847,74.79639,351.76,0.42,0.38,2023-05-13,817,N,VIIRS,n,2,311.51,9.32,D,0
20.9984,86.01305,317.23,0.5,0.41,2023-10-18,1938,N,VIIRS,n,2,293.33,2.13,N,0
25.20705,84.19411,367.0,0.4,0.44,2023-04-12,756,N,VIIRS,h,2,317.77,20.06,D,0
30.70562,75.06842,356.05,0.53,0.5,2023-11-18,731,N,VIIRS,n,2,302.92,20.56,D,0
20.61447,81.98868,330.6,0.39,0.36,2023-04-07,749,N,VIIRS,n,2,300.28,1.89,D,0
28.57868,77.66865,333.17,0.38,0.36,2023-11-22,756,N,VIIRS,n,2,298.97,2.01,D,0
21.21753,81.73918,336.76,0.39,0.44,2023-02-17,807,N,VIIRS,n,2,306.35,1.92,D,0
26.64695,83.07623,334.26,0.38,0.36,2023-11-23,736,N,VIIRS,n,2,300.86,3.1,D,0
21.48551,81.76866,312.02,0.41,0.61,2023-12-01,2054,N,VIIRS,n,2,289.37,1.78,N,2
21.10699,72.63299,340.81,0.38,0.59,2023-02-13,742,N,VIIRS,l,2,310.87,5.26,D,2
25.81208,94.25008,367.0,0.42,0.61,2023-03-06,609,N,VIIRS,h,2,293.42,16.35,D,0
15.85995,75.73717,338.84,0.53,0.42,2023-02-05,831,N,VIIRS,n,2,309.93,3.71,D,0
21.8273,78.72138,350.61,0.39,0.59,2023-03-13,717,N,VIIRS,n,2,308.21,6.45,D,0
11.84364,78.88255,331.91,0.41,0.37,2023-05-29,811,N,VIIRS,l,2,305.78,1.88,D,0
31.85644,74.67092,335.59,0.39,0.36,2023-10-26,803,N,VIIRS,n,2,304.17,5.34,D,0
23.77986,86.20571,323.79,0.43,0.62,2023-06-30,2041,N,VIIRS,n,2,285.78,1.34,N,2
23.77701,86.39377,305.99,0.42,0.45,2023-08-26,1932,N,VIIRS,n,2,276.94,2.22,N,2
25.18826,93.78856,345.07,0.62,0.54,2023-03-07,730,N,VIIRS,n,2,299.85,18.0,D,0
17.7206,80.48717,340.56,0.37,0.58,2023-02-21,831,N,VIIRS,n,2,309.76,4.02,D,0
17.18794,73.98719,345.37,0.47,0.4,2023-02-17,806,N,VIIRS,n,2,314.75,5.65,D,0
30.37325,75.4478,340.23,0.39,0.59,2023-11-08,719,N,VIIRS,n,2,294.88,4.04,D,0
23.78626,81.48914,334.41,0.51,0.66,2023-04-10,834,N,VIIRS,n,2,299.8,6.29,D,0
31.22227,76.37578,332.43,0.39,0.36,2023-04-28,758,N,VIIRS,l,2,305.53,2.41,D,0
14.68883,78.27235,330.25,0.46,0.63,2023-06-06,721,N,VIIRS,n,2,297.09,2.69,D,0
26.59261,82.91873,351.12,0.4,0.37,2023-04-18,744,N,VIIRS,n,2,320.15,6.66,D,0
21.30972,83.1459,338.91,0.44,0.38,2023-03-23,730,N,VIIRS,n,2,304.4,4.08,D,0
18.36554,73.5299,345.74,0.52,0.42,2023-04-15,839,N,VIIRS,n,2,307.28,16.27,D,0
26.32858,79.30737,332.63,0.39,0.36,2023-11-01,749,N,VIIRS,n,2,304.68,1.75,D,0
29.59554,79.39429,332.29,0.43,0.38,2023-06-16,738,N,VIIRS,l,2,305.77,3.11,D,0
24.34504,94.29433,336.16,0.33,0.55,2023-04-08,730,N,VIIRS,l,2,306.44,3.14,D,0
20.44901,84.73045,306.86,0.49,0.49,2023-03-03,1933,N,VIIRS,n,2,294.36,1.64,N,0
27.00114,80.20991,335.17,0.38,0.59,2023-05-06,706,N,VIIRS,l,2,305.63,3.27,D,0
14.98325,75.69653,355.41,0.34,0.56,2023-03-08,850,N,VIIRS,n,2,310.68,3.82,D,0
25.6023,76.58863,347.98,0.39,0.37,2023-04-22,809,N,VIIRS,l,2,322.17,10.78,D,0
25.90249,92.42493,303.18,0.47,0.4,2023-04-10,1920,N,VIIRS,n,2,289.23,0.96,N,0
25.44272,92.98094,338.88,0.56,0.52,2023-04-08,731,N,VIIRS,n,2,300.24,8.14,D,0
30.53033,75.37034,330.86,0.4,0.37,2023-11-16,809,N,VIIRS,n,2,299.12,1.68,D,0
18.53387,74.29937,305.15,0.39,0.36,2023-01-05,2043,N,VIIRS,n,2,288.14,0.79,N,0
20.44153,85.18453,339.17,0.42,0.38,2023-04-18,742,N,VIIRS,n,2,308.71,3.24,D,0
23.64894,81.84196,340.54,0.46,0.47,2023-03-13,718,N,VIIRS,n,2,307.14,3.22,D,0
21.10282,72.63622,342.28,0.58,0.52,2023-06-10,2017,N,VIIRS,n,2,292.58,10.57,N,0
25.7893,76.65642,345.32,0.66,0.73,2023-04-20,706,N,VIIRS,n,2,304.54,6.4,D,0
16.00078,78.96536,338.0,0.41,0.37,2023-02-23,753,N,VIIRS,n,2,309.91,2.21,D,0
19.8648,83.37581,305.88,0.58,0.52,2023-04-20,1934,N,VIIRS,n,2,292.36,2.77,N,0
24.21833,91.936,340.43,0.43,0.38,2023-04-10,653,N,VIIRS,n,2,302.56,7.74,D,0
25.85121,92.54287,332.48,0.53,0.67,2023-04-07,750,N,VIIRS,n,2,293.28,4.17,D,0
30.38552,75.15039,343.39,0.43,0.38,2023-11-05,815,N,VIIRS,n,2,300.85,4.53,D,0
20.37655,77.52525,341.49,0.41,0.45,2023-04-05,826,N,VIIRS,l,2,316.22,13.68,D,0
23.09129,77.70343,342.83,0.43,0.46,2023-03-12,736,N,VIIRS,l,2,314.48,12.72,D,0
25.63178,94.71107,335.62,0.39,0.36,2023-04-10,653,N,VIIRS,l,2,309.54,5.19,D,0
16.89073,82.11573,339.18,0.54,0.42,2023-06-09,806,N,VIIRS,l,2,309.19,5.59,D,0
17.18686,74.04247,336.26,0.38,0.59,2023-03-01,741,N,VIIRS,l,2,307.17,3.86,D,0
25.69966,93.63675,337.23,0.49,0.4,2023-03-08,711,N,VIIRS,n,2,301.79,8.17,D,0
29.66085,76.78078,339.95,0.42,0.38,2023-05-08,810,N,VIIRS,l,2,311.92,3.22,D,0
16.35419,77.33023,347.26,0.47,0.4,2023-03-11,753,N,VIIRS,n,2,311.07,4.8,D,0
22.62649,72.14179,344.57,0.5,0.49,2023-03-24,852,N,VIIRS,n,2,308.57,5.85,D,0
10.75735,78.66839,335.87,0.48,0.65,2023-08-31,848,N,VIIRS,n,2,287.9,4.88,D,0
25.92033,92.58983,334.48,0.44,0.39,2023-05-11,712,N,VIIRS,n,2,303.16,3.32,D,0
27.22215,83.27593,341.62,0.4,0.44,2023-04-25,713,N,VIIRS,n,2,310.45,6.54,D,0
23.78295,86.38959,305.21,0.52,0.5,2023-12-11,1925,N,VIIRS,n,2,289.2,2.47,N,2
23.86188,86.52182,316.27,0.41,0.37,2023-05-15,2004,N,VIIRS,n,2,294.44,1.11,N,0
21.76476,84.02564,305.77,0.4,0.37,2023-05-04,2011,N,VIIRS,n,2,294.75,1.42,N,2
23.80614,86.32818,314.23,0.46,0.39,2023-04-02,2011,N,VIIRS,n,2,295.85,2.14,N,2
21.18297,81.38174,304.23,0.39,0.36,2023-01-01,2017,N,VIIRS,n,2,291.28,0.83,N,2
11.81707,77.91808,319.08,0.49,0.4,2023-03-12,2008,N,VIIRS,n,2,294.84,2.58,N,2
18.39234,80.75729,347.8,0.43,0.62,2023-03-08,710,N,VIIRS,n,2,301.0,4.26,D,0
23.71645,86.44403,316.48,0.51,0.41,2023-04-09,1939,N,VIIRS,n,2,296.08,4.69,N,2
29.36186,73.54543,352.96,0.42,0.37,2023-10-26,802,N,VIIRS,n,2,307.8,8.34,D,0
30.99206,76.2178,347.01,0.42,0.37,2023-11-01,750,N,VIIRS,n,2,305.41,9.94,D,0
19.33318,81.39427,336.14,0.45,0.39,2023-04-17,801,N,VIIRS,l,2,309.5,2.72,D,0
17.52586,80.72037,336.19,0.6,0.53,2023-03-04,825,N,VIIRS,l,2,306.22,8.75,D,0
30.34654,75.70101,330.72,0.47,0.64,2023-11-03,712,N,VIIRS,n,2,294.29,3.0,D,0
31.88168,74.94827,344.38,0.43,0.38,2023-05-13,817,N,VIIRS,n,2,311.76,3.49,D,0
23.16576,79.78648,334.46,0.48,0.65,2023-11-14,704,N,VIIRS,n,2,290.64,4.98,D,0
22.10479,84.67803,337.71,0.39,0.36,2023-03-12,736,N,VIIRS,l,2,308.25,3.38,D,0
15.7134,74.4833,335.34,0.46,0.39,2023-04-10,832,N,VIIRS,l,2,307.79,4.97,D,0
30.3961,75.4372,331.93,0.41,0.45,2023-11-15,828,N,VIIRS,n,2,301.28,5.15,D,0
22.78165,86.58131,333.7,0.43,0.38,2023-03-12,736,N,VIIRS,l,2,307.41,2.42,D,0
23.5431,85.49422,300.16,0.5,0.41,2023-04-23,2017,N,VIIRS,n,2,287.35,0.53,N,0
20.00567,79.1827,302.69,0.34,0.56,2023-02-25,1946,N,VIIRS,n,2,292.05,0.85,N,0
22.06396,79.48615,343.23,0.4,0.37,2023-04-23,749,N,VIIRS,l,2,313.6,10.95,D,0
15.84385,75.72134,347.36,0.4,0.37,2023-12-28,817,N,VIIRS,n,2,314.04,6.45,D,0
24.6589,87.42406,335.68,0.42,0.38,2023-03-07,730,N,VIIRS,l,2,307.56,4.21,D,0
22.05298,73.18485,335.09,0.46,0.47,2023-04-20,846,N,VIIRS,l,2,309.04,1.6,D,0
24.44993,83.03857,306.22,0.43,0.46,2023-04-06,2036,N,VIIRS,n,2,293.17,0.7,N,2
25.86156,80.90918,340.32,0.42,0.38,2023-04-28,756,N,VIIRS,n,2,304.53,3.2,D,0
18.27181,81.49899,335.55,0.43,0.46,2023-03-10,813,N,VIIRS,n,2,303.32,3.26,D,0
11.69628,78.87184,332.11,0.55,0.42,2023-05-25,746,N,VIIRS,n,2,299.4,3.27,D,0
31.11117,77.78504,340.34,0.47,0.48,2023-11-26,821,N,VIIRS,n,2,289.51,11.92,D,0
21.81461,79.10937,334.55,0.41,0.37,2023-11-01,747,N,VIIRS,n,2,302.64,2.04,D,0
22.53721,76.00637,343.91,0.45,0.39,2023-02-07,755,N,VIIRS,n,2,305.39,4.36,D,0
30.0824,74.41281,348.75,0.4,0.37,2023-05-13,816,N,VIIRS,n,2,316.75,6.92,D,0
23.91318,92.15482,339.6,0.39,0.36,2023-04-15,659,N,VIIRS,n,2,290.12,5.53,D,0
31.07296,76.17989,333.19,0.48,0.4,2023-11-05,815,N,VIIRS,l,2,303.53,5.36,D,0
14.6609,74.92624,306.18,0.5,0.49,2023-03-09,2103,N,VIIRS,n,2,290.13,1.01,N,0
23.1991,83.723,343.91,0.38,0.36,2023-04-13,737,N,VIIRS,n,2,311.6,4.15,D,0
21.2847,80.81905,302.1,0.35,0.57,2023-03-08,1940,N,VIIRS,n,2,290.99,0.78,N,0
31.54098,74.82254,342.46,0.53,0.5,2023-10-01,732,N,VIIRS,n,2,304.48,7.91,D,0
22.79814,86.20173,306.7,0.46,0.47,2023-03-27,2023,N,VIIRS,n,2,291.9,0.94,N,2
19.21365,73.55495,306.64,0.38,0.36,2023-01-21,2043,N,VIIRS,n,2,286.6,0.83,N,0
19.53707,84.26912,308.51,0.5,0.41,2023-03-13,1946,N,VIIRS,n,2,293.06,1.2,N,0
10.85845,76.60218,314.21,0.46,0.47,2023-02-27,2052,N,VIIRS,n,2,297.49,2.39,N,0
30.78277,75.55157,341.25,0.44,0.38,2023-11-01,750,N,VIIRS,n,2,301.55,19.38,D,0
22.4004,85.33538,333.27,0.43,0.46,2023-03-11,755,N,VIIRS,l,2,308.14,3.37,D,0
23.11853,84.26982,298.73,0.56,0.51,2023-04-20,1933,N,VIIRS,n,2,284.65,1.07,N,0
17.67778,80.23383,356.62,0.56,0.51,2023-03-04,825,N,VIIRS,n,2,310.33,11.58,D,0
26.87811,92.2429,332.96,0.4,0.37,2023-03-09,653,N,VIIRS,l,2,304.91,2.3,D,0
21.31085,79.22117,337.97,0.46,0.64,2023-04-09,711,N,VIIRS,n,2,296.82,3.22,D,0
22.45652,76.08781,307.57,0.57,0.52,2023-05-31,2004,N,VIIRS,n,2,294.85,2.53,N,0
18.84563,80.38177,335.65,0.35,0.57,2023-04-14,717,N,VIIRS,n,2,301.81,1.93,D,0
14.04534,77.61703,303.88,0.47,0.4,2023-02-17,2038,N,VIIRS,n,2,291.84,0.53,N,0
31.72031,75.54824,346.84,0.38,0.36,2023-05-19,804,N,VIIRS,l,2,320.57,17.36,D,0
24.51738,77.32211,331.76,0.56,0.69,2023-04-09,853,N,VIIRS,l,2,304.39,2.37,D,0
15.6712,78.71907,341.48,0.39,0.36,2023-02-28,759,N,VIIRS,n,2,310.61,4.73,D,0
14.96401,75.23833,300.65,0.42,0.61,2023-12-31,1953,N,VIIRS,n,2,287.83,0.79,N,0
25.42712,81.36609,336.0,0.41,0.37,2023-10-22,736,N,VIIRS,n,2,304.26,3.06,D,0
24.50077,78.95814,346.17,0.46,0.39,2023-05-08,808,N,VIIRS,n,2,314.99,6.77,D,0
23.66817,84.99471,301.91,0.41,0.45,2023-07-14,1939,N,VIIRS,n,2,272.33,0.71,N,2
15.66102,78.82672,336.05,0.35,0.56,2023-04-15,838,N,VIIRS,n,2,302.02,1.96,D,0
24.48347,93.80531,330.52,0.42,0.38,2023-05-06,705,N,VIIRS,l,2,304.69,3.76,D,0
18.34978,82.25128,337.25,0.39,0.59,2023-04-05,826,N,VIIRS,n,2,303.94,2.65,D,0
25.13415,83.39286,335.79,0.4,0.37,2023-12-20,729,N,VIIRS,n,2,290.87,4.87,D,0
22.44018,73.62347,342.87,0.62,0.71,2023-04-24,911,N,VIIRS,n,2,299.57,4.77,D,0
23.26477,70.24992,298.72,0.54,0.68,2023-01-12,2010,N,VIIRS,n,2,285.71,0.92,N,2
30.22233,74.21352,354.83,0.4,0.45,2023-11-12,744,N,VIIRS,n,2,304.66,11.57,D,0
26.89202,82.899,303.87,0.59,0.7,2023-04-10,1920,N,VIIRS,n,2,289.67,2.06,N,0
23.78332,86.34753,308.83,0.4,0.37,2023-07-08,1951,N,VIIRS,n,2,291.15,1.73,N,2
23.40709,79.84502,339.22,0.6,0.53,2023-11-24,716,N,VIIRS,n,2,300.14,8.01,D,0
14.90686,79.92509,339.56,0.42,0.37,2023-01-16,805,N,VIIRS,n,2,301.9,5.84,D,0
18.48067,73.18781,337.97,0.63,0.72,2023-02-19,729,N,VIIRS,n,2,309.91,1.94,D,0
23.76214,86.39146,306.93,0.47,0.39,2023-12-14,2009,N,VIIRS,n,2,289.72,1.49,N,2
30.24026,74.0463,340.09,0.4,0.6,2023-11-19,853,N,VIIRS,n,2,294.18,2.44,D,0
18.89932,78.09518,344.3,0.39,0.36,2023-10-26,759,N,VIIRS,n,2,307.91,6.75,D,0
20.82675,86.96427,337.34,0.4,0.44,2023-06-23,704,N,VIIRS,n,2,289.57,5.15,D,0
15.229,74.77477,319.31,0.36,0.57,2023-03-07,2000,N,VIIRS,n,2,291.28,0.76,N,0
12.60413,79.95094,336.34,0.6,0.53,2023-04-08,728,N,VIIRS,n,2,303.97,6.66,D,0
21.1483,85.69418,318.28,0.41,0.37,2023-03-12,2005,N,VIIRS,n,2,292.66,1.39,N,0
30.51576,75.57641,356.62,0.42,0.45,2023-05-07,829,N,VIIRS,n,2,315.35,15.2,D,0
18.68532,73.02852,342.35,0.42,0.38,2023-06-09,2037,N,VIIRS,n,2,292.87,4.13,N,2
21.92966,85.22395,301.75,0.42,0.45,2023-02-07,2023,N,VIIRS,n,2,286.7,0.61,N,2
22.21183,84.86813,316.65,0.4,0.44,2023-11-19,1938,N,VIIRS,n,2,291.35,1.38,N,2
19.61129,73.22307,337.9,0.69,0.74,2023-03-12,916,N,VIIRS,n,2,299.09,15.43,D,0
22.00433,77.66875,331.26,0.45,0.47,2023-01-07,736,N,VIIRS,n,2,297.94,2.6,D,0
20.34273,79.70829,336.95,0.45,0.39,2023-04-06,807,N,VIIRS,n,2,303.7,1.72,D,0
21.8253,84.37741,338.54,0.34,0.56,2023-05-17,658,N,VIIRS,n,2,305.04,3.33,D,0
29.63437,75.93916,334.86,0.4,0.37,2023-10-05,756,N,VIIRS,n,2,305.14,1.84,D,0
16.09488,77.3215,348.66,0.39,0.37,2023-05-13,812,N,VIIRS,n,2,308.76,5.97,D,0
23.76934,86.39551,309.54,0.52,0.41,2023-10-18,1938,N,VIIRS,n,2,296.09,1.89,N,2
29.81476,79.18971,344.65,0.64,0.72,2023-03-03,847,N,VIIRS,n,2,298.37,9.58,D,0
25.21899,92.77437,367.0,0.34,0.56,2023-03-16,621,N,VIIRS,h,2,305.65,35.03,D,0
15.39478,77.92486,347.23,0.4,0.37,2023-02-12,759,N,VIIRS,n,2,314.73,6.98,D,0
30.42365,76.0537,332.86,0.49,0.4,2023-11-12,744,N,VIIRS,l,2,304.35,17.32,D,0
17.6061,83.20164,334.49,0.39,0.36,2023-01-28,741,N,VIIRS,l,2,308.26,3.52,D,2
31.71132,74.69122,331.96,0.61,0.71,2023-05-06,708,N,VIIRS,n,2,296.24,2.16,D,0
30.52425,74.78954,333.92,0.41,0.37,2023-11-06,756,N,VIIRS,n,2,298.45,26.87,D,0
15.68329,78.45792,306.04,0.39,0.36,2023-11-17,2018,N,VIIRS,n,2,294.0,0.68,N,2
23.5701,77.11587,347.81,0.45,0.47,2023-04-13,737,N,VIIRS,n,2,316.0,12.96,D,0
15.33422,76.2866,313.51,0.47,0.4,2023-04-11,2045,N,VIIRS,n,2,297.22,2.27,N,2
25.48854,75.77549,344.45,0.36,0.58,2023-05-06,846,N,VIIRS,n,2,308.03,5.05,D,0
22.67444,78.03722,343.98,0.43,0.38,2023-04-07,749,N,VIIRS,n,2,310.74,8.27,D,0
30.19094,76.5859,330.23,0.39,0.36,2023-10-26,802,N,VIIRS,l,2,302.19,4.81,D,0
18.47431,79.3953,335.17,0.39,0.36,2023-12-13,759,N,VIIRS,n,2,301.4,3.74,D,0
23.32685,70.214,303.55,0.54,0.68,2023-11-28,2010,N,VIIRS,n,2,288.52,0.7,N,0
18.75394,79.03769,333.3,0.54,0.51,2023-05-26,729,N,VIIRS,l,2,303.89,2.47,D,0
25.53297,84.28374,309.36,0.4,0.44,2023-04-17,2029,N,VIIRS,n,2,293.02,0.68,N,0
26.76131,90.58588,334.7,0.44,0.38,2023-03-13,718,N,VIIRS,l,2,307.7,4.54,D,0
15.17907,77.10393,306.29,0.39,0.36,2023-01-06,2025,N,VIIRS,n,2,291.86,1.03,N,2
23.09314,84.37608,305.13,0.4,0.37,2023-05-10,1958,N,VIIRS,n,2,293.14,0.61,N,0
24.22456,93.50324,353.09,0.41,0.45,2023-03-10,633,N,VIIRS,n,2,311.08,31.55,D,0
20.5149,85.72421,300.63,0.39,0.44,2023-02-02,2017,N,VIIRS,n,2,288.58,0.94,N,2
23.53527,85.06296,336.26,0.36,0.57,2023-05-12,652,N,VIIRS,n,2,282.16,2.95,D,0
22.79256,76.55427,308.02,0.34,0.56,2023-03-23,1959,N,VIIRS,n,2,288.25,0.57,N,0
30.36802,75.1756,337.51,0.49,0.49,2023-11-04,834,N,VIIRS,n,2,292.4,6.15,D,0
30.24322,75.94497,331.47,0.46,0.39,2023-11-05,815,N,VIIRS,n,2,302.01,1.93,D,0
16.62274,73.70786,340.45,0.39,0.36,2023-04-05,826,N,VIIRS,n,2,307.78,3.18,D,0
21.11208,72.63824,310.05,0.55,0.43,2023-02-28,2030,N,VIIRS,n,2,295.04,1.93,N,2
23.78484,82.23175,305.08,0.42,0.38,2023-04-12,2024,N,VIIRS,n,2,292.42,0.96,N,0
26.90256,95.40567,340.96,0.44,0.39,2023-01-09,659,N,VIIRS,n,2,303.23,52.75,D,0
19.3123,80.60194,315.24,0.44,0.38,2023-05-15,2005,N,VIIRS,n,2,296.87,2.36,N,0
20.67462,80.0033,341.74,0.54,0.51,2023-06-06,723,N,VIIRS,n,2,310.29,5.53,D,0
21.85586,83.96324,306.73,0.56,0.52,2023-07-09,1933,N,VIIRS,n,2,287.85,1.63,N,0
17.76755,74.58646,346.52,0.34,0.56,2023-04-02,742,N,VIIRS,n,2,317.73,8.36,D,0
23.27979,72.2806,332.82,0.41,0.37,2023-01-05,814,N,VIIRS,n,2,296.11,3.5,D,0
21.76786,84.02135,311.83,0.54,0.42,2023-07-03,1945,N,VIIRS,n,2,291.0,2.45,N,2
25.69195,93.63066,346.45,0.4,0.44,2023-04-14,718,N,VIIRS,n,2,308.78,22.23,D,0
22.10439,83.52103,312.02,0.48,0.4,2023-05-05,1952,N,VIIRS,n,2,293.27,2.93,N,0
14.90228,78.80725,335.13,0.39,0.36,2023-03-16,759,N,VIIRS,n,2,301.62,4.42,D,0
14.08486,78.98166,344.9,0.39,0.36,2023-03-05,805,N,VIIRS,n,2,310.35,6.41,D,0
29.74173,76.98584,343.77,0.44,0.46,2023-05-10,732,N,VIIRS,l,2,315.94,14.17,D,0
15.30443,77.80924,336.64,0.46,0.39,2023-02-27,818,N,VIIRS,l,2,311.55,3.17,D,0
11.42764,77.64481,344.55,0.35,0.57,2023-05-31,733,N,VIIRS,n,2,285.14,3.29,D,0
23.85936,82.45349,340.51,0.38,0.36,2023-04-18,743,N,VIIRS,l,2,313.97,3.83,D,0
22.15945,80.09605,337.53,0.49,0.4,2023-04-06,808,N,VIIRS,n,2,306.83,3.74,D,0
23.59414,82.71113,331.12,0.41,0.45,2023-03-13,718,N,VIIRS,l,2,304.33,4.54,D,0
27.4887,93.78162,328.62,0.38,0.36,2023-12-22,651,N,VIIRS,n,2,295.34,1.7,D,0
24.98472,81.5318,335.12,0.38,0.36,2023-12-14,742,N,VIIRS,n,2,301.56,2.61,D,0
22.21304,84.86785,316.74,0.5,0.41,2023-02-25,1945,N,VIIRS,n,2,290.7,1.73,N,2
16.63374,80.1209,336.24,0.39,0.36,2023-10-26,758,N,VIIRS,n,2,306.36,2.02,D,0
30.06388,75.26984,337.96,0.49,0.49,2023-11-04,834,N,VIIRS,n,2,299.38,5.13,D,0
19.94034,80.19055,338.65,0.44,0.38,2023-03-17,742,N,VIIRS,n,2,299.83,3.99,D,0
14.91128,74.97558,342.16,0.45,0.47,2023-02-23,753,N,VIIRS,n,2,308.43,5.24,D,0
21.11038,83.09416,309.15,0.39,0.36,2023-03-01,2011,N,VIIRS,n,2,295.3,1.44,N,0
24.72149,83.67706,312.71,0.43,0.38,2023-05-10,1958,N,VIIRS,n,2,296.03,1.64,N,0
31.73232,75.44515,341.74,0.49,0.49,2023-05-10,733,N,VIIRS,n,2,310.77,6.62,D,0
14.81148,76.47162,342.57,0.4,0.37,2023-04-22,806,N,VIIRS,l,2,312.68,3.99,D,0
20.33002,79.93143,338.0,0.53,0.42,2023-03-12,736,N,VIIRS,n,2,310.81,3.78,D,0
30.30951,74.89672,331.45,0.56,0.69,2023-11-08,859,N,VIIRS,n,2,291.2,3.89,D,0
22.757,69.56346,334.02,0.38,0.36,2023-05-28,833,N,VIIRS,l,2,307.82,3.04,D,3
23.67509,92.46566,343.35,0.42,0.38,2023-03-08,711,N,VIIRS,l,2,315.37,36.64,D,0
19.56833,83.9937,330.76,0.39,0.36,2023-03-12,735,N,VIIRS,l,2,303.68,3.57,D,0
22.0566,85.46638,298.92,0.43,0.62,2023-02-06,2042,N,VIIRS,n,2,286.28,0.63,N,2
29.63264,76.99266,341.77,0.5,0.49,2023-09-28,827,N,VIIRS,n,2,305.23,7.35,D,0
21.10322,83.54084,336.02,0.5,0.66,2023-03-04,826,N,VIIRS,n,2,304.4,3.04,D,0
23.94895,93.26783,337.49,0.56,0.51,2023-05-10,730,N,VIIRS,n,2,300.45,7.43,D,0
27.43602,72.17519,347.81,0.42,0.38,2023-11-16,808,N,VIIRS,n,2,310.02,25.33,D,0
20.96771,85.17145,312.35,0.67,0.74,2023-10-14,2053,N,VIIRS,n,2,293.52,3.16,N,2
19.17767,80.08767,335.88,0.55,0.42,2023-02-22,813,N,VIIRS,n,2,305.78,3.95,D,0
21.49785,76.4854,332.72,0.54,0.68,2023-03-13,717,N,VIIRS,l,2,304.0,4.35,D,0
13.9167,79.44878,330.27,0.48,0.4,2023-05-25,746,N,VIIRS,l,2,300.64,2.21,D,0
25.95183,94.19869,343.77,0.38,0.36,2023-03-09,653,N,VIIRS,n,2,301.5,11.7,D,0
30.8778,77.76026,335.54,0.39,0.36,2023-11-06,756,N,VIIRS,n,2,293.84,6.34,D,0
29.37383,79.35777,310.39,0.57,0.69,2023-06-17,2124,N,VIIRS,n,2,287.69,5.35,N,0
21.04713,81.17844,334.35,0.38,0.36,2023-01-17,748,N,VIIRS,n,2,301.56,2.5,D,0
23.69181,81.34399,344.01,0.48,0.65,2023-05-17,659,N,VIIRS,n,2,307.32,3.33,D,0
23.67976,86.39246,301.28,0.42,0.61,2023-05-23,1914,N,VIIRS,n,2,288.02,0.91,N,2
26.40222,79.61565,340.15,0.33,0.55,2023-05-23,828,N,VIIRS,l,2,311.31,3.92,D,0
23.72159,86.44896,315.3,0.42,0.45,2023-04-04,1933,N,VIIRS,n,2,299.11,2.33,N,2
21.37726,81.67851,306.46,0.48,0.4,2023-12-20,1957,N,VIIRS,n,2,284.58,1.16,N,2
23.1812,80.55083,339.68,0.45,0.47,2023-04-19,724,N,VIIRS,l,2,310.86,5.0,D,0
19.38314,74.0106,301.82,0.57,0.69,2023-04-19,1954,N,VIIRS,n,2,289.14,0.95,N,0
18.18984,75.72508,335.6,0.45,0.39,2023-01-11,800,N,VIIRS,n,2,309.43,1.69,D,0
27.43065,92.32092,351.47,0.45,0.39,2023-05-11,712,N,VIIRS,n,2,317.07,19.24,D,0
20.4316,81.31104,339.55,0.38,0.36,2023-12-19,747,N,VIIRS,n,2,299.17,3.43,D,0
18.85344,78.25031,332.58,0.59,0.53,2023-11-18,728,N,VIIRS,n,2,302.3,4.36,D,0
25.40847,93.27145,339.23,0.59,0.52,2023-04-08,731,N,VIIRS,n,2,304.03,5.16,D,0
30.05343,75.21249,345.81,0.47,0.39,2023-05-09,751,N,VIIRS,n,2,319.74,17.12,D,0
22.31456,84.76662,300.43,0.39,0.36,2023-02-08,2004,N,VIIRS,n,2,287.79,0.61,N,2
19.77855,81.07242,337.22,0.39,0.36,2023-05-14,754,N,VIIRS,l,2,307.43,2.93,D,0
21.74539,82.85923,330.17,0.47,0.47,2023-02-01,807,N,VIIRS,l,2,303.0,4.53,D,0
19.96068,79.09117,304.87,0.44,0.62,2023-03-24,1940,N,VIIRS,n,2,292.68,0.83,N,0
14.35347,78.70625,304.31,0.4,0.37,2023-02-07,2025,N,VIIRS,n,2,293.21,0.81,N,0
23.86046,81.78071,344.23,0.52,0.41,2023-04-17,802,N,VIIRS,l,2,315.17,7.96,D,0
18.24466,73.75002,331.66,0.37,0.58,2023-02-13,741,N,VIIRS,n,2,304.37,2.71,D,0
30.56347,74.21525,334.75,0.78,0.78,2023-05-10,913,N,VIIRS,l,2,307.32,4.73,D,0
23.66005,85.68376,333.61,0.44,0.38,2023-03-29,718,N,VIIRS,l,2,307.47,3.32,D,0
24.93129,87.64459,336.92,0.5,0.41,2023-02-24,736,N,VIIRS,l,2,310.86,5.07,D,0
25.05067,84.29974,330.2,0.39,0.6,2023-12-23,813,N,VIIRS,n,2,291.85,1.77,D,0
17.94437,76.35184,343.71,0.43,0.38,2023-02-12,800,N,VIIRS,n,2,317.88,7.39,D,0
17.84663,80.39561,330.65,0.59,0.7,2023-03-03,844,N,VIIRS,l,2,301.14,3.5,D,0
21.81653,87.32695,333.07,0.54,0.42,2023-12-14,741,N,VIIRS,n,2,300.37,3.69,D,0
22.65617,82.78526,339.4,0.47,0.4,2023-04-12,756,N,VIIRS,l,2,313.23,2.86,D,0
24.14085,79.26487,330.28,0.57,0.43,2023-03-26,815,N,VIIRS,l,2,303.41,3.05,D,0
28.56685,80.52854,347.16,0.5,0.41,2023-05-19,803,N,VIIRS,n,2,310.35,10.07,D,0
9.46617,78.13657,333.92,0.35,0.57,2023-03-28,733,N,VIIRS,n,2,297.28,6.18,D,0
30.66299,75.93319,342.39,0.41,0.37,2023-05-08,810,N,VIIRS,l,2,313.04,3.18,D,0
17.96546,78.01551,342.91,0.42,0.38,2023-05-13,813,N,VIIRS,l,2,316.68,3.34,D,0
12.61622,76.75697,303.4,0.4,0.37,2023-02-28,2032,N,VIIRS,n,2,289.75,0.59,N,0
23.68663,86.39365,313.45,0.42,0.45,2023-01-14,1932,N,VIIRS,n,2,289.69,1.7,N,2
30.77306,75.04084,336.36,0.38,0.59,2023-11-14,847,N,VIIRS,n,2,296.85,5.4,D,0
24.25523,79.72849,301.46,0.44,0.39,2023-04-06,2036,N,VIIRS,n,2,289.82,0.64,N,0
20.78711,85.26447,308.67,0.44,0.62,2023-04-11,2043,N,VIIRS,n,2,296.66,1.27,N,2
22.10575,83.52338,334.84,0.39,0.36,2023-04-02,2011,N,VIIRS,n,2,298.2,3.91,N,0
25.72619,94.75848,330.53,0.41,0.37,2023-04-15,659,N,VIIRS,l,2,301.36,3.17,D,0
24.37687,80.1601,344.8,0.45,0.47,2023-04-19,725,N,VIIRS,n,2,316.3,9.77,D,0
24.63517,93.81592,327.41,0.39,0.36,2023-01-20,652,N,VIIRS,n,2,295.13,3.08,D,0
23.88296,77.28458,306.84,0.39,0.36,2023-04-17,2030,N,VIIRS,n,2,289.91,0.48,N,0
23.6828,86.08297,301.5,0.44,0.46,2023-03-11,2023,N,VIIRS,n,2,290.85,1.11,N,2
15.91857,75.13914,300.46,0.54,0.51,2023-12-09,2005,N,VIIRS,n,2,288.98,0.33,N,0
23.15423,72.38937,343.53,0.44,0.38,2023-02-05,833,N,VIIRS,n,2,310.1,3.52,D,0
22.36489,87.30064,319.07,0.4,0.37,2023-10-17,1957,N,VIIRS,n,2,294.61,3.04,N,2
21.04229,82.81036,350.0,0.36,0.57,2023-02-11,819,N,VIIRS,n,2,316.85,20.41,D,0
13.19206,77.93446,300.77,0.52,0.5,2023-10-28,1953,N,VIIRS,n,2,285.41,1.19,N,0
23.1394,82.14596,340.1,0.55,0.42,2023-04-19,724,N,VIIRS,n,2,310.95,3.84,D,0
23.09841,70.78033,348.55,0.39,0.36,2023-04-10,834,N,VIIRS,n,2,317.0,9.87,D,0
25.27772,93.71909,355.46,0.6,0.53,2023-02-28,621,N,VIIRS,n,2,293.76,48.95,D,0
26.05199,76.8028,336.24,0.38,0.36,2023-10-10,801,N,VIIRS,l,2,311.23,3.24,D,0
17.95715,80.56153,305.19,0.42,0.38,2023-03-11,2025,N,VIIRS,n,2,292.87,0.96,N,0
15.1887,76.66144,307.92,0.5,0.41,2023-11-21,2043,N,VIIRS,n,2,293.34,2.34,N,2
28.00475,80.11863,300.07,0.48,0.48,2023-10-30,2052,N,VIIRS,n,2,288.61,0.5,N,0
18.32431,80.62006,339.35,0.55,0.51,2023-03-02,722,N,VIIRS,n,2,306.28,7.2,D,0
18.31475,81.53834,343.76,0.6,0.53,2023-03-13,716,N,VIIRS,n,2,307.83,6.84,D,0
22.54741,81.32644,342.62,0.51,0.41,2023-05-10,730,N,VIIRS,n,2,311.74,4.1,D,0
13.94327,75.09268,340.06,0.46,0.39,2023-03-05,805,N,VIIRS,n,2,307.14,6.11,D,0
26.50622,70.1662,355.78,0.34,0.56,2023-04-23,751,N,VIIRS,n,2,326.21,5.46,D,0
22.06698,76.0637,337.78,0.7,0.75,2023-04-03,905,N,VIIRS,l,2,308.55,4.81,D,0
26.20266,94.42704,355.33,0.35,0.57,2023-04-08,731,N,VIIRS,n,2,305.75,10.12,D,0
17.49042,75.60905,336.41,0.46,0.47,2023-02-02,747,N,VIIRS,n,2,293.98,3.47,D,0
27.79421,80.3875,298.26,0.39,0.36,2023-11-27,2027,N,VIIRS,n,2,285.15,0.24,N,0
9.96158,78.17681,334.39,0.53,0.5,2023-08-05,835,N,VIIRS,n,2,304.23,2.9,D,0
18.77787,83.79098,342.71,0.39,0.36,2023-04-18,742,N,VIIRS,n,2,311.43,6.41,D,0
26.79442,91.59517,342.81,0.39,0.44,2023-12-15,723,N,VIIRS,n,2,298.75,6.34,D,0
22.36997,84.0369,342.8,0.54,0.42,2023-01-22,755,N,VIIRS,n,2,301.38,8.49,D,0
20.96564,85.12791,337.49,0.39,0.36,2023-05-15,736,N,VIIRS,l,2,310.23,5.67,D,0
20.13346,79.83311,338.87,0.38,0.36,2023-03-27,755,N,VIIRS,l,2,309.53,4.34,D,0
23.7931,81.79439,298.78,0.52,0.67,2023-03-14,1926,N,VIIRS,n,2,287.86,0.81,N,0
22.33401,79.22709,334.05,0.4,0.37,2023-11-01,748,N,VIIRS,n,2,302.51,2.77,D,0
21.42999,83.14336,342.87,0.42,0.45,2023-03-13,717,N,VIIRS,n,2,306.64,17.15,D,0
23.75605,85.85451,317.71,0.36,0.57,2023-05-12,1920,N,VIIRS,n,2,284.43,2.84,N,2
15.02252,78.01066,300.98,0.57,0.69,2023-01-14,1935,N,VIIRS,n,2,290.03,1.16,N,0
19.13893,78.93646,337.92,0.39,0.44,2023-04-16,820,N,VIIRS,l,2,309.71,4.77,D,0
20.09055,81.7993,335.02,0.48,0.48,2023-02-06,813,N,VIIRS,n,2,309.94,2.72,D,0
13.75788,78.82598,342.38,0.49,0.4,2023-02-27,818,N,VIIRS,l,2,314.67,5.85,D,0
24.13662,82.56857,295.57,0.42,0.45,2023-10-31,2034,N,VIIRS,n,2,283.81,0.86,N,0
17.47011,81.71612,308.45,0.4,0.37,2023-03-12,2006,N,VIIRS,n,2,293.71,1.28,N,0
16.30157,78.73766,340.4,0.39,0.44,2023-04-18,741,N,VIIRS,n,2,309.22,10.39,D,0
25.40472,76.20857,338.64,0.42,0.38,2023-10-20,814,N,VIIRS,n,2,310.7,2.68,D,0
20.97351,85.1683,303.79,0.46,0.47,2023-11-30,1932,N,VIIRS,n,2,293.33,2.27,N,2
30.08645,75.36628,329.27,0.6,0.7,2023-11-08,859,N,VIIRS,n,2,291.82,6.48,D,0
18.05192,73.96336,306.95,0.39,0.36,2023-01-21,2043,N,VIIRS,n,2,287.05,0.67,N,0
24.5535,93.69601,326.78,0.75,0.77,2023-02-23,755,N,VIIRS,n,2,293.34,7.08,D,0
27.06615,82.71894,346.08,0.4,0.37,2023-04-18,744,N,VIIRS,l,2,320.44,2.64,D,0
21.69033,71.58928,339.12,0.43,0.62,2023-04-02,743,N,VIIRS,l,2,309.95,6.05,D,0
15.35698,78.62846,336.77,0.42,0.61,2023-05-22,843,N,VIIRS,n,2,305.2,3.85,D,0
21.89658,72.9202,350.79,0.4,0.37,2023-01-05,813,N,VIIRS,n,2,297.71,8.75,D,0
16.0585,74.35947,338.5,0.4,0.37,2023-03-04,825,N,VIIRS,l,2,311.3,3.49,D,0
12.51671,75.76453,330.23,0.44,0.38,2023-04-22,805,N,VIIRS,l,2,303.15,5.81,D,0
15.82172,78.84013,334.72,0.52,0.42,2023-02-27,818,N,VIIRS,l,2,305.29,7.92,D,0
23.54972,86.54433,306.85,0.38,0.43,2023-12-19,2015,N,VIIRS,n,2,286.81,2.35,N,2
23.80261,86.32877,315.41,0.52,0.42,2023-01-03,1938,N,VIIRS,n,2,288.68,3.5,N,2
21.24348,79.38132,339.56,0.46,0.39,2023-04-18,743,N,VIIRS,l,2,312.71,5.55,D,0
23.67346,91.70821,331.53,0.54,0.51,2023-04-11,634,N,VIIRS,n,2,297.6,9.83,D,0
24.18772,82.57829,300.95,0.46,0.63,2023-11-09,1925,N,VIIRS,n,2,288.9,0.82,N,2
23.72742,85.00465,316.59,0.43,0.38,2023-05-21,1951,N,VIIRS,n,2,296.55,3.8,N,2
13.20738,76.15671,343.22,0.43,0.46,2023-02-10,836,N,VIIRS,n,2,306.02,4.89,D,0
18.02789,80.11909,345.34,0.44,0.46,2023-02-27,819,N,VIIRS,n,2,307.82,4.09,D,0
30.97756,74.77648,336.08,0.48,0.4,2023-10-09,821,N,VIIRS,n,2,299.08,6.61,D,0
20.32163,84.78707,303.2,0.39,0.36,2023-03-12,2005,N,VIIRS,n,2,293.05,0.68,N,0
12.8238,78.41669,354.55,0.38,0.59,2023-03-03,842,N,VIIRS,n,2,307.51,4.91,D,0
9.41351,76.95445,306.76,0.43,0.46,2023-03-07,2002,N,VIIRS,n,2,292.7,1.05,N,0
16.70482,74.64946,337.04,0.44,0.46,2023-02-23,753,N,VIIRS,n,2,307.94,4.5,D,0
16.66201,73.65672,304.32,0.52,0.42,2023-04-28,2026,N,VIIRS,n,2,291.79,0.85,N,0
31.28752,74.88487,338.7,0.57,0.69,2023-05-16,901,N,VIIRS,n,2,300.37,5.29,D,0
12.28458,75.55267,316.96,0.46,0.47,2023-04-13,2008,N,VIIRS,n,2,289.5,1.41,N,0
19.61942,80.6377,309.23,0.39,0.37,2023-04-18,2012,N,VIIRS,n,2,296.87,1.07,N,0
30.38326,74.86954,332.42,0.41,0.37,2023-11-06,756,N,VIIRS,n,2,301.62,2.91,D,0
23.37008,79.79803,341.33,0.4,0.44,2023-11-21,813,N,VIIRS,n,2,302.68,6.15,D,0
23.77161,86.20138,311.21,0.38,0.36,2023-08-30,1957,N,VIIRS,n,2,290.11,0.97,N,2
17.74773,73.7639,340.04,0.35,0.57,2023-02-25,857,N,VIIRS,n,2,307.02,5.98,D,0
19.7967,80.02288,334.72,0.54,0.42,2023-04-13,736,N,VIIRS,l,2,307.79,3.29,D,0
27.41656,83.94756,310.48,0.33,0.55,2023-04-16,2047,N,VIIRS,n,2,297.89,1.39,N,0
13.24594,80.28973,331.63,0.44,0.46,2023-03-28,734,N,VIIRS,n,2,299.81,1.65,D,0
15.97622,79.02274,341.42,0.36,0.57,2023-02-26,837,N,VIIRS,n,2,304.48,2.23,D,0
17.57113,83.16948,334.59,0.41,0.37,2023-12-25,733,N,VIIRS,n,2,302.99,9.24,D,0
16.55388,76.63824,337.79,0.49,0.4,2023-05-23,825,N,VIIRS,l,2,308.45,5.42,D,0
21.61215,72.90829,333.21,0.53,0.42,2023-11-09,838,N,VIIRS,n,2,304.0,4.2,D,0
20.74743,81.57339,339.96,0.44,0.39,2023-05-31,735,N,VIIRS,l,2,309.98,6.21,D,0
21.96263,69.50201,335.72,0.41,0.37,2023-10-30,825,N,VIIRS,l,2,310.68,2.27,D,0
30.41486,74.14195,340.05,0.5,0.49,2023-11-23,737,N,VIIRS,n,2,299.03,10.85,D,0
22.9316,77.52296,334.83,0.45,0.39,2023-02-02,749,N,VIIRS,l,2,307.35,4.72,D,0
23.53899,78.72974,346.06,0.45,0.63,2023-05-11,712,N,VIIRS,l,2,319.11,13.24,D,0
31.44617,75.24786,338.53,0.44,0.38,2023-05-13,817,N,VIIRS,l,2,311.92,2.17,D,0
31.61721,75.49323,339.7,0.45,0.39,2023-05-13,817,N,VIIRS,l,2,311.65,5.28,D,0
19.81427,79.5928,330.06,0.37,0.58,2023-04-14,717,N,VIIRS,l,2,304.27,2.0,D,0
18.48229,77.74076,339.09,0.39,0.36,2023-11-11,759,N,VIIRS,n,2,305.22,4.32,D,0
17.7014,78.01041,347.52,0.42,0.38,2023-05-29,812,N,VIIRS,n,2,308.79,8.57,D,0
26.17821,83.88579,346.53,0.49,0.4,2023-04-23,750,N,VIIRS,n,2,315.54,9.97,D,0
23.80406,92.07281,338.84,0.39,0.36,2023-04-15,659,N,VIIRS,l,2,292.34,5.16,D,0
25.38746,76.88377,341.74,0.52,0.67,2023-11-03,711,N,VIIRS,n,2,302.08,11.13,D,0
30.60382,75.90842,358.06,0.46,0.63,2023-05-11,714,N,VIIRS,n,2,312.92,20.07,D,0
15.18213,76.79173,305.52,0.42,0.45,2023-02-08,2006,N,VIIRS,n,2,293.54,0.56,N,2
30.12184,74.30844,348.25,0.4,0.37,2023-11-21,815,N,VIIRS,n,2,305.61,17.61,D,0
15.30066,74.74961,342.33,0.47,0.47,2023-03-03,843,N,VIIRS,n,2,311.23,5.86,D,0
22.37631,87.28048,326.89,0.35,0.57,2023-12-13,2028,N,VIIRS,n,2,291.83,2.59,N,2
24.36908,93.66489,334.95,0.48,0.4,2023-02-04,711,N,VIIRS,n,2,299.44,7.2,D,0
24.106,79.0453,337.64,0.79,0.78,2023-03-25,653,N,VIIRS,n,2,298.02,4.31,D,0
22.59182,85.90482,302.76,0.55,0.68,2023-01-10,2048,N,VIIRS,n,2,285.48,0.73,N,2
20.00616,79.18206,304.74,0.44,0.38,2023-10-27,2010,N,VIIRS,n,2,292.29,0.69,N,0
22.71489,78.40807,367.0,0.48,0.65,2023-04-09,712,N,VIIRS,h,2,297.74,10.46,D,0
14.49287,75.06298,333.88,0.45,0.39,2023-02-01,805,N,VIIRS,n,2,282.57,6.1,D,0
30.97638,75.16311,339.05,0.43,0.38,2023-05-13,816,N,VIIRS,l,2,313.05,3.53,D,0
22.64877,77.43292,297.41,0.64,0.72,2023-03-29,2126,N,VIIRS,n,2,286.93,0.35,N,0
18.42443,80.65366,340.66,0.61,0.53,2023-03-04,825,N,VIIRS,n,2,311.47,16.85,D,0
23.32138,79.85733,334.82,0.42,0.38,2023-11-11,800,N,VIIRS,n,2,303.36,3.22,D,0
22.5091,77.08888,339.13,0.43,0.38,2023-03-26,814,N,VIIRS,l,2,312.83,3.17,D,0
22.0996,79.88667,334.65,0.39,0.36,2023-03-27,755,N,VIIRS,l,2,308.74,1.91,D,0
23.75112,92.42248,344.61,0.39,0.36,2023-03-14,658,N,VIIRS,n,2,298.6,5.55,D,0
21.38629,82.05203,330.57,0.49,0.48,2023-03-29,717,N,VIIRS,l,2,305.09,2.22,D,0
29.05788,77.52988,332.33,0.45,0.39,2023-12-02,808,N,VIIRS,n,2,296.05,4.37,D,0
22.34204,86.939,341.63,0.52,0.42,2023-02-13,742,N,VIIRS,n,2,308.5,4.92,D,0
23.24992,79.79091,367.0,0.38,0.59,2023-11-03,710,N,VIIRS,h,2,299.09,14.76,D,0
30.36492,75.66547,349.41,0.43,0.46,2023-11-15,828,N,VIIRS,n,2,302.45,8.89,D,0
25.26371,93.3475,342.68,0.39,0.36,2023-03-09,652,N,VIIRS,n,2,292.48,6.4,D,0
21.81705,83.899,313.02,0.38,0.36,2023-03-12,2005,N,VIIRS,n,2,296.73,1.38,N,0
24.12715,82.72054,295.66,0.38,0.36,2023-12-14,2009,N,VIIRS,n,2,285.1,0.29,N,0
20.96495,85.17448,347.67,0.42,0.38,2023-07-24,723,N,VIIRS,n,2,295.03,3.87,D,2
22.80106,92.60535,339.9,0.39,0.36,2023-03-14,658,N,VIIRS,n,2,290.76,4.54,D,0
24.96465,93.53477,330.79,0.39,0.59,2023-03-11,615,N,VIIRS,n,2,291.31,7.86,D,0
21.71787,77.90401,346.86,0.36,0.57,2023-03-30,839,N,VIIRS,n,2,311.28,5.09,D,0
20.96472,86.00732,296.28,0.52,0.67,2023-12-12,1907,N,VIIRS,n,2,281.02,0.58,N,2
22.6405,77.86464,309.88,0.44,0.46,2023-04-05,2055,N,VIIRS,n,2,289.69,1.22,N,0
24.99813,83.97121,347.6,0.5,0.41,2023-04-14,718,N,VIIRS,n,2,317.0,10.08,D,0
24.64884,85.96252,313.15,0.42,0.45,2023-04-12,2023,N,VIIRS,n,2,296.37,1.99,N,0
23.21,92.40503,334.45,0.39,0.36,2023-03-14,658,N,VIIRS,n,2,300.68,4.06,D,0
22.48079,80.10499,334.59,0.39,0.36,2023-11-17,748,N,VIIRS,l,2,305.27,3.29,D,0
19.63681,84.46159,335.34,0.41,0.37,2023-03-07,729,N,VIIRS,n,2,305.11,3.31,D,0
18.70796,80.43129,308.91,0.38,0.59,2023-02-16,2056,N,VIIRS,n,2,292.99,0.98,N,0
21.73237,83.9815,302.19,0.54,0.42,2023-12-10,1944,N,VIIRS,n,2,290.49,1.08,N,0
21.13721,83.56187,337.7,0.49,0.4,2023-01-13,723,N,VIIRS,n,2,305.61,3.93,D,0
31.08277,77.9844,300.26,0.55,0.51,2023-12-09,2001,N,VIIRS,n,2,279.17,2.75,N,0
22.79155,76.69501,344.38,0.5,0.49,2023-02-08,736,N,VIIRS,n,2,307.08,6.97,D,0
18.94894,73.68887,351.41,0.4,0.37,2023-03-26,813,N,VIIRS,n,2,319.32,11.14,D,0
25.26886,92.79164,339.33,0.55,0.51,2023-02-03,730,N,VIIRS,n,2,294.22,4.09,D,0
26.66114,94.76284,350.99,0.6,0.53,2023-03-11,615,N,VIIRS,n,2,292.56,16.88,D,0
21.99832,82.82626,348.38,0.39,0.37,2023-01-07,735,N,VIIRS,n,2,309.56,11.62,D,0
26.22639,85.01446,333.69,0.4,0.6,2023-06-08,647,N,VIIRS,l,2,306.5,1.05,D,0
14.35156,78.66879,305.36,0.4,0.6,2023-02-04,1942,N,VIIRS,n,2,290.77,0.66,N,0
16.18076,80.54095,337.89,0.44,0.46,2023-06-03,818,N,VIIRS,l,2,310.8,6.52,D,0
19.28869,73.32191,319.32,0.49,0.49,2023-02-18,2018,N,VIIRS,n,2,294.77,3.08,N,0
21.17421,72.93469,314.77,0.71,0.75,2023-10-22,2144,N,VIIRS,n,2,292.13,2.19,N,0
25.52751,76.66412,331.92,0.52,0.42,2023-10-25,820,N,VIIRS,l,2,304.22,2.19,D,0
24.00521,92.11037,339.92,0.41,0.37,2023-04-09,712,N,VIIRS,n,2,303.83,23.31,D,0
29.91327,74.95222,295.43,0.62,0.72,2023-01-13,1950,N,VIIRS,n,2,278.92,2.64,N,2
15.00257,76.66126,332.64,0.39,0.44,2023-01-20,830,N,VIIRS,n,2,307.14,2.13,D,0
30.63714,75.26252,330.9,0.44,0.38,2023-11-05,815,N,VIIRS,l,2,301.6,1.49,D,0
17.03338,73.71532,338.53,0.39,0.36,2023-04-21,826,N,VIIRS,l,2,311.98,4.16,D,0
22.78912,86.195,306.92,0.36,0.58,2023-06-09,2035,N,VIIRS,n,2,288.96,3.14,N,2
23.34175,77.87264,342.54,0.39,0.36,2023-03-11,755,N,VIIRS,l,2,317.29,3.05,D,0
20.29734,73.62541,341.81,0.47,0.64,2023-04-19,904,N,VIIRS,n,2,301.27,8.84,D,0
11.09382,79.83091,334.38,0.39,0.36,2023-10-10,757,N,VIIRS,n,2,301.04,3.27,D,0
15.17551,76.65335,322.78,0.42,0.45,2023-01-23,2006,N,VIIRS,n,2,291.69,1.51,N,2
29.57426,74.52293,338.43,0.43,0.62,2023-11-19,853,N,VIIRS,n,2,294.89,4.58,D,0
26.14573,93.66459,333.41,0.5,0.41,2023-04-09,712,N,VIIRS,n,2,300.06,6.94,D,0
24.76019,87.52702,338.11,0.39,0.36,2023-03-02,724,N,VIIRS,n,2,310.96,1.46,D,0
22.00219,87.50822,334.72,0.46,0.39,2023-01-07,735,N,VIIRS,n,2,300.94,2.95,D,0
15.34683,74.58017,324.12,0.46,0.47,2023-03-01,2013,N,VIIRS,n,2,294.73,2.5,N,0
22.14006,82.7708,304.54,0.46,0.39,2023-03-11,2023,N,VIIRS,n,2,293.17,0.65,N,0
21.04728,83.21059,337.32,0.39,0.36,2023-02-13,742,N,VIIRS,l,2,311.06,3.34,D,0
24.39564,77.37572,334.26,0.4,0.37,2023-10-15,807,N,VIIRS,l,2,307.8,2.87,D,0
15.73118,79.93851,333.76,0.4,0.44,2023-06-03,818,N,VIIRS,l,2,305.26,7.14,D,0
25.30995,92.52199,334.76,0.44,0.38,2023-03-08,711,N,VIIRS,n,2,299.53,2.65,D,0
10.65252,77.38802,334.35,0.41,0.37,2023-01-26,817,N,VIIRS,n,2,301.52,3.08,D,0
17.43572,75.80293,334.09,0.37,0.58,2023-12-21,849,N,VIIRS,n,2,298.5,3.4,D,0
21.03557,80.35046,332.19,0.39,0.36,2023-01-01,748,N,VIIRS,n,2,299.62,2.17,D,0
23.92032,74.58281,353.34,0.41,0.45,2023-04-23,750,N,VIIRS,n,2,319.69,15.0,D,0
22.98661,84.09171,341.38,0.43,0.46,2023-05-11,711,N,VIIRS,l,2,314.69,5.09,D,0
23.31345,80.466,340.11,0.52,0.42,2023-06-09,807,N,VIIRS,l,2,311.56,13.25,D,0
23.75425,91.89448,349.42,0.57,0.69,2023-04-12,756,N,VIIRS,n,2,297.06,11.09,D,0
15.66004,73.98895,303.46,0.55,0.68,2023-12-26,2127,N,VIIRS,n,2,292.65,0.99,N,2
19.23193,80.54106,346.88,0.39,0.36,2023-04-12,755,N,VIIRS,n,2,310.17,5.93,D,0
22.98481,87.61569,333.47,0.39,0.36,2023-11-29,722,N,VIIRS,n,2,293.87,3.16,D,0
17.73909,80.28546,331.77,0.37,0.58,2023-02-25,716,N,VIIRS,n,2,306.69,2.1,D,0
28.03092,81.41399,330.95,0.43,0.38,2023-01-02,731,N,VIIRS,n,2,289.86,3.28,D,0
20.07675,79.03524,333.71,0.4,0.37,2023-05-25,2018,N,VIIRS,n,2,298.47,2.2,N,0
17.48628,81.52849,345.63,0.49,0.49,2023-04-19,723,N,VIIRS,n,2,304.32,6.32,D,0
26.87957,95.30801,349.74,0.55,0.51,2023-01-06,615,N,VIIRS,n,2,294.14,7.5,D,0
18.69943,82.00999,331.34,0.4,0.37,2023-04-18,742,N,VIIRS,l,2,306.14,2.09,D,0
25.92089,78.27925,340.59,0.43,0.46,2023-11-10,820,N,VIIRS,n,2,298.34,3.39,D,0
25.13009,83.78555,340.14,0.39,0.36,2023-04-13,737,N,VIIRS,l,2,314.04,1.92,D,0
11.80812,77.1953,333.37,0.38,0.58,2023-06-16,733,N,VIIRS,n,2,295.51,4.63,D,0
23.54645,80.01453,334.71,0.41,0.45,2023-11-21,813,N,VIIRS,n,2,297.84,1.99,D,0
13.42021,79.67522,338.41,0.58,0.52,2023-02-21,830,N,VIIRS,n,2,304.31,5.13,D,0
17.16236,81.61673,333.04,0.4,0.44,2023-06-11,728,N,VIIRS,n,2,301.39,0.95,D,0
28.89705,78.35401,326.05,0.58,0.52,2023-02-09,719,N,VIIRS,n,2,295.46,2.08,D,0
19.67941,83.89193,302.51,0.52,0.42,2023-03-13,1946,N,VIIRS,n,2,276.18,1.07,N,0
17.54493,82.39592,304.93,0.39,0.36,2023-03-12,2006,N,VIIRS,n,2,293.94,1.5,N,0
13.4823,76.24318,302.19,0.72,0.76,2023-03-03,1936,N,VIIRS,n,2,290.74,3.09,N,0
14.95119,76.62276,340.35,0.47,0.4,2023-03-04,824,N,VIIRS,n,2,313.26,2.79,D,0
13.31032,77.6658,342.48,0.39,0.36,2023-03-10,811,N,VIIRS,n,2,304.71,1.59,D,0
23.20111,92.34127,367.0,0.49,0.65,2023-04-12,615,N,VIIRS,h,2,300.9,120.39,D,0
21.17915,81.38638,305.37,0.39,0.36,2023-03-01,2011,N,VIIRS,n,2,295.24,1.13,N,2
34.12658,74.97315,343.52,0.33,0.55,2023-12-27,841,N,VIIRS,n,2,288.27,6.72,D,0
23.77184,86.19674,298.81,0.4,0.37,2023-01-23,2004,N,VIIRS,n,2,288.72,0.83,N,2
26.92709,82.92577,333.01,0.52,0.5,2023-11-14,705,N,VIIRS,n,2,295.55,4.31,D,0
30.40723,75.86734,341.63,0.4,0.44,2023-11-07,737,N,VIIRS,n,2,297.01,3.75,D,0
18.23227,82.73099,301.98,0.39,0.44,2023-03-13,1947,N,VIIRS,n,2,290.17,0.72,N,0
20.97605,85.16488,306.81,0.47,0.64,2023-04-21,1915,N,VIIRS,n,2,293.09,3.22,N,2
17.63685,80.40767,338.85,0.55,0.43,2023-04-11,813,N,VIIRS,n,2,308.65,4.03,D,0
20.38501,80.36185,356.6,0.39,0.36,2023-04-12,755,N,VIIRS,n,2,312.42,11.78,D,0
23.6125,75.5622,325.56,0.4,0.45,2023-04-23,2017,N,VIIRS,n,2,290.09,1.87,N,0
25.06733,87.65362,350.41,0.39,0.36,2023-03-13,718,N,VIIRS,n,2,313.54,6.54,D,0
12.67266,77.09943,339.59,0.5,0.66,2023-02-25,855,N,VIIRS,n,2,308.26,3.0,D,0
21.52348,77.95651,332.64,0.38,0.36,2023-10-26,800,N,VIIRS,l,2,306.26,3.38,D,0
24.9763,83.76051,341.65,0.56,0.43,2023-04-28,756,N,VIIRS,n,2,311.1,4.61,D,0
22.54503,75.77428,339.82,0.41,0.37,2023-12-13,800,N,VIIRS,n,2,297.08,2.83,D,0
22.06009,86.47284,312.15,0.39,0.36,2023-03-02,1952,N,VIIRS,n,2,292.84,0.8,N,0
17.75132,80.21979,342.31,0.47,0.4,2023-03-01,741,N,VIIRS,n,2,310.26,5.24,D,0
25.47111,93.08609,330.53,0.38,0.36,2023-04-15,659,N,VIIRS,n,2,295.35,2.66,D,0
22.55239,77.38217,328.61,0.41,0.37,2023-03-27,2024,N,VIIRS,n,2,289.72,3.52,N,0
30.33616,75.98542,335.56,0.43,0.38,2023-11-01,750,N,VIIRS,n,2,298.89,11.12,D,0
17.7103,82.03323,340.33,0.4,0.37,2023-03-01,741,N,VIIRS,n,2,307.07,4.85,D,0
26.09315,78.90157,344.49,0.41,0.37,2023-05-03,803,N,VIIRS,n,2,306.35,7.5,D,0
26.24635,92.88599,334.74,0.35,0.57,2023-03-28,737,N,VIIRS,n,2,296.93,5.67,D,0
24.11713,86.35336,301.3,0.45,0.47,2023-04-28,2023,N,VIIRS,n,2,286.44,1.07,N,2
27.50169,80.10805,323.51,0.39,0.36,2023-04-17,2029,N,VIIRS,n,2,292.87,4.03,N,0
13.18498,79.37569,367.0,0.32,0.55,2023-02-19,727,N,VIIRS,h,2,303.4,9.95,D,0
24.42419,94.33622,331.07,0.42,0.45,2023-04-14,718,N,VIIRS,l,2,304.46,8.01,D,0
21.87785,83.49609,306.9,0.51,0.66,2023-05-07,2055,N,VIIRS,n,2,288.36,1.36,N,2
25.95109,91.55709,340.2,0.47,0.47,2023-04-08,731,N,VIIRS,n,2,303.03,6.52,D,0
10.40329,77.12623,305.07,0.43,0.46,2023-02-19,2001,N,VIIRS,n,2,287.52,3.81,N,0
16.15476,78.82687,332.97,0.39,0.44,2023-03-01,740,N,VIIRS,l,2,306.31,3.64,D,0
18.07008,79.78361,344.16,0.54,0.68,2023-06-07,844,N,VIIRS,n,2,297.25,3.44,D,0
23.33512,82.21598,355.65,0.4,0.37,2023-04-07,749,N,VIIRS,n,2,320.99,25.79,D,0
16.78324,80.80611,332.56,0.57,0.52,2023-03-02,722,N,VIIRS,l,2,306.85,2.7,D,0
23.84635,81.88675,308.02,0.37,0.58,2023-05-23,2054,N,VIIRS,n,2,293.61,3.15,N,0
26.51785,90.53285,307.3,0.68,0.74,2023-05-29,2040,N,VIIRS,n,2,291.84,2.12,N,0
17.46406,80.65417,305.32,0.49,0.4,2023-12-20,1958,N,VIIRS,n,2,291.12,1.11,N,0
22.76613,79.29555,332.52,0.46,0.47,2023-11-10,819,N,VIIRS,n,2,302.14,2.93,D,0
23.07431,85.54179,301.52,0.51,0.41,2023-03-06,2017,N,VIIRS,n,2,291.32,0.62,N,0
23.31915,86.93768,336.69,0.45,0.39,2023-02-24,736,N,VIIRS,n,2,309.27,1.72,D,0
22.42897,84.04274,305.95,0.53,0.42,2023-04-12,2024,N,VIIRS,n,2,295.55,2.25,N,0
23.07975,75.27493,341.48,0.43,0.38,2023-05-02,821,N,VIIRS,n,2,309.23,8.53,D,0
11.08059,76.51835,350.34,0.43,0.38,2023-03-04,823,N,VIIRS,n,2,305.54,12.85,D,0
22.74039,75.42995,337.94,0.51,0.66,2023-03-29,858,N,VIIRS,n,2,305.33,10.72,D,0
30.2213,76.13609,336.28,0.39,0.44,2023-11-07,737,N,VIIRS,n,2,297.34,10.59,D,0
25.82001,76.76559,333.01,0.54,0.51,2023-11-04,833,N,VIIRS,n,2,299.48,3.28,D,0
25.76342,91.50404,339.96,0.46,0.47,2023-04-08,731,N,VIIRS,n,2,302.3,10.85,D,0
20.47405,82.5639,312.98,0.39,0.36,2023-03-01,2011,N,VIIRS,n,2,294.63,1.43,N,0
14.32127,78.79871,335.06,0.39,0.36,2023-02-17,805,N,VIIRS,n,2,309.1,1.7,D,0
11.23062,76.69437,341.57,0.49,0.4,2023-04-17,759,N,VIIRS,l,2,309.14,4.86,D,0
20.79421,85.25205,326.93,0.4,0.37,2023-01-23,2004,N,VIIRS,n,2,288.42,1.51,N,2
25.75899,94.2655,346.43,0.38,0.36,2023-03-09,652,N,VIIRS,n,2,301.54,43.65,D,0
13.87455,75.79624,342.41,0.39,0.36,2023-03-10,812,N,VIIRS,n,2,313.97,4.34,D,0
22.82482,85.32623,300.37,0.48,0.4,2023-04-14,1946,N,VIIRS,n,2,280.81,0.89,N,0
25.12516,86.28697,335.15,0.4,0.37,2023-04-08,731,N,VIIRS,l,2,305.73,3.26,D,0
24.4751,81.58379,337.13,0.41,0.37,2023-02-08,736,N,VIIRS,n,2,304.29,3.81,D,0
22.84365,78.18543,302.74,0.54,0.68,2023-04-09,1940,N,VIIRS,n,2,287.36,2.51,N,0
30.01462,75.48969,332.95,0.39,0.6,2023-11-14,846,N,VIIRS,n,2,299.37,5.93,D,0
25.51257,90.43058,338.22,0.49,0.65,2023-03-27,756,N,VIIRS,n,2,292.77,8.72,D,0
25.83008,94.33065,349.35,0.38,0.36,2023-03-09,652,N,VIIRS,n,2,293.4,14.31,D,0
20.96929,85.16341,332.51,0.5,0.41,2023-01-17,748,N,VIIRS,n,2,300.66,3.62,D,2
18.60073,74.53047,316.44,0.39,0.36,2023-04-22,2038,N,VIIRS,n,2,291.65,1.29,N,0
23.30919,78.13646,332.57,0.4,0.44,2023-02-24,736,N,VIIRS,l,2,305.85,2.59,D,0
23.97972,81.76644,330.57,0.36,0.57,2023-05-22,705,N,VIIRS,l,2,305.41,1.87,D,0
25.23526,76.06798,349.25,0.38,0.58,2023-05-06,846,N,VIIRS,n,2,309.3,8.06,D,0
21.19092,81.39143,308.09,0.32,0.55,2023-10-18,1938,N,VIIRS,n,2,293.12,1.25,N,2
29.44888,74.05119,367.0,0.61,0.71,2023-11-13,905,N,VIIRS,h,2,299.83,9.86,D,0
23.31348,76.04586,310.42,0.39,0.36,2023-04-11,2043,N,VIIRS,n,2,290.71,0.86,N,0
21.34474,81.66438,298.45,0.41,0.45,2023-01-16,2036,N,VIIRS,n,2,287.43,0.87,N,2
15.97462,74.47275,338.74,0.4,0.37,2023-02-06,812,N,VIIRS,n,2,312.28,4.55,D,0
29.20567,79.13274,305.34,0.46,0.39,2023-08-29,2015,N,VIIRS,n,2,293.56,0.99,N,0
28.19654,77.72105,339.22,0.52,0.42,2023-12-09,736,N,VIIRS,n,2,297.74,5.23,D,0
14.12248,77.90745,339.99,0.38,0.36,2023-03-05,805,N,VIIRS,l,2,313.38,3.88,D,0
19.09138,82.16361,310.69,0.48,0.4,2023-10-05,2023,N,VIIRS,n,2,271.04,2.54,N,0
25.97091,78.28846,346.23,0.53,0.5,2023-05-07,828,N,VIIRS,n,2,312.55,16.64,D,0
17.35455,73.49541,338.68,0.64,0.72,2023-02-19,729,N,VIIRS,n,2,306.68,4.08,D,0
16.01165,78.96787,343.65,0.48,0.48,2023-03-12,734,N,VIIRS,n,2,305.99,22.13,D,0
23.66853,86.09356,310.89,0.4,0.37,2023-05-05,1952,N,VIIRS,n,2,293.99,1.36,N,2
26.75114,80.07441,338.33,0.39,0.37,2023-03-01,743,N,VIIRS,n,2,302.92,2.4,D,0
26.75955,83.19802,316.32,0.41,0.37,2023-12-25,2002,N,VIIRS,n,2,290.56,1.39,N,2
31.56028,75.36597,325.69,0.4,0.45,2023-02-08,739,N,VIIRS,n,2,292.12,2.1,D,0
29.62626,74.48713,330.66,0.5,0.41,2023-11-17,750,N,VIIRS,l,2,301.02,1.88,D,0
20.52088,85.23036,308.64,0.4,0.37,2023-03-12,2005,N,VIIRS,n,2,293.98,1.43,N,0
17.02941,74.76743,301.28,0.46,0.39,2023-02-07,2025,N,VIIRS,n,2,285.2,0.42,N,0
22.80172,87.03185,304.9,0.38,0.58,2023-03-04,1914,N,VIIRS,n,2,291.32,0.66,N,0
27.53762,96.28954,346.8,0.42,0.37,2023-04-11,635,N,VIIRS,n,2,299.82,27.05,D,0
15.00398,75.00866,346.24,0.4,0.6,2023-03-03,2116,N,VIIRS,n,2,291.88,2.73,N,0
21.54032,76.45371,344.89,0.55,0.43,2023-03-04,826,N,VIIRS,n,2,311.39,4.33,D,0
26.64194,71.37652,341.92,0.41,0.37,2023-03-10,815,N,VIIRS,l,2,316.19,5.16,D,0
25.71791,88.08508,330.71,0.4,0.37,2023-11-19,710,N,VIIRS,n,2,300.74,1.31,D,0
24.67076,83.98688,300.8,0.39,0.36,2023-11-12,2009,N,VIIRS,n,2,290.69,0.5,N,0
25.94867,78.179,350.74,0.43,0.62,2023-04-25,713,N,VIIRS,n,2,299.44,7.42,D,0
26.48011,93.08935,343.13,0.48,0.4,2023-04-09,712,N,VIIRS,n,2,297.97,4.79,D,0
23.54323,79.96407,332.22,0.39,0.36,2023-11-22,754,N,VIIRS,n,2,301.42,3.87,D,0
18.67958,73.04553,306.81,0.52,0.67,2023-05-05,2134,N,VIIRS,n,2,291.08,2.31,N,0
26.67064,93.4875,332.42,0.41,0.37,2023-03-04,646,N,VIIRS,n,2,301.75,11.97,D,0
22.37938,87.2787,313.17,0.45,0.63,2023-01-10,1907,N,VIIRS,n,2,289.85,1.82,N,2
25.19573,83.86142,326.67,0.62,0.54,2023-12-11,658,N,VIIRS,n,2,297.83,2.7,D,0
13.28158,79.47917,295.44,0.33,0.55,2023-02-11,2051,N,VIIRS,n,2,276.49,0.33,N,0
25.68717,93.0859,352.04,0.41,0.45,2023-04-11,634,N,VIIRS,n,2,308.06,36.6,D,0
22.2121,84.87657,301.22,0.32,0.54,2023-02-26,1926,N,VIIRS,n,2,291.05,0.82,N,2
17.96444,82.04372,344.65,0.45,0.39,2023-03-12,735,N,VIIRS,n,2,308.64,8.12,D,0
30.58407,74.43434,349.37,0.44,0.46,2023-05-12,835,N,VIIRS,l,2,319.46,7.78,D,0
20.88714,81.93327,346.22,0.5,0.41,2023-12-20,728,N,VIIRS,n,2,299.96,5.74,D,0
25.29455,93.45522,344.43,0.41,0.37,2023-03-03,705,N,VIIRS,n,2,300.07,24.03,D,0
21.10892,83.30298,341.28,0.52,0.5,2023-03-08,710,N,VIIRS,n,2,300.13,6.32,D,0
30.48286,76.21481,348.56,0.36,0.57,2023-05-16,720,N,VIIRS,n,2,309.31,6.85,D,0
22.55991,86.03009,367.0,0.6,0.71,2023-02-11,820,N,VIIRS,h,2,306.36,15.18,D,0
14.41092,75.12356,340.45,0.41,0.37,2023-04-21,825,N,VIIRS,n,2,304.45,2.79,D,0
23.0221,78.07987,332.63,0.4,0.45,2023-11-23,735,N,VIIRS,n,2,301.41,3.07,D,0
27.99489,79.62509,333.45,0.42,0.45,2023-05-05,725,N,VIIRS,n,2,303.12,3.49,D,0
22.26552,85.45615,339.24,0.53,0.42,2023-03-22,749,N,VIIRS,n,2,306.31,4.85,D,0
25.26189,92.33301,335.34,0.45,0.63,2023-04-12,615,N,VIIRS,n,2,299.58,4.32,D,0
21.68033,84.03333,296.67,0.56,0.69,2023-01-31,1914,N,VIIRS,n,2,285.81,1.63,N,2
31.02625,75.04135,335.22,0.39,0.36,2023-05-08,810,N,VIIRS,l,2,309.17,1.19,D,0
26.00537,91.7886,352.12,0.39,0.36,2023-03-30,659,N,VIIRS,n,2,301.99,9.02,D,0
25.62568,76.67243,350.47,0.44,0.39,2023-11-05,814,N,VIIRS,n,2,304.72,6.8,D,0
21.29814,83.34786,331.42,0.62,0.54,2023-03-10,813,N,VIIRS,l,2,301.48,5.49,D,0
20.09358,77.8344,331.17,0.41,0.37,2023-12-24,753,N,VIIRS,n,2,304.68,1.51,D,0
17.60332,82.08414,336.23,0.57,0.52,2023-02-25,716,N,VIIRS,n,2,300.36,4.29,D,0
23.75479,86.39513,301.6,0.53,0.5,2023-02-10,1926,N,VIIRS,n,2,288.0,1.99,N,0
22.65762,77.44917,332.47,0.4,0.37,2023-12-18,806,N,VIIRS,n,2,301.92,2.26,D,0
15.17748,77.1036,303.04,0.44,0.62,2023-08-21,2109,N,VIIRS,n,2,287.59,0.72,N,2
20.59094,84.60587,333.9,0.44,0.46,2023-06-12,710,N,VIIRS,n,2,298.3,3.55,D,0
24.10777,77.70571,340.59,0.37,0.58,2023-06-02,839,N,VIIRS,n,2,302.46,3.45,D,0
24.23563,79.10846,348.53,0.42,0.45,2023-05-26,730,N,VIIRS,n,2,313.99,5.84,D,0
29.63772,75.56862,333.84,0.4,0.37,2023-11-22,756,N,VIIRS,n,2,301.28,14.23,D,0
29.71372,73.32008,343.86,0.42,0.38,2023-04-17,804,N,VIIRS,n,2,311.74,5.14,D,0
22.52312,82.29512,348.82,0.38,0.36,2023-04-18,743,N,VIIRS,n,2,313.26,5.86,D,0
30.36003,75.07353,331.56,0.39,0.36,2023-11-16,809,N,VIIRS,n,2,300.71,4.41,D,0
23.8807,85.01112,307.01,0.39,0.36,2023-06-11,1957,N,VIIRS,n,2,290.59,0.84,N,0
19.29956,76.56902,344.98,0.38,0.36,2023-05-08,807,N,VIIRS,n,2,312.32,13.98,D,0
27.09795,93.65244,332.33,0.41,0.37,2023-03-04,646,N,VIIRS,n,2,301.03,4.18,D,0
25.0547,81.64256,301.33,0.4,0.37,2023-11-12,2009,N,VIIRS,n,2,289.11,0.44,N,0
25.22389,92.49911,333.67,0.41,0.37,2023-04-10,653,N,VIIRS,l,2,303.07,3.78,D,0
25.46148,92.95554,335.0,0.38,0.36,2023-04-15,659,N,VIIRS,n,2,299.11,35.93,D,0
17.6902,79.81433,334.42,0.4,0.44,2023-05-15,735,N,VIIRS,l,2,308.56,1.21,D,0
19.05729,80.16572,333.09,0.54,0.42,2023-04-13,736,N,VIIRS,l,2,306.52,2.63,D,0
23.78014,86.38764,300.63,0.45,0.63,2023-09-18,2041,N,VIIRS,n,2,275.84,1.45,N,2
18.69165,73.04127,345.79,0.42,0.38,2023-05-28,832,N,VIIRS,n,2,312.38,7.8,D,2
29.5814,80.09946,330.21,0.45,0.47,2023-04-14,720,N,VIIRS,l,2,304.92,3.71,D,0
17.51007,77.82272,336.94,0.52,0.41,2023-03-06,747,N,VIIRS,l,2,311.43,2.63,D,0
20.96605,85.1739,306.31,0.43,0.62,2023-09-18,2041,N,VIIRS,n,2,269.51,0.9,N,2
25.00496,83.94003,337.87,0.62,0.54,2023-04-15,700,N,VIIRS,l,2,309.97,4.77,D,0
19.22168,82.95518,338.11,0.47,0.48,2023-03-13,716,N,VIIRS,n,2,306.9,4.87,D,0
29.96554,75.42433,346.8,0.44,0.38,2023-11-05,815,N,VIIRS,n,2,307.12,8.94,D,0
10.95116,78.25943,311.54,0.38,0.36,2023-05-25,2020,N,VIIRS,n,2,293.86,0.94,N,0
30.99964,75.43811,338.47,0.45,0.39,2023-11-05,815,N,VIIRS,n,2,303.0,4.4,D,0
25.54871,94.59518,331.72,0.46,0.39,2023-03-03,705,N,VIIRS,n,2,300.65,4.35,D,0
30.83156,74.69089,344.14,0.38,0.43,2023-11-15,828,N,VIIRS,n,2,304.98,8.14,D,0
18.38729,80.65945,342.09,0.48,0.4,2023-02-17,806,N,VIIRS,n,2,311.1,7.8,D,0
29.57297,74.46671,338.97,0.79,0.78,2023-05-10,913,N,VIIRS,n,2,305.64,10.51,D,0
30.61913,75.72264,332.36,0.54,0.5,2023-11-20,834,N,VIIRS,n,2,297.03,3.84,D,0
14.18224,76.00297,335.53,0.39,0.36,2023-06-03,818,N,VIIRS,l,2,307.33,2.38,D,0
24.89463,77.17047,333.15,0.45,0.39,2023-10-20,813,N,VIIRS,l,2,305.55,5.03,D,0
20.98903,82.2888,302.67,0.54,0.42,2023-02-28,2030,N,VIIRS,n,2,292.45,1.71,N,0
19.00596,82.33961,331.09,0.4,0.6,2023-03-04,825,N,VIIRS,l,2,302.61,1.11,D,0
26.44796,78.36225,339.0,0.55,0.51,2023-10-30,826,N,VIIRS,n,2,302.32,3.87,D,0
12.72245,76.01831,338.02,0.39,0.36,2023-01-26,817,N,VIIRS,n,2,308.92,2.49,D,0
21.07594,85.03384,300.24,0.42,0.61,2023-02-06,2042,N,VIIRS,n,2,290.12,1.53,N,2
20.23539,84.90726,304.57,0.38,0.36,2023-03-07,1959,N,VIIRS,n,2,290.96,1.15,N,0
17.45523,76.67986,354.52,0.39,0.36,2023-02-06,812,N,VIIRS,n,2,316.14,7.56,D,0
26.98058,95.48067,356.36,0.54,0.5,2023-12-26,717,N,VIIRS,n,2,300.59,36.93,D,0
22.88109,78.11671,320.31,0.54,0.51,2023-04-08,1959,N,VIIRS,n,2,289.76,1.9,N,0
23.10476,70.18929,304.32,0.54,0.51,2023-01-11,2029,N,VIIRS,n,2,291.2,0.7,N,2
19.6214,76.17909,337.3,0.42,0.37,2023-02-12,800,N,VIIRS,l,2,312.21,4.02,D,0
19.56478,80.80466,340.12,0.5,0.41,2023-05-15,735,N,VIIRS,n,2,306.76,4.63,D,0
24.99796,93.33974,349.31,0.72,0.76,2023-04-12,756,N,VIIRS,n,2,301.65,32.17,D,0
29.81562,78.6747,330.33,0.41,0.45,2023-05-13,816,N,VIIRS,n,2,304.83,1.65,D,0
20.97073,85.17713,318.09,0.58,0.52,2023-12-27,1926,N,VIIRS,n,2,290.59,2.46,N,2
29.89773,75.87106,341.24,0.41,0.61,2023-11-14,846,N,VIIRS,n,2,291.69,3.83,D,0
24.71894,76.98757,344.87,0.53,0.42,2023-05-02,821,N,VIIRS,n,2,304.8,6.54,D,0
17.65185,77.01332,345.82,0.45,0.63,2023-02-04,850,N,VIIRS,n,2,308.85,9.98,D,0
21.38245,81.65583,304.77,0.5,0.41,2023-02-28,2030,N,VIIRS,n,2,293.72,1.13,N,2
24.32356,80.14827,338.45,0.46,0.39,2023-04-29,737,N,VIIRS,l,2,308.42,4.01,D,0
20.51241,85.29286,307.95,0.57,0.52,2023-03-14,1927,N,VIIRS,n,2,287.88,0.79,N,0
14.05857,77.59946,306.3,0.45,0.47,2023-02-19,2000,N,VIIRS,n,2,292.6,0.64,N,0
18.87781,82.83145,330.65,0.49,0.65,2023-05-17,658,N,VIIRS,n,2,296.62,6.77,D,0
21.01278,81.76952,343.67,0.49,0.48,2023-03-10,813,N,VIIRS,n,2,307.95,3.36,D,0
24.55542,93.67578,349.65,0.62,0.54,2023-02-28,621,N,VIIRS,n,2,298.0,22.33,D,0
14.11882,78.9661,300.36,0.49,0.65,2023-03-03,1935,N,VIIRS,n,2,289.73,0.64,N,0
32.06524,75.2298,342.5,0.4,0.37,2023-05-14,758,N,VIIRS,l,2,313.04,7.62,D,0
23.77831,86.20924,310.43,0.45,0.47,2023-11-22,2022,N,VIIRS,n,2,291.7,2.39,N,2
23.18866,72.27135,345.09,0.56,0.43,2023-11-11,801,N,VIIRS,n,2,312.95,6.46,D,0
23.72981,86.50108,305.99,0.52,0.5,2023-01-09,1926,N,VIIRS,n,2,282.57,1.51,N,0
19.07679,76.98126,303.54,0.46,0.39,2023-03-06,2018,N,VIIRS,n,2,289.04,0.67,N,0
14.45959,77.34564,341.77,0.4,0.44,2023-02-02,746,N,VIIRS,n,2,303.87,3.6,D,0
14.20603,78.99889,308.05,0.46,0.47,2023-04-11,2045,N,VIIRS,n,2,295.13,1.14,N,0
20.04925,80.2204,336.13,0.38,0.59,2023-04-10,833,N,VIIRS,n,2,303.83,1.81,D,0
31.12482,75.47049,328.56,0.32,0.55,2023-03-14,842,N,VIIRS,l,2,301.34,1.34,D,0
22.58127,77.52437,308.48,0.56,0.43,2023-04-18,2011,N,VIIRS,n,2,289.82,2.07,N,0
20.87205,82.00005,331.89,0.49,0.41,2023-12-20,728,N,VIIRS,n,2,299.37,3.06,D,0
18.11286,76.93135,330.92,0.4,0.37,2023-03-11,2025,N,VIIRS,n,2,292.8,6.25,N,0
22.19655,70.34158,308.97,0.39,0.36,2023-05-23,2055,N,VIIRS,n,2,297.64,0.64,N,0
21.18774,81.39092,313.24,0.43,0.38,2023-02-08,2005,N,VIIRS,n,2,294.89,1.26,N,2
25.4184,76.49357,336.01,0.68,0.74,2023-10-29,705,N,VIIRS,n,2,301.17,6.29,D,0
19.19139,77.33443,335.35,0.39,0.59,2023-04-20,845,N,VIIRS,n,2,303.59,2.74,D,0
26.15564,79.31551,340.61,0.49,0.41,2023-05-08,809,N,VIIRS,l,2,311.75,5.01,D,0
19.44949,82.61407,344.97,0.39,0.36,2023-02-18,748,N,VIIRS,n,2,309.55,4.04,D,0
32.36037,75.342,343.25,0.43,0.46,2023-05-07,829,N,VIIRS,n,2,306.68,4.74,D,0
21.7119,84.28831,338.95,0.53,0.42,2023-01-08,716,N,VIIRS,n,2,302.08,9.72,D,0
19.31783,78.61474,335.52,0.47,0.64,2023-02-15,844,N,VIIRS,l,2,309.83,5.62,D,0
19.39584,73.06807,335.3,0.39,0.36,2023-01-31,826,N,VIIRS,l,2,307.1,4.0,D,0
24.13913,93.05303,341.56,0.44,0.46,2023-04-11,634,N,VIIRS,n,2,304.92,17.87,D,0
20.94176,81.33232,335.78,0.55,0.51,2023-02-25,717,N,VIIRS,l,2,309.0,6.29,D,0
21.75476,83.84029,313.83,0.45,0.47,2023-11-03,1938,N,VIIRS,n,2,289.47,1.71,N,2
20.0827,80.71181,345.71,0.41,0.45,2023-05-29,813,N,VIIRS,n,2,306.25,6.26,D,0
27.39359,82.51088,310.55,0.39,0.37,2023-04-18,2010,N,VIIRS,n,2,295.61,1.41,N,0
29.95524,75.50007,343.4,0.52,0.5,2023-11-18,731,N,VIIRS,n,2,302.33,6.01,D,0
19.75422,79.84295,346.68,0.55,0.43,2023-03-28,736,N,VIIRS,n,2,314.94,14.59,D,0
22.31746,69.85417,315.04,0.44,0.63,2023-09-30,2016,N,VIIRS,n,2,291.85,1.65,N,0
17.25534,77.23392,343.3,0.59,0.53,2023-02-24,735,N,VIIRS,n,2,314.79,4.08,D,0
21.91996,83.35166,319.94,0.4,0.44,2023-06-17,1945,N,VIIRS,n,2,285.43,2.13,N,2
21.99454,76.00295,343.2,0.45,0.47,2023-04-02,743,N,VIIRS,l,2,317.79,8.24,D,0
23.65106,85.103,339.21,0.4,0.37,2023-04-13,737,N,VIIRS,l,2,313.41,3.13,D,0
31.49195,75.90186,345.72,0.38,0.44,2023-07-02,738,N,VIIRS,n,2,299.49,3.98,D,0
23.52442,80.00329,298.12,0.45,0.63,2023-04-15,2108,N,VIIRS,n,2,288.11,0.59,N,0
26.59061,93.67191,348.74,0.32,0.55,2023-04-08,731,N,VIIRS,n,2,270.53,4.25,D,0
23.61744,82.55451,308.1,0.38,0.36,2023-04-18,2011,N,VIIRS,n,2,294.41,0.73,N,0
25.16175,83.84184,305.28,0.57,0.43,2023-04-17,2029,N,VIIRS,n,2,292.12,1.05,N,0
28.67851,79.69163,337.42,0.45,0.47,2023-04-27,816,N,VIIRS,n,2,291.3,4.13,D,0
22.20112,84.06916,339.08,0.44,0.62,2023-03-25,652,N,VIIRS,n,2,296.83,5.49,D,0
22.94304,85.54339,302.26,0.47,0.4,2023-03-13,1945,N,VIIRS,n,2,290.52,1.04,N,0
26.99861,83.65043,330.31,0.42,0.37,2023-11-29,723,N,VIIRS,n,2,300.29,1.97,D,0
21.91031,83.15129,342.91,0.48,0.4,2023-02-23,754,N,VIIRS,n,2,305.14,4.85,D,0
15.17807,76.78814,300.75,0.34,0.56,2023-02-14,1954,N,VIIRS,n,2,289.16,0.58,N,2
14.77519,75.18584,355.57,0.4,0.6,2023-02-25,856,N,VIIRS,n,2,309.9,4.55,D,0
23.77887,86.39795,311.02,0.39,0.37,2023-02-14,1951,N,VIIRS,n,2,287.67,1.81,N,2
23.72568,86.43922,307.86,0.38,0.36,2023-02-19,1957,N,VIIRS,n,2,293.1,1.07,N,2
19.96308,79.33609,307.71,0.42,0.37,2023-12-29,2029,N,VIIRS,n,2,285.99,1.33,N,2
13.04117,76.92283,335.89,0.45,0.39,2023-11-11,758,N,VIIRS,n,2,298.91,2.89,D,0
17.77303,82.25362,337.71,0.47,0.39,2023-02-28,800,N,VIIRS,n,2,304.98,6.74,D,0
23.61129,87.14249,295.07,0.59,0.7,2023-01-05,1901,N,VIIRS,n,2,282.73,1.2,N,0
21.59422,78.31918,341.58,0.47,0.4,2023-02-22,813,N,VIIRS,n,2,310.52,5.27,D,0
23.54852,85.01164,334.24,0.38,0.36,2023-04-08,730,N,VIIRS,n,2,306.2,1.88,D,0
23.68981,86.39075,309.32,0.41,0.37,2023-01-23,2004,N,VIIRS,n,2,293.13,1.04,N,2
21.18591,74.08799,341.58,0.4,0.44,2023-03-11,755,N,VIIRS,n,2,312.24,3.05,D,0
14.74495,75.51846,331.79,0.39,0.36,2023-12-23,810,N,VIIRS,l,2,306.66,3.24,D,0
20.96877,85.17075,331.19,0.4,0.44,2023-04-09,711,N,VIIRS,l,2,304.57,5.92,D,2
20.53214,80.55695,334.25,0.39,0.36,2023-04-12,755,N,VIIRS,l,2,307.25,3.09,D,0
31.36055,75.09441,332.85,0.53,0.42,2023-10-27,744,N,VIIRS,n,2,300.69,2.06,D,0
23.43381,79.99245,332.54,0.48,0.4,2023-11-23,735,N,VIIRS,n,2,302.51,4.46,D,0
17.40432,80.42583,340.64,0.4,0.37,2023-03-06,747,N,VIIRS,n,2,308.68,3.85,D,0
23.68884,86.38684,309.06,0.46,0.39,2023-03-17,2010,N,VIIRS,n,2,290.24,1.9,N,2
18.01141,81.30417,336.9,0.39,0.36,2023-03-11,754,N,VIIRS,n,2,309.65,1.91,D,0
19.9464,86.09328,348.78,0.38,0.36,2023-02-03,729,N,VIIRS,n,2,309.0,3.41,D,0
30.58094,75.10734,328.9,0.72,0.76,2023-11-13,906,N,VIIRS,n,2,294.13,2.01,D,0
28.92863,79.8148,340.12,0.41,0.37,2023-10-21,755,N,VIIRS,n,2,307.64,4.94,D,0
27.73539,77.52548,335.19,0.5,0.49,2023-05-07,828,N,VIIRS,l,2,305.93,3.72,D,0
24.762,74.60437,296.32,0.47,0.64,2023-01-18,1957,N,VIIRS,n,2,283.07,1.62,N,2
20.19454,83.6672,342.64,0.5,0.41,2023-04-19,723,N,VIIRS,n,2,307.19,14.99,D,0
30.54596,75.57729,347.85,0.42,0.45,2023-05-07,829,N,VIIRS,n,2,312.68,7.11,D,0
13.39283,80.10156,306.59,0.38,0.36,2023-08-24,2013,N,VIIRS,n,2,289.32,1.26,N,0
27.18426,82.71068,337.83,0.43,0.46,2023-11-19,711,N,VIIRS,n,2,300.33,6.25,D,0
15.33453,76.24673,302.69,0.38,0.59,2023-04-15,2110,N,VIIRS,n,2,292.24,0.86,N,0
23.54057,78.37081,335.09,0.5,0.49,2023-05-07,827,N,VIIRS,l,2,306.83,3.8,D,0
24.21929,93.77502,327.99,0.42,0.38,2023-01-30,704,N,VIIRS,n,2,297.86,2.14,D,0
15.89754,76.57315,340.24,0.41,0.37,2023-05-02,819,N,VIIRS,n,2,299.58,1.96,D,0
27.83547,77.76084,316.07,0.38,0.36,2023-10-31,2033,N,VIIRS,n,2,290.3,1.08,N,0
24.76513,93.1799,367.0,0.38,0.36,2023-03-14,659,N,VIIRS,l,2,353.58,98.16,D,0
20.37484,82.50671,340.44,0.42,0.45,2023-03-05,807,N,VIIRS,n,2,307.05,2.96,D,0
25.446,93.22641,347.74,0.46,0.47,2023-07-08,724,N,VIIRS,n,2,291.33,10.65,D,0
26.17084,83.72776,356.01,0.47,0.64,2023-04-21,647,N,VIIRS,n,2,294.77,15.35,D,0
24.98535,93.23231,367.0,0.36,0.57,2023-04-13,737,N,VIIRS,h,2,302.94,6.59,D,0
30.42549,74.63627,340.87,0.57,0.52,2023-11-18,731,N,VIIRS,n,2,300.64,13.09,D,0
21.10059,72.6377,316.06,0.45,0.39,2023-12-06,2100,N,VIIRS,n,2,292.09,2.21,N,2
23.6268,93.32962,367.0,0.35,0.57,2023-03-12,736,N,VIIRS,h,2,307.54,15.37,D,0
29.98439,75.48439,350.96,0.39,0.36,2023-05-08,810,N,VIIRS,n,2,318.99,8.03,D,0
27.25756,83.33023,297.77,0.39,0.36,2023-04-07,2016,N,VIIRS,n,2,286.38,0.35,N,0
17.83816,79.0125,346.1,0.38,0.36,2023-02-12,800,N,VIIRS,n,2,315.91,11.92,D,0
23.78129,86.20696,342.87,0.48,0.4,2023-11-19,710,N,VIIRS,n,2,305.8,6.22,D,2
21.68677,80.85803,349.64,0.41,0.37,2023-04-18,743,N,VIIRS,n,2,315.1,7.42,D,0
21.92618,87.25009,336.84,0.44,0.63,2023-02-27,639,N,VIIRS,n,2,303.48,2.66,D,0
20.32216,78.00896,349.76,0.38,0.36,2023-04-01,801,N,VIIRS,n,2,319.32,7.9,D,0
24.14879,91.91692,340.69,0.51,0.5,2023-04-11,634,N,VIIRS,n,2,301.07,7.39,D,0
24.32932,93.83605,338.03,0.39,0.36,2023-04-10,653,N,VIIRS,l,2,311.16,2.84,D,0
24.90391,77.84446,301.69,0.39,0.59,2023-04-20,2113,N,VIIRS,n,2,289.49,0.28,N,0
12.687,77.55398,344.39,0.41,0.45,2023-02-21,830,N,VIIRS,n,2,307.76,7.8,D,0
20.31988,80.39192,340.56,0.5,0.41,2023-04-13,736,N,VIIRS,n,2,307.86,6.49,D,0
19.84743,84.58382,335.61,0.45,0.63,2023-02-21,651,N,VIIRS,n,2,308.7,2.5,D,0
25.22317,85.43297,309.96,0.41,0.37,2023-04-18,2010,N,VIIRS,n,2,295.44,0.98,N,0
22.47689,88.00182,310.65,0.5,0.41,2023-09-27,1932,N,VIIRS,n,2,292.29,1.05,N,0
30.26572,76.4828,341.76,0.38,0.44,2023-10-25,821,N,VIIRS,n,2,302.88,3.95,D,0
20.82837,86.96033,302.41,0.4,0.37,2023-01-08,1945,N,VIIRS,n,2,287.51,0.92,N,0
21.46655,80.12885,300.39,0.4,0.6,2023-01-04,2101,N,VIIRS,n,2,284.21,0.39,N,0
23.68062,77.50159,344.48,0.6,0.71,2023-04-25,1939,N,VIIRS,n,2,287.79,7.41,N,0
22.40725,80.93297,304.53,0.4,0.37,2023-03-11,2023,N,VIIRS,n,2,286.7,0.79,N,0
20.96834,85.17018,316.42,0.46,0.47,2023-11-30,1932,N,VIIRS,n,2,292.88,2.19,N,2
20.98733,82.01181,333.11,0.62,0.72,2023-05-28,652,N,VIIRS,n,2,298.28,5.94,D,0
18.39138,79.36366,335.91,0.4,0.45,2023-12-12,818,N,VIIRS,l,2,306.42,1.84,D,0
25.36926,92.97089,341.53,0.56,0.51,2023-04-08,731,N,VIIRS,n,2,298.35,6.41,D,0
31.48277,75.37092,341.92,0.51,0.5,2023-05-12,835,N,VIIRS,n,2,310.58,2.13,D,0
18.14496,82.34985,345.13,0.44,0.38,2023-02-24,735,N,VIIRS,n,2,313.47,6.74,D,0
17.83564,79.18407,336.47,0.39,0.59,2023-03-14,838,N,VIIRS,l,2,307.67,2.45,D,0
25.066,76.78603,353.17,0.45,0.47,2023-04-13,738,N,VIIRS,n,2,320.4,12.75,D,0
22.5668,77.57316,309.42,0.37,0.58,2023-04-03,1952,N,VIIRS,n,2,288.9,1.36,N,0
23.80402,86.32867,313.26,0.46,0.47,2023-07-17,2022,N,VIIRS,n,2,289.55,2.51,N,2
25.7662,91.0016,306.56,0.39,0.36,2023-03-13,1944,N,VIIRS,n,2,287.84,0.52,N,0
23.56441,83.57415,316.24,0.39,0.36,2023-04-18,2011,N,VIIRS,n,2,297.44,2.12,N,0
24.61142,93.94918,343.58,0.51,0.49,2023-01-13,723,N,VIIRS,n,2,295.37,6.4,D,0
30.98967,75.56003,339.38,0.38,0.59,2023-05-16,720,N,VIIRS,n,2,305.53,2.85,D,0
18.30024,73.36335,338.36,0.43,0.62,2023-02-14,903,N,VIIRS,n,2,312.09,3.02,D,0
23.53922,80.91179,342.42,0.42,0.45,2023-04-03,724,N,VIIRS,n,2,309.22,2.78,D,0
21.38021,85.49292,339.35,0.33,0.56,2023-03-05,807,N,VIIRS,n,2,309.01,3.19,D,0
21.77613,87.21472,337.95,0.35,0.57,2023-12-13,759,N,VIIRS,n,2,300.08,4.57,D,0
31.21481,74.65585,326.08,0.56,0.68,2023-11-08,859,N,VIIRS,n,2,289.5,2.83,D,0
22.96953,77.6252,340.71,0.43,0.46,2023-11-07,735,N,VIIRS,n,2,301.48,5.62,D,0
15.3092,76.2686,338.44,0.47,0.47,2023-03-30,838,N,VIIRS,l,2,309.77,7.37,D,0
20.35325,85.68078,349.52,0.48,0.4,2023-04-30,717,N,VIIRS,n,2,305.5,29.68,D,0
27.25596,83.8659,326.96,0.5,0.49,2023-01-27,802,N,VIIRS,n,2,296.59,2.59,D,0
23.85127,73.31406,315.77,0.53,0.67,2023-04-24,2139,N,VIIRS,n,2,293.12,2.13,N,0
19.39455,81.22451,332.48,0.48,0.4,2023-05-15,735,N,VIIRS,l,2,304.01,3.59,D,0
30.8424,74.90528,339.0,0.34,0.56,2023-05-21,726,N,VIIRS,l,2,312.89,4.33,D,0
25.58995,90.64843,338.28,0.41,0.45,2023-03-07,730,N,VIIRS,n,2,301.63,2.92,D,0
16.17504,78.91769,367.0,0.77,0.77,2023-02-15,703,N,VIIRS,h,2,307.47,23.28,D,0
21.98787,82.53246,337.82,0.4,0.37,2023-01-23,736,N,VIIRS,n,2,306.83,1.34,D,0
19.95864,79.09098,303.49,0.7,0.75,2023-03-14,1928,N,VIIRS,n,2,287.28,2.0,N,0
22.95883,77.54859,342.71,0.44,0.46,2023-11-07,735,N,VIIRS,n,2,303.84,4.34,D,0
14.26066,78.10835,311.95,0.34,0.56,2023-02-25,1948,N,VIIRS,n,2,294.04,1.29,N,0
22.94761,78.31327,341.67,0.49,0.4,2023-04-11,815,N,VIIRS,n,2,313.62,7.8,D,0
22.09175,84.51572,303.24,0.33,0.55,2023-03-14,1927,N,VIIRS,n,2,292.55,1.33,N,0
21.22305,82.16322,340.99,0.39,0.36,2023-03-01,742,N,VIIRS,l,2,313.32,9.65,D,0
19.28366,73.30524,352.24,0.41,0.37,2023-05-29,813,N,VIIRS,l,2,318.57,15.29,D,0
23.75226,86.41658,323.64,0.38,0.36,2023-05-10,1958,N,VIIRS,n,2,300.98,3.63,N,2
24.28893,76.99853,349.01,0.46,0.39,2023-02-02,749,N,VIIRS,n,2,305.86,10.37,D,0
22.21321,84.84136,313.72,0.39,0.36,2023-12-20,1957,N,VIIRS,n,2,284.53,1.19,N,2
27.45963,95.4784,302.13,0.56,0.43,2023-12-26,1942,N,VIIRS,n,2,285.06,0.89,N,0
30.04511,77.23626,327.92,0.38,0.36,2023-12-08,756,N,VIIRS,n,2,296.82,3.37,D,0
22.7912,86.2121,332.16,0.42,0.38,2023-07-19,717,N,VIIRS,l,2,298.35,5.51,D,2
22.29111,80.31274,343.41,0.42,0.37,2023-03-17,743,N,VIIRS,n,2,307.74,4.87,D,0
17.94107,73.76971,306.6,0.46,0.39,2023-03-04,2056,N,VIIRS,n,2,290.31,0.81,N,0
21.85333,86.59245,340.83,0.4,0.44,2023-03-06,748,N,VIIRS,n,2,304.23,6.96,D,0
22.83211,92.52092,342.74,0.61,0.54,2023-04-13,736,N,VIIRS,n,2,304.61,7.24,D,0
23.42426,76.89552,333.13,0.72,0.76,2023-04-20,706,N,VIIRS,n,2,301.0,3.51,D,0
26.35975,91.26653,295.27,0.61,0.71,2023-06-25,2034,N,VIIRS,n,2,284.1,3.36,N,0
19.78714,79.14766,312.27,0.43,0.46,2023-03-23,1959,N,VIIRS,n,2,293.34,1.35,N,2
14.33258,78.93068,339.37,0.55,0.68,2023-03-08,849,N,VIIRS,n,2,298.8,8.9,D,0
29.9975,75.72318,336.43,0.4,0.37,2023-11-16,809,N,VIIRS,n,2,305.32,2.52,D,0
19.86546,83.60737,343.6,0.42,0.45,2023-05-16,716,N,VIIRS,n,2,307.05,14.79,D,0
25.61949,91.17825,300.36,0.41,0.6,2023-03-11,2022,N,VIIRS,n,2,283.64,0.79,N,0
30.44794,76.52384,347.84,0.37,0.58,2023-10-24,840,N,VIIRS,n,2,299.75,4.25,D,0
17.97794,79.97798,355.11,0.47,0.4,2023-02-13,741,N,VIIRS,n,2,315.14,16.26,D,0
25.87523,94.37139,341.93,0.4,0.37,2023-03-14,659,N,VIIRS,n,2,301.21,3.89,D,0
29.33957,76.97247,326.81,0.59,0.7,2023-03-24,854,N,VIIRS,n,2,289.34,5.98,D,0
26.75971,83.19961,309.37,0.49,0.49,2023-06-14,2040,N,VIIRS,n,2,297.65,1.99,N,2
30.83884,76.335,343.87,0.36,0.57,2023-10-24,840,N,VIIRS,n,2,300.46,2.07,D,0
19.24039,78.80293,353.28,0.47,0.4,2023-03-10,813,N,VIIRS,n,2,309.52,16.62,D,0
15.27891,78.82941,342.49,0.51,0.41,2023-02-27,818,N,VIIRS,n,2,308.79,4.13,D,0
30.82677,77.84386,336.45,0.39,0.36,2023-03-06,751,N,VIIRS,n,2,305.89,5.5,D,0
23.43299,79.98782,333.4,0.48,0.4,2023-11-23,735,N,VIIRS,n,2,301.99,3.73,D,0
24.90627,81.25224,357.2,0.79,0.78,2023-02-15,846,N,VIIRS,n,2,302.19,16.49,D,0
21.35917,81.73605,346.52,0.48,0.4,2023-05-19,801,N,VIIRS,n,2,310.92,6.29,D,0
19.61128,73.39612,341.24,0.41,0.37,2023-03-26,814,N,VIIRS,l,2,315.01,5.75,D,0
33.40155,75.78022,318.95,0.44,0.62,2023-12-20,2134,N,VIIRS,n,2,278.46,3.61,N,0
18.68061,73.03448,320.9,0.49,0.4,2023-11-11,2030,N,VIIRS,n,2,295.03,3.04,N,2
20.79337,85.25568,329.08,0.54,0.42,2023-12-19,2016,N,VIIRS,n,2,289.43,3.03,N,2
18.132,80.29601,330.31,0.55,0.43,2023-04-13,736,N,VIIRS,l,2,304.92,2.85,D,0
23.81596,85.89441,331.36,0.38,0.59,2023-03-05,808,N,VIIRS,l,2,302.5,3.01,D,0
22.13692,80.21923,340.68,0.61,0.54,2023-03-13,717,N,VIIRS,n,2,301.5,5.71,D,0
27.07652,83.45947,333.25,0.39,0.44,2023-11-19,711,N,VIIRS,n,2,299.29,1.82,D,0
27.79199,96.34611,325.38,0.41,0.37,2023-03-10,634,N,VIIRS,n,2,298.61,2.03,D,0
27.12313,80.20325,337.32,0.46,0.47,2023-04-27,815,N,VIIRS,l,2,309.68,5.76,D,0
30.60492,74.17937,341.54,0.38,0.36,2023-11-16,809,N,VIIRS,n,2,295.33,3.71,D,0
24.52062,93.10081,336.34,0.33,0.56,2023-03-16,621,N,VIIRS,n,2,291.11,51.03,D,0
18.23609,83.09106,335.1,0.39,0.36,2023-03-06,747,N,VIIRS,n,2,307.15,2.17,D,0
25.04974,83.34037,349.27,0.4,0.37,2023-05-20,743,N,VIIRS,l,2,320.22,10.33,D,0
19.86843,81.27135,308.23,0.39,0.36,2023-04-18,2012,N,VIIRS,n,2,297.3,1.62,N,0
15.95525,73.83076,307.13,0.43,0.38,2023-04-01,2032,N,VIIRS,n,2,294.25,1.04,N,0
13.087,79.21259,345.86,0.51,0.41,2023-02-27,817,N,VIIRS,n,2,314.91,12.88,D,0
24.15256,79.34716,337.76,0.76,0.77,2023-01-20,653,N,VIIRS,n,2,287.51,5.95,D,0
11.73189,79.61868,332.89,0.43,0.38,2023-10-20,810,N,VIIRS,n,2,302.87,2.87,D,0
21.22891,81.53415,331.93,0.38,0.59,2023-01-15,826,N,VIIRS,n,2,299.74,2.02,D,0
21.11012,72.62923,333.3,0.46,0.47,2023-03-27,2024,N,VIIRS,n,2,295.15,3.41,N,2
20.27399,79.66446,333.73,0.4,0.37,2023-01-27,800,N,VIIRS,n,2,303.17,1.66,D,0
22.04201,83.73348,355.37,0.42,0.46,2023-12-13,800,N,VIIRS,n,2,303.65,13.61,D,2
21.06223,82.9586,341.17,0.55,0.43,2023-02-28,801,N,VIIRS,n,2,305.34,5.42,D,0
23.066,77.50284,301.47,0.78,0.78,2023-04-19,2133,N,VIIRS,n,2,286.0,1.09,N,0
30.72075,74.27061,341.09,0.34,0.56,2023-11-14,847,N,VIIRS,n,2,298.1,3.27,D,0
20.36879,80.5601,313.02,0.45,0.39,2023-03-12,2005,N,VIIRS,n,2,294.92,2.45,N,0
25.73449,76.65086,331.96,0.43,0.62,2023-10-23,717,N,VIIRS,n,2,300.54,1.7,D,0
25.42948,88.61736,338.43,0.37,0.58,2023-04-12,756,N,VIIRS,l,2,309.13,4.7,D,0
16.94472,78.52358,350.1,0.5,0.66,2023-02-25,716,N,VIIRS,n,2,310.91,14.93,D,0
25.60427,76.54192,355.99,0.42,0.45,2023-04-21,828,N,VIIRS,n,2,322.92,9.98,D,0
21.22408,83.80917,342.76,0.39,0.36,2023-06-05,742,N,VIIRS,n,2,308.76,4.98,D,0
23.79311,86.35201,310.75,0.34,0.56,2023-05-12,1920,N,VIIRS,n,2,281.57,1.79,N,2
23.00556,85.14301,341.57,0.38,0.36,2023-03-07,730,N,VIIRS,n,2,308.18,2.33,D,0
19.85992,84.35336,305.92,0.42,0.38,2023-03-02,1952,N,VIIRS,n,2,294.54,1.33,N,0
18.8798,81.12171,310.82,0.39,0.36,2023-04-18,2012,N,VIIRS,n,2,298.43,5.69,N,0
12.27084,77.51295,341.75,0.42,0.38,2023-03-15,818,N,VIIRS,l,2,312.3,8.76,D,0
18.84018,77.95134,345.26,0.39,0.36,2023-12-02,805,N,VIIRS,n,2,302.17,11.47,D,0
22.78261,86.19951,300.1,0.44,0.38,2023-12-26,1944,N,VIIRS,n,2,289.96,1.11,N,2
21.0076,84.04581,344.26,0.38,0.36,2023-03-12,736,N,VIIRS,n,2,311.29,2.64,D,0
13.72069,78.99728,307.49,0.58,0.52,2023-03-13,1948,N,VIIRS,n,2,291.94,1.33,N,0
23.31259,76.68537,346.88,0.61,0.54,2023-04-24,731,N,VIIRS,l,2,321.42,27.81,D,0
23.7991,87.04991,331.97,0.56,0.52,2023-05-30,755,N,VIIRS,n,2,300.27,9.47,D,2
21.32139,85.95229,344.54,0.45,0.39,2023-02-25,716,N,VIIRS,n,2,307.87,7.36,D,0
30.07507,78.07354,309.34,0.41,0.45,2023-05-12,2059,N,VIIRS,n,2,294.32,1.11,N,0
22.05338,88.12376,310.9,0.39,0.36,2023-06-01,1945,N,VIIRS,n,2,282.81,1.5,N,2
22.35312,76.50107,332.6,0.42,0.45,2023-02-13,742,N,VIIRS,l,2,306.12,2.81,D,0
22.79791,86.09139,308.82,0.54,0.51,2023-10-08,1925,N,VIIRS,n,2,295.83,4.4,N,2
16.36938,78.87774,350.89,0.38,0.36,2023-02-28,759,N,VIIRS,n,2,315.55,10.46,D,0
25.71073,76.70883,340.07,0.52,0.67,2023-11-03,711,N,VIIRS,n,2,299.36,3.39,D,0
22.85589,69.65799,342.15,0.45,0.39,2023-10-29,845,N,VIIRS,n,2,309.19,5.56,D,0
22.65262,77.63727,367.0,0.34,0.56,2023-04-03,724,N,VIIRS,h,2,314.95,13.49,D,0
20.18359,85.43978,334.32,0.62,0.54,2023-01-25,657,N,VIIRS,n,2,304.04,4.88,D,0
23.63737,85.36391,305.94,0.49,0.65,2023-06-08,1913,N,VIIRS,n,2,290.8,0.78,N,0
25.3755,75.82655,310.94,0.39,0.36,2023-04-22,2036,N,VIIRS,n,2,289.11,1.19,N,0
30.5868,75.64117,337.45,0.77,0.77,2023-05-05,907,N,VIIRS,n,2,297.01,5.92,D,0
17.93496,77.78759,344.08,0.39,0.36,2023-02-17,806,N,VIIRS,n,2,315.16,4.17,D,0
30.79146,75.68372,337.09,0.69,0.74,2023-07-04,701,N,VIIRS,n,2,286.97,5.62,D,0
21.47159,83.84852,341.28,0.39,0.36,2023-06-05,742,N,VIIRS,n,2,310.83,3.82,D,0
24.69753,81.09586,337.04,0.49,0.48,2023-06-01,718,N,VIIRS,l,2,311.08,7.3,D,0
16.20431,80.75169,330.6,0.58,0.52,2023-06-08,824,N,VIIRS,n,2,290.65,4.22,D,0
21.37596,81.67597,302.42,0.5,0.65,2023-05-01,1927,N,VIIRS,n,2,289.05,1.97,N,0
20.78946,85.26206,309.24,0.58,0.7,2023-04-16,1909,N,VIIRS,n,2,295.46,2.67,N,2
25.79954,91.75257,336.47,0.61,0.53,2023-04-06,628,N,VIIRS,n,2,299.29,14.15,D,0
26.07657,92.17172,340.26,0.46,0.47,2023-04-11,634,N,VIIRS,n,2,301.56,3.09,D,0
15.17201,76.66196,305.99,0.42,0.38,2023-08-12,2038,N,VIIRS,n,2,287.17,1.89,N,2
21.23697,79.36858,302.45,0.44,0.39,2023-04-02,2012,N,VIIRS,n,2,289.65,0.56,N,0
23.75937,86.40472,346.72,0.43,0.38,2023-05-15,736,N,VIIRS,n,2,312.88,8.64,D,2
25.90788,78.12119,342.78,0.43,0.62,2023-05-11,712,N,VIIRS,n,2,315.56,3.06,D,0
21.13719,84.33566,344.78,0.54,0.42,2023-04-14,717,N,VIIRS,n,2,307.71,7.84,D,0
14.46979,77.8998,341.91,0.48,0.65,2023-04-19,722,N,VIIRS,n,2,312.66,3.0,D,0
18.82402,80.58409,330.74,0.39,0.59,2023-04-10,832,N,VIIRS,n,2,300.07,3.69,D,0
22.41832,92.66055,343.14,0.49,0.49,2023-04-08,730,N,VIIRS,n,2,308.25,4.0,D,0
22.46307,85.57676,311.82,0.45,0.39,2023-04-18,2011,N,VIIRS,n,2,296.01,1.8,N,0
24.16311,84.39834,354.13,0.39,0.59,2023-04-11,815,N,VIIRS,n,2,316.74,5.89,D,0
22.0404,76.28539,339.05,0.34,0.56,2023-04-24,730,N,VIIRS,l,2,313.93,3.07,D,0
21.55134,84.44689,331.65,0.4,0.37,2023-03-07,729,N,VIIRS,l,2,306.16,2.3,D,0
30.17329,74.65225,346.11,0.68,0.74,2023-11-13,905,N,VIIRS,n,2,297.44,11.48,D,0
19.21507,83.99798,348.84,0.4,0.45,2023-04-17,801,N,VIIRS,n,2,312.81,33.29,D,0
20.94474,75.47198,345.18,0.42,0.37,2023-06-03,820,N,VIIRS,n,2,310.82,14.18,D,0
22.35585,87.29117,303.14,0.38,0.36,2023-11-13,1951,N,VIIRS,n,2,292.18,0.85,N,0
25.53163,93.81344,351.15,0.41,0.45,2023-03-13,718,N,VIIRS,n,2,298.63,6.74,D,0
21.49401,85.045,344.8,0.5,0.49,2023-03-03,704,N,VIIRS,n,2,307.47,4.69,D,0
30.28449,76.17218,340.26,0.45,0.47,2023-10-30,828,N,VIIRS,n,2,301.5,6.72,D,0
27.24165,80.251,349.9,0.41,0.37,2023-05-14,756,N,VIIRS,n,2,314.12,9.22,D,0
27.52728,96.356,332.98,0.49,0.4,2023-03-14,659,N,VIIRS,n,2,300.46,3.25,D,0
10.33914,77.03598,367.0,0.44,0.46,2023-02-26,836,N,VIIRS,h,2,310.63,21.3,D,0
30.4924,76.49575,346.02,0.58,0.52,2023-05-12,835,N,VIIRS,n,2,314.22,8.33,D,0
24.60609,80.49654,334.17,0.44,0.39,2023-04-29,737,N,VIIRS,l,2,306.41,2.92,D,0
17.1396,77.18533,304.32,0.49,0.4,2023-06-30,2043,N,VIIRS,n,2,290.29,0.45,N,2
30.30297,76.10663,333.73,0.39,0.36,2023-11-06,756,N,VIIRS,n,2,300.67,1.07,D,0
21.1844,81.38695,312.09,0.39,0.36,2023-01-28,2011,N,VIIRS,n,2,294.63,2.29,N,3
22.43505,79.73505,337.42,0.47,0.4,2023-05-08,808,N,VIIRS,n,2,301.25,3.52,D,0
30.14954,76.04191,346.18,0.53,0.67,2023-11-03,853,N,VIIRS,n,2,293.99,6.09,D,0
19.54563,80.12521,335.99,0.53,0.42,2023-04-13,736,N,VIIRS,l,2,306.71,2.79,D,0
30.68418,75.54966,337.79,0.44,0.38,2023-11-01,750,N,VIIRS,n,2,300.03,3.59,D,0
25.18701,83.93817,300.89,0.4,0.44,2023-04-14,1945,N,VIIRS,n,2,277.01,0.63,N,0
18.35213,73.62955,301.42,0.4,0.37,2023-02-11,2050,N,VIIRS,n,2,289.75,1.47,N,0
20.96722,85.16233,306.18,0.47,0.39,2023-03-13,1946,N,VIIRS,n,2,295.35,2.08,N,2
23.2607,70.24973,298.33,0.68,0.74,2023-02-02,2157,N,VIIRS,n,2,285.5,1.51,N,2
19.43682,73.45157,367.0,0.46,0.64,2023-03-12,736,N,VIIRS,h,2,303.65,8.8,D,0
25.33824,93.53767,345.69,0.38,0.59,2023-03-11,615,N,VIIRS,n,2,302.72,43.54,D,0
22.02349,77.64411,298.23,0.38,0.36,2023-02-12,2030,N,VIIRS,n,2,279.63,0.2,N,0
30.50853,74.37621,349.35,0.5,0.41,2023-05-09,751,N,VIIRS,n,2,316.08,16.44,D,0
26.47731,78.43673,336.47,0.38,0.36,2023-11-06,755,N,VIIRS,n,2,301.74,2.29,D,0
15.17355,76.65733,322.15,0.32,0.55,2023-07-31,2103,N,VIIRS,n,2,285.73,2.44,N,2
22.69041,77.81393,343.07,0.46,0.63,2023-04-04,846,N,VIIRS,n,2,296.66,8.95,D,0
21.18998,81.19979,301.95,0.42,0.37,2023-11-22,2022,N,VIIRS,n,2,291.25,0.67,N,2
25.31171,83.01366,301.34,0.41,0.37,2023-12-25,2002,N,VIIRS,n,2,289.35,0.71,N,0
13.00021,75.01654,334.2,0.57,0.43,2023-04-01,759,N,VIIRS,n,2,300.37,4.64,D,0
26.58567,84.2348,336.82,0.51,0.41,2023-03-06,750,N,VIIRS,n,2,304.19,3.73,D,0
23.41305,93.0348,338.31,0.38,0.36,2023-03-14,658,N,VIIRS,n,2,298.28,106.06,D,0
22.50691,81.37377,348.42,0.41,0.37,2023-05-14,755,N,VIIRS,n,2,316.16,7.89,D,0
20.77218,80.26214,347.77,0.39,0.36,2023-04-12,755,N,VIIRS,n,2,308.64,5.98,D,0
19.75197,84.03353,351.12,0.33,0.55,2023-05-13,813,N,VIIRS,n,2,290.11,4.64,D,0
23.73816,85.012,302.47,0.38,0.43,2023-12-24,2021,N,VIIRS,n,2,290.13,2.12,N,2
23.26929,83.33698,316.44,0.5,0.41,2023-04-19,1952,N,VIIRS,n,2,294.35,2.83,N,0
17.82018,80.18483,338.22,0.41,0.37,2023-03-06,747,N,VIIRS,n,2,305.12,4.12,D,0
23.16841,79.69954,335.46,0.48,0.4,2023-05-08,808,N,VIIRS,l,2,309.98,5.43,D,0
13.31747,76.52512,333.91,0.55,0.43,2023-01-20,830,N,VIIRS,n,2,303.04,5.85,D,0
22.78597,86.20481,305.87,0.42,0.45,2023-10-29,1932,N,VIIRS,n,2,294.32,2.12,N,2
23.33765,87.06109,344.71,0.38,0.36,2023-03-02,723,N,VIIRS,n,2,309.77,12.95,D,0
22.31575,82.89377,347.58,0.41,0.37,2023-03-06,748,N,VIIRS,n,2,310.9,4.82,D,0
26.61131,84.61626,334.28,0.4,0.37,2023-03-28,737,N,VIIRS,n,2,307.67,3.18,D,0
13.21475,78.11736,344.42,0.38,0.43,2023-03-06,746,N,VIIRS,n,2,310.71,4.97,D,0
17.14757,78.9826,335.35,0.45,0.39,2023-01-17,747,N,VIIRS,l,2,307.51,4.04,D,0
17.29181,81.27785,338.24,0.41,0.45,2023-02-06,812,N,VIIRS,n,2,301.23,3.12,D,0
19.16949,80.6265,333.21,0.42,0.37,2023-04-17,801,N,VIIRS,l,2,306.66,3.15,D,0
19.30133,75.00009,338.51,0.38,0.36,2023-12-23,812,N,VIIRS,n,2,307.97,7.09,D,0
13.79655,76.5134,336.69,0.33,0.55,2023-02-21,2103,N,VIIRS,n,2,292.62,1.93,N,0
24.90789,83.52721,315.55,0.38,0.36,2023-04-18,2011,N,VIIRS,n,2,300.09,1.51,N,0
23.76748,86.37591,308.47,0.35,0.57,2023-05-24,2035,N,VIIRS,n,2,292.84,1.15,N,2
31.75292,75.42802,332.35,0.45,0.39,2023-11-21,815,N,VIIRS,n,2,297.59,4.16,D,0
31.12842,75.30016,340.26,0.42,0.45,2023-11-15,828,N,VIIRS,n,2,301.28,3.31,D,0
18.0501,73.67705,336.7,0.35,0.57,2023-03-29,857,N,VIIRS,n,2,306.83,1.31,D,0
22.03382,82.4855,340.15,0.54,0.42,2023-01-11,801,N,VIIRS,n,2,304.37,6.16,D,0
19.37186,77.34374,348.82,0.49,0.49,2023-02-05,832,N,VIIRS,n,2,310.41,8.34,D,0
21.21522,79.36803,335.93,0.38,0.36,2023-04-12,755,N,VIIRS,l,2,309.76,3.4,D,0
21.83498,83.29066,346.26,0.39,0.36,2023-05-20,742,N,VIIRS,n,2,315.03,9.06,D,0
19.35925,83.68852,347.14,0.44,0.38,2023-03-07,729,N,VIIRS,n,2,307.24,6.48,D,0
11.93789,79.44992,334.08,0.51,0.41,2023-09-23,816,N,VIIRS,n,2,297.13,2.46,D,0
22.18938,72.81456,345.77,0.41,0.37,2023-05-29,814,N,VIIRS,l,2,308.78,9.17,D,0
22.75479,78.42617,311.35,0.52,0.5,2023-04-08,1959,N,VIIRS,n,2,288.14,1.66,N,0
28.80683,76.86771,308.53,0.6,0.53,2023-12-25,2001,N,VIIRS,n,2,282.98,1.4,N,0
21.10547,72.64451,333.62,0.5,0.41,2023-07-04,838,N,VIIRS,n,2,286.93,7.02,D,2
28.0996,80.90003,336.86,0.51,0.66,2023-05-12,834,N,VIIRS,n,2,306.51,2.41,D,0
18.7354,79.53225,323.33,0.39,0.36,2023-03-22,2018,N,VIIRS,n,2,294.08,0.99,N,0
23.805,81.46439,349.45,0.39,0.36,2023-04-07,750,N,VIIRS,n,2,309.19,7.07,D,0
22.22124,84.75858,305.48,0.48,0.48,2023-10-10,2028,N,VIIRS,n,2,294.82,2.33,N,2
28.20051,94.76506,329.62,0.55,0.43,2023-12-18,627,N,VIIRS,n,2,290.81,3.51,D,0
25.35865,94.31126,328.6,0.45,0.39,2023-02-27,640,N,VIIRS,n,2,297.24,3.07,D,0
16.13001,78.66978,340.38,0.4,0.6,2023-03-02,722,N,VIIRS,n,2,305.08,5.36,D,0
26.99234,82.81911,330.64,0.53,0.42,2023-11-22,755,N,VIIRS,n,2,300.71,2.03,D,0
31.72123,75.53266,334.56,0.45,0.63,2023-05-11,714,N,VIIRS,n,2,299.7,1.87,D,0
23.16709,82.34145,330.45,0.52,0.5,2023-04-11,2042,N,VIIRS,n,2,295.73,4.51,N,2
25.60471,76.33014,345.64,0.5,0.49,2023-04-26,834,N,VIIRS,n,2,310.57,9.74,D,0
23.69097,87.12286,307.49,0.43,0.38,2023-08-03,2004,N,VIIRS,n,2,289.85,1.67,N,2
21.80291,87.3128,335.01,0.54,0.42,2023-12-14,741,N,VIIRS,n,2,299.99,2.77,D,0
23.66822,86.09099,304.13,0.43,0.62,2023-02-22,2041,N,VIIRS,n,2,290.45,1.58,N,2
24.93254,74.63379,306.6,0.42,0.37,2023-09-29,2034,N,VIIRS,n,2,293.59,1.35,N,2
21.64503,72.94427,343.5,0.44,0.46,2023-03-19,845,N,VIIRS,n,2,303.44,5.88,D,0
30.41265,74.83056,349.29,0.45,0.47,2023-11-07,737,N,VIIRS,n,2,295.04,6.8,D,0
27.11129,82.76846,331.51,0.53,0.42,2023-11-06,755,N,VIIRS,n,2,299.81,2.95,D,0
15.06855,76.86668,301.95,0.42,0.61,2023-02-09,1948,N,VIIRS,n,2,290.54,0.9,N,2
14.24519,78.84109,343.64,0.42,0.61,2023-02-14,721,N,VIIRS,n,2,304.01,5.54,D,0
18.88902,78.07758,336.73,0.44,0.38,2023-11-05,812,N,VIIRS,n,2,303.91,1.96,D,0
19.83441,83.59296,367.0,0.33,0.55,2023-04-20,704,N,VIIRS,h,2,299.81,17.04,D,0
24.7363,81.11769,336.49,0.39,0.59,2023-04-21,828,N,VIIRS,l,2,309.88,2.2,D,0
23.20574,79.6743,333.9,0.39,0.36,2023-11-17,748,N,VIIRS,n,2,304.1,2.05,D,0
22.23341,87.38866,341.96,0.4,0.37,2023-12-26,715,N,VIIRS,n,2,300.24,2.35,D,0
21.93092,85.22296,302.29,0.47,0.4,2023-02-09,1945,N,VIIRS,n,2,285.72,0.99,N,2
18.7323,82.53719,340.61,0.41,0.6,2023-03-04,825,N,VIIRS,n,2,307.42,4.49,D,0
12.30831,79.87402,350.78,0.45,0.39,2023-06-14,811,N,VIIRS,n,2,290.23,9.02,D,0
18.28485,73.59418,331.8,0.71,0.75,2023-02-24,916,N,VIIRS,n,2,303.94,1.12,D,0
12.10018,76.46225,337.82,0.49,0.4,2023-05-19,759,N,VIIRS,n,2,305.9,9.11,D,0
13.49628,78.76636,301.24,0.47,0.39,2023-02-24,2007,N,VIIRS,n,2,289.32,0.81,N,0
23.53387,81.47125,302.46,0.54,0.51,2023-03-29,1946,N,VIIRS,n,2,290.94,0.76,N,0
29.78675,76.13656,346.5,0.5,0.41,2023-10-27,743,N,VIIRS,n,2,305.43,6.11,D,0
23.41518,78.04676,337.05,0.62,0.71,2023-04-20,706,N,VIIRS,n,2,303.02,5.56,D,0
17.83418,82.01896,313.34,0.42,0.45,2023-03-13,1947,N,VIIRS,n,2,291.84,1.63,N,0
16.33455,78.94853,367.0,0.38,0.59,2023-04-19,723,N,VIIRS,h,2,309.56,8.61,D,0
21.51579,81.65863,336.93,0.41,0.6,2023-05-22,704,N,VIIRS,n,2,306.63,5.44,D,0
25.9654,78.26722,332.62,0.4,0.37,2023-11-17,749,N,VIIRS,n,2,300.33,2.15,D,0
26.88849,95.00205,333.36,0.39,0.36,2023-04-10,653,N,VIIRS,n,2,301.47,2.39,D,0
23.39264,81.22996,340.79,0.48,0.4,2023-04-17,802,N,VIIRS,l,2,315.0,9.36,D,0
15.23976,74.81373,330.38,0.57,0.52,2023-03-06,747,N,VIIRS,l,2,305.37,2.54,D,0
21.8505,83.06548,340.34,0.38,0.59,2023-03-15,820,N,VIIRS,n,2,301.15,2.74,D,0
14.59803,79.13293,310.46,0.46,0.39,2023-04-13,2007,N,VIIRS,n,2,297.91,1.6,N,0
16.18184,80.57756,351.79,0.38,0.59,2023-05-16,716,N,VIIRS,n,2,305.54,5.1,D,0
20.2686,83.63525,310.73,0.4,0.37,2023-04-18,2012,N,VIIRS,n,2,298.2,3.6,N,0
20.80822,85.25784,311.73,0.46,0.39,2023-01-24,1946,N,VIIRS,n,2,292.53,2.12,N,2
14.26524,77.81632,309.37,0.48,0.4,2023-02-17,2038,N,VIIRS,n,2,293.08,1.22,N,0
21.6684,80.86583,334.94,0.38,0.36,2023-02-18,748,N,VIIRS,l,2,305.67,2.6,D,0
20.9669,85.15188,302.27,0.41,0.37,2023-12-15,1951,N,VIIRS,n,2,290.24,1.38,N,2
22.41929,88.20612,336.55,0.43,0.38,2023-03-07,729,N,VIIRS,l,2,306.58,5.02,D,0
18.86064,78.10297,336.62,0.39,0.36,2023-11-11,759,N,VIIRS,n,2,302.03,3.01,D,0
24.03495,93.8157,330.55,0.39,0.44,2023-01-24,717,N,VIIRS,n,2,296.31,4.3,D,0
21.7532,84.0243,300.68,0.55,0.51,2023-11-14,1932,N,VIIRS,n,2,286.68,1.13,N,2
23.32177,93.16646,356.64,0.38,0.36,2023-03-14,658,N,VIIRS,l,2,305.95,5.68,D,0
17.96758,80.1473,339.41,0.44,0.46,2023-02-27,819,N,VIIRS,n,2,307.13,4.38,D,0
17.94346,79.96285,336.12,0.61,0.54,2023-06-06,722,N,VIIRS,n,2,302.5,8.15,D,0
23.39396,84.31733,341.85,0.51,0.49,2023-04-20,705,N,VIIRS,n,2,298.25,6.39,D,0
23.80371,86.32924,330.03,0.45,0.47,2023-12-24,2021,N,VIIRS,n,2,293.96,4.2,N,2
17.39533,73.3777,343.13,0.51,0.49,2023-04-12,754,N,VIIRS,n,2,304.35,5.23,D,0
16.14974,79.30908,295.24,0.48,0.64,2023-08-26,1934,N,VIIRS,n,2,285.0,3.8,N,0
25.2922,94.20528,311.53,0.38,0.36,2023-03-14,1926,N,VIIRS,n,2,285.62,1.01,N,0
30.7067,75.11093,333.41,0.39,0.36,2023-10-31,809,N,VIIRS,n,2,298.75,4.14,D,0
27.76363,96.31533,327.91,0.49,0.4,2023-03-14,659,N,VIIRS,n,2,298.15,2.64,D,0
18.66085,77.94308,334.18,0.33,0.55,2023-05-17,838,N,VIIRS,l,2,306.0,2.58,D,0
16.8217,79.48354,341.31,0.39,0.44,2023-05-18,819,N,VIIRS,l,2,311.99,6.62,D,0
28.78793,77.07565,332.49,0.45,0.47,2023-04-24,732,N,VIIRS,n,2,300.51,2.7,D,0
22.91002,69.7001,314.87,0.44,0.38,2023-03-19,2114,N,VIIRS,n,2,291.18,1.78,N,2
22.75823,77.92136,334.01,0.64,0.72,2023-04-04,706,N,VIIRS,n,2,279.8,54.44,D,0
22.32115,73.71351,344.43,0.42,0.38,2023-05-07,827,N,VIIRS,n,2,307.24,3.39,D,0
22.05014,88.1255,306.74,0.4,0.6,2023-10-26,2028,N,VIIRS,n,2,290.81,1.51,N,2
22.03035,83.36614,300.0,0.49,0.65,2023-02-16,2054,N,VIIRS,n,2,288.47,1.41,N,2
21.66066,78.61884,340.63,0.4,0.44,2023-02-27,820,N,VIIRS,l,2,310.74,4.32,D,0
12.99214,76.94097,332.6,0.47,0.64,2023-03-07,727,N,VIIRS,l,2,304.42,1.93,D,0
22.07773,86.95496,341.03,0.54,0.68,2023-02-06,813,N,VIIRS,n,2,299.34,4.82,D,0
27.18224,82.62729,301.56,0.62,0.71,2023-04-10,1920,N,VIIRS,n,2,289.44,1.71,N,0
16.28145,74.24847,340.2,0.54,0.42,2023-02-26,837,N,VIIRS,l,2,314.14,3.73,D,0
16.75947,76.89784,340.17,0.42,0.38,2023-04-17,800,N,VIIRS,l,2,314.7,7.27,D,0
30.40302,75.98842,335.21,0.41,0.37,2023-11-16,809,N,VIIRS,n,2,305.64,1.85,D,0
28.86694,78.78488,298.17,0.45,0.63,2023-11-08,1943,N,VIIRS,n,2,287.55,0.39,N,0
24.15218,92.29111,335.28,0.47,0.64,2023-04-12,615,N,VIIRS,n,2,301.87,7.32,D,0
23.70765,86.07449,295.88,0.34,0.56,2023-01-16,2035,N,VIIRS,n,2,282.96,0.4,N,2
27.1527,82.74908,328.98,0.43,0.38,2023-04-13,2004,N,VIIRS,n,2,293.37,2.68,N,0
15.4715,77.81298,345.2,0.46,0.39,2023-04-16,819,N,VIIRS,l,2,317.97,15.66,D,0
24.0524,92.04692,336.1,0.59,0.7,2023-04-12,756,N,VIIRS,n,2,299.65,6.66,D,0
22.42648,85.24496,344.21,0.38,0.36,2023-04-08,730,N,VIIRS,n,2,303.11,5.95,D,0
25.48036,79.4193,342.17,0.62,0.54,2023-05-07,827,N,VIIRS,n,2,308.46,9.71,D,0
22.4442,82.17747,335.84,0.43,0.62,2023-03-04,826,N,VIIRS,n,2,307.81,2.39,D,0
24.95843,71.49358,344.36,0.42,0.38,2023-10-03,833,N,VIIRS,n,2,311.46,5.19,D,0
26.6391,79.47944,300.33,0.36,0.57,2023-12-11,2105,N,VIIRS,n,2,283.92,0.6,N,2
24.12826,93.73238,332.93,0.6,0.53,2023-04-08,730,N,VIIRS,n,2,303.3,4.2,D,0
22.04874,83.31307,337.51,0.39,0.59,2023-03-30,659,N,VIIRS,n,2,299.09,1.89,D,0
23.31232,80.01488,342.23,0.39,0.36,2023-04-23,749,N,VIIRS,l,2,316.16,7.71,D,0
15.14873,78.76781,341.92,0.39,0.36,2023-03-06,2019,N,VIIRS,n,2,293.24,2.08,N,0
14.62937,78.9309,307.17,0.79,0.78,2023-04-10,1923,N,VIIRS,n,2,293.99,1.58,N,0
15.8468,73.78057,340.9,0.52,0.67,2023-01-23,734,N,VIIRS,n,2,298.68,7.04,D,0
29.67297,75.69887,334.48,0.4,0.37,2023-10-15,808,N,VIIRS,n,2,295.73,3.11,D,0
22.213,84.86507,301.71,0.76,0.77,2023-04-26,2101,N,VIIRS,n,2,286.56,3.11,N,2
24.31433,77.48965,336.68,0.38,0.36,2023-11-11,801,N,VIIRS,l,2,308.73,2.25,D,0
24.13536,86.35484,310.7,0.4,0.37,2023-12-31,1950,N,VIIRS,n,2,282.87,0.77,N,0
31.77109,75.34299,341.88,0.44,0.39,2023-05-13,817,N,VIIRS,l,2,314.61,6.05,D,0
26.34433,93.25307,337.1,0.39,0.44,2023-04-14,718,N,VIIRS,n,2,298.57,6.26,D,0
23.11531,80.09164,332.89,0.57,0.43,2023-11-18,729,N,VIIRS,n,2,301.66,4.31,D,0
18.45338,77.78659,335.43,0.42,0.38,2023-11-05,812,N,VIIRS,n,2,299.83,7.41,D,0
30.90977,76.3916,350.04,0.47,0.4,2023-05-20,745,N,VIIRS,l,2,318.13,7.95,D,0
13.53299,76.78072,344.74,0.46,0.47,2023-03-06,746,N,VIIRS,n,2,307.52,6.97,D,0
20.14218,84.32278,336.43,0.54,0.51,2023-03-05,807,N,VIIRS,n,2,303.46,1.89,D,0
30.19797,75.27817,347.64,0.5,0.66,2023-11-03,712,N,VIIRS,n,2,293.71,5.01,D,0
22.62543,75.15334,298.99,0.59,0.53,2023-04-04,2114,N,VIIRS,n,2,288.81,0.64,N,0
30.5772,75.71557,341.0,0.4,0.37,2023-05-08,810,N,VIIRS,l,2,314.86,5.52,D,0
30.42913,74.00366,354.57,0.42,0.45,2023-11-20,834,N,VIIRS,n,2,298.03,10.94,D,0
15.00356,75.19982,336.5,0.4,0.44,2023-04-15,838,N,VIIRS,l,2,309.4,7.56,D,0
29.81335,75.51065,341.16,0.51,0.49,2023-11-04,834,N,VIIRS,n,2,298.17,12.77,D,0
21.16876,83.20351,305.33,0.43,0.38,2023-03-06,2017,N,VIIRS,n,2,294.63,2.08,N,0
25.84422,81.97849,333.32,0.39,0.36,2023-02-13,743,N,VIIRS,n,2,303.18,3.29,D,0
20.98987,85.23847,347.66,0.51,0.49,2023-01-11,800,N,VIIRS,n,2,304.49,6.86,D,0
18.49188,80.08268,346.17,0.59,0.53,2023-06-06,722,N,VIIRS,n,2,305.15,13.3,D,0
25.24203,83.73657,345.27,0.63,0.54,2023-04-15,700,N,VIIRS,n,2,310.86,21.99,D,0
14.12576,79.00545,343.06,0.43,0.38,2023-02-22,811,N,VIIRS,n,2,312.39,6.1,D,0
17.64562,78.05984,347.01,0.49,0.41,2023-06-19,818,N,VIIRS,n,2,298.37,7.42,D,0
26.32593,93.30921,333.46,0.39,0.36,2023-04-10,653,N,VIIRS,n,2,305.66,11.19,D,0
23.50893,91.91574,339.06,0.55,0.43,2023-04-19,724,N,VIIRS,n,2,301.87,6.57,D,0
25.26482,81.45885,339.0,0.38,0.36,2023-02-13,743,N,VIIRS,n,2,302.95,5.62,D,0
16.08636,78.92007,347.22,0.4,0.37,2023-03-05,806,N,VIIRS,n,2,311.66,3.29,D,0
30.70008,75.45961,351.43,0.41,0.45,2023-11-07,737,N,VIIRS,n,2,293.09,10.02,D,0
21.01155,73.71271,340.15,0.47,0.4,2023-04-26,833,N,VIIRS,l,2,310.7,5.44,D,0
24.3412,92.81898,331.48,0.38,0.36,2023-03-14,659,N,VIIRS,l,2,301.76,2.78,D,0
31.07054,74.77972,339.76,0.41,0.37,2023-05-14,758,N,VIIRS,l,2,310.22,5.32,D,0
27.4704,95.4206,313.45,0.5,0.41,2023-10-09,1905,N,VIIRS,n,2,290.38,1.63,N,2
28.98524,79.98956,328.44,0.44,0.62,2023-10-24,659,N,VIIRS,n,2,299.65,2.55,D,0
22.0509,88.10145,310.95,0.5,0.49,2023-10-16,2016,N,VIIRS,n,2,295.27,1.81,N,2
17.82401,76.39808,337.07,0.41,0.61,2023-03-23,729,N,VIIRS,l,2,308.4,2.52,D,0
20.68759,81.00526,340.33,0.54,0.51,2023-02-27,819,N,VIIRS,n,2,306.33,3.39,D,0
20.90553,81.22745,334.23,0.57,0.52,2023-02-11,819,N,VIIRS,n,2,307.47,2.02,D,0
24.97518,92.90347,344.87,0.4,0.37,2023-04-10,653,N,VIIRS,n,2,301.27,13.88,D,0
24.1649,80.69378,302.6,0.59,0.7,2023-05-06,2113,N,VIIRS,n,2,288.7,1.19,N,0
13.26107,78.61245,301.17,0.57,0.52,2023-02-27,2051,N,VIIRS,n,2,287.23,0.77,N,0
9.59151,77.84117,349.13,0.41,0.37,2023-02-11,816,N,VIIRS,n,2,316.54,6.35,D,0
27.41179,94.69114,334.18,0.42,0.38,2023-12-27,658,N,VIIRS,n,2,301.59,5.25,D,0
21.24211,77.11091,340.83,0.5,0.41,2023-02-02,748,N,VIIRS,n,2,304.77,3.95,D,0
29.64741,77.48457,344.41,0.53,0.42,2023-12-23,814,N,VIIRS,n,2,295.39,11.92,D,0
29.68589,75.52686,343.96,0.41,0.45,2023-10-30,827,N,VIIRS,n,2,300.28,7.72,D,0
22.04732,77.23199,351.2,0.61,0.53,2023-06-11,730,N,VIIRS,n,2,304.92,6.6,D,0
18.25812,78.23263,331.75,0.61,0.54,2023-04-08,729,N,VIIRS,l,2,304.12,2.45,D,0
30.47816,74.81544,342.79,0.42,0.37,2023-05-13,816,N,VIIRS,l,2,313.62,6.05,D,0
25.76763,76.62857,333.36,0.44,0.39,2023-11-05,814,N,VIIRS,l,2,304.16,3.6,D,0
18.74562,79.12355,314.65,0.39,0.6,2023-02-21,2102,N,VIIRS,n,2,295.19,1.81,N,0
15.45623,78.68587,353.55,0.39,0.36,2023-02-17,805,N,VIIRS,n,2,310.27,9.58,D,0
31.01881,76.30505,335.6,0.39,0.36,2023-10-26,803,N,VIIRS,n,2,304.56,5.27,D,0
15.17356,76.6563,310.54,0.32,0.55,2023-04-10,2104,N,VIIRS,n,2,297.1,0.91,N,2
25.85477,90.91662,337.97,0.55,0.51,2023-03-10,634,N,VIIRS,n,2,298.1,11.28,D,0
31.45713,76.08681,343.39,0.41,0.37,2023-05-24,810,N,VIIRS,n,2,307.44,6.0,D,0
19.36482,82.79601,331.88,0.34,0.56,2023-03-31,820,N,VIIRS,n,2,298.69,3.2,D,0
23.75717,86.4053,340.41,0.51,0.41,2023-12-30,741,N,VIIRS,n,2,301.98,5.99,D,2
23.75939,86.40298,308.51,0.44,0.63,2023-03-10,2042,N,VIIRS,n,2,284.19,1.53,N,2
22.50561,77.53197,343.96,0.38,0.36,2023-04-01,802,N,VIIRS,n,2,313.74,5.86,D,0
18.41041,80.56941,341.86,0.55,0.68,2023-02-15,704,N,VIIRS,n,2,304.04,8.63,D,0
23.24907,85.39833,336.02,0.45,0.39,2023-03-01,742,N,VIIRS,n,2,306.9,2.11,D,0
16.85352,78.73762,339.48,0.47,0.48,2023-01-07,734,N,VIIRS,n,2,300.83,2.93,D,0
27.63965,77.4594,331.67,0.43,0.62,2023-04-25,713,N,VIIRS,l,2,303.41,1.6,D,0
30.34043,75.6742,367.0,0.41,0.6,2023-11-14,846,N,VIIRS,h,2,301.9,7.72,D,0
24.85943,85.97565,297.23,0.43,0.38,2023-02-13,2010,N,VIIRS,n,2,284.5,0.73,N,0
29.18023,74.02833,346.73,0.49,0.65,2023-02-09,900,N,VIIRS,n,2,291.53,6.32,D,0
19.82636,80.80942,330.4,0.5,0.49,2023-04-19,723,N,VIIRS,l,2,303.76,4.01,D,0
14.13695,78.23726,336.33,0.56,0.43,2023-03-04,824,N,VIIRS,l,2,308.73,5.79,D,0
20.83385,70.68842,302.27,0.61,0.71,2023-02-24,2005,N,VIIRS,n,2,290.75,2.34,N,2
24.51063,74.69051,354.0,0.38,0.59,2023-04-24,731,N,VIIRS,n,2,313.56,4.87,D,0
22.32799,79.82287,350.39,0.61,0.53,2023-10-30,825,N,VIIRS,n,2,303.22,8.71,D,0
21.07704,85.03715,305.6,0.59,0.53,2023-01-25,1927,N,VIIRS,n,2,292.32,2.1,N,2
15.19435,75.08578,335.32,0.71,0.75,2023-02-14,722,N,VIIRS,l,2,306.75,6.73,D,0
19.01942,72.88982,304.77,0.33,0.55,2023-03-01,2012,N,VIIRS,n,2,294.07,0.68,N,2
21.67723,80.90195,335.37,0.46,0.39,2023-03-12,736,N,VIIRS,l,2,308.66,4.18,D,0
21.18788,73.61297,331.77,0.33,0.55,2023-04-02,743,N,VIIRS,l,2,306.52,2.61,D,0
18.7923,83.28674,305.64,0.45,0.39,2023-02-14,1953,N,VIIRS,n,2,292.31,1.47,N,0
17.5071,82.13915,355.06,0.36,0.57,2023-03-08,710,N,VIIRS,n,2,302.0,4.97,D,0
30.77801,74.53848,337.99,0.39,0.36,2023-05-03,804,N,VIIRS,n,2,303.21,2.93,D,0
23.69072,87.1244,296.59,0.41,0.45,2023-01-01,2016,N,VIIRS,n,2,286.03,1.25,N,2
19.1309,79.62933,347.79,0.42,0.45,2023-06-03,819,N,VIIRS,n,2,314.89,9.94,D,0
21.29691,81.60727,308.72,0.39,0.36,2023-10-11,2010,N,VIIRS,n,2,294.89,1.16,N,2
30.79887,76.34195,337.85,0.48,0.4,2023-11-05,815,N,VIIRS,n,2,303.04,5.66,D,0
22.79081,86.19939,345.31,0.39,0.44,2023-02-02,748,N,VIIRS,n,2,307.84,6.74,D,2
18.4402,81.11732,336.9,0.39,0.36,2023-03-11,754,N,VIIRS,n,2,307.72,1.76,D,0
22.82265,92.65559,340.8,0.39,0.36,2023-03-14,658,N,VIIRS,n,2,306.73,68.89,D,0
22.0007,75.85741,336.63,0.47,0.39,2023-11-06,754,N,VIIRS,n,2,309.65,2.48,D,0
30.47195,75.07541,332.65,0.44,0.46,2023-11-23,737,N,VIIRS,n,2,299.39,2.77,D,0
24.24066,83.7233,353.51,0.44,0.63,2023-05-18,821,N,VIIRS,n,2,300.92,17.14,D,0
19.21165,78.73033,341.72,0.6,0.71,2023-03-08,851,N,VIIRS,n,2,301.75,6.89,D,0
14.85928,78.19642,353.49,0.44,0.46,2023-02-13,740,N,VIIRS,n,2,315.05,6.26,D,0
30.03341,80.35474,331.84,0.4,0.37,2023-01-17,750,N,VIIRS,n,2,305.47,5.84,D,0
19.19951,80.45963,339.18,0.48,0.48,2023-04-16,820,N,VIIRS,n,2,307.34,9.61,D,0
15.93853,77.91288,336.74,0.57,0.52,2023-06-16,734,N,VIIRS,n,2,305.94,4.23,D,0
21.08175,85.03532,307.6,0.47,0.48,2023-07-09,1933,N,VIIRS,n,2,289.95,2.06,N,2
25.51298,84.08146,333.38,0.48,0.48,2023-12-16,704,N,VIIRS,n,2,299.13,3.31,D,0
24.96544,85.16647,334.53,0.38,0.36,2023-04-24,731,N,VIIRS,l,2,307.65,6.8,D,0
22.59153,85.90613,311.23,0.4,0.37,2023-05-21,1952,N,VIIRS,n,2,296.8,0.93,N,2
31.89679,75.29597,342.08,0.4,0.37,2023-05-14,758,N,VIIRS,l,2,316.37,5.26,D,0
15.16927,76.37723,303.14,0.58,0.69,2023-01-03,1941,N,VIIRS,n,2,292.01,1.15,N,2
16.16185,80.76038,345.09,0.59,0.53,2023-06-06,722,N,VIIRS,n,2,303.0,12.1,D,0
30.01934,76.08074,330.63,0.46,0.39,2023-11-05,815,N,VIIRS,l,2,303.71,3.3,D,0
30.08479,75.84241,351.92,0.51,0.66,2023-11-03,853,N,VIIRS,n,2,293.99,6.98,D,0
20.23258,82.57449,336.98,0.43,0.62,2023-03-04,826,N,VIIRS,n,2,307.39,7.03,D,0
22.7892,86.20651,302.47,0.71,0.75,2023-03-20,2054,N,VIIRS,n,2,286.89,1.66,N,2
29.63604,80.15238,357.43,0.5,0.41,2023-06-04,803,N,VIIRS,n,2,310.69,14.24,D,0
23.72504,87.4192,338.29,0.39,0.36,2023-12-31,722,N,VIIRS,n,2,300.87,2.81,D,0
21.93392,83.03522,334.55,0.41,0.37,2023-02-02,748,N,VIIRS,l,2,309.2,3.94,D,0
22.62913,75.49082,342.34,0.32,0.55,2023-04-20,846,N,VIIRS,n,2,306.24,3.74,D,0
23.77251,86.38815,301.31,0.42,0.45,2023-11-14,1931,N,VIIRS,n,2,287.95,0.65,N,2
23.32508,93.16586,367.0,0.38,0.36,2023-03-14,658,N,VIIRS,l,2,379.62,1.18,D,0
23.38436,84.22503,338.94,0.43,0.38,2023-04-19,724,N,VIIRS,n,2,307.16,2.45,D,0
20.96486,85.12975,331.67,0.5,0.66,2023-05-07,646,N,VIIRS,l,2,305.22,5.74,D,0
22.23059,71.49929,341.93,0.43,0.62,2023-04-18,743,N,VIIRS,n,2,307.6,8.18,D,0
15.00694,78.78105,367.0,0.5,0.41,2023-03-06,747,N,VIIRS,h,2,309.46,9.99,D,0
21.61222,80.77119,343.87,0.54,0.51,2023-02-11,820,N,VIIRS,n,2,310.63,10.29,D,0
23.69082,86.38577,306.87,0.43,0.46,2023-03-03,1932,N,VIIRS,n,2,294.18,2.05,N,2
21.10599,72.64692,319.59,0.45,0.47,2023-04-28,2024,N,VIIRS,n,2,293.38,6.5,N,2
22.42992,79.63379,322.31,0.54,0.51,2023-04-19,1952,N,VIIRS,n,2,290.59,2.7,N,0
26.78276,93.91846,338.8,0.4,0.37,2023-01-31,646,N,VIIRS,n,2,301.29,4.03,D,0
10.25101,77.31499,316.14,0.39,0.36,2023-02-18,2020,N,VIIRS,n,2,289.92,2.26,N,0
21.2851,73.56047,339.97,0.41,0.37,2023-05-23,826,N,VIIRS,l,2,313.4,7.62,D,0
22.84498,78.25053,307.48,0.53,0.67,2023-04-09,1940,N,VIIRS,n,2,280.15,2.44,N,0
25.71381,76.67833,343.13,0.65,0.73,2023-10-29,705,N,VIIRS,n,2,299.14,5.71,D,0
21.8858,82.73643,347.89,0.45,0.47,2023-06-09,807,N,VIIRS,n,2,313.56,22.15,D,0
23.73722,85.0133,320.68,0.41,0.45,2023-04-09,1939,N,VIIRS,n,2,295.48,2.79,N,2
22.41381,82.71391,332.22,0.37,0.58,2023-02-11,820,N,VIIRS,l,2,305.55,2.78,D,0
17.39001,80.39333,304.36,0.4,0.44,2023-03-05,2037,N,VIIRS,n,2,294.08,1.21,N,0
30.0219,74.50627,338.34,0.55,0.43,2023-11-15,828,N,VIIRS,n,2,300.46,5.64,D,0
30.19109,74.46725,334.87,0.37,0.58,2023-05-05,726,N,VIIRS,n,2,301.79,3.74,D,0
22.32199,84.00874,335.2,0.35,0.57,2023-03-10,814,N,VIIRS,n,2,303.89,1.88,D,0
25.62298,79.17407,344.62,0.39,0.44,2023-04-11,815,N,VIIRS,l,2,316.86,7.21,D,0
30.45697,75.76342,335.7,0.49,0.49,2023-11-18,731,N,VIIRS,n,2,304.38,5.7,D,0
24.72128,74.3905,333.58,0.47,0.48,2023-01-09,839,N,VIIRS,n,2,297.71,2.37,D,0
30.48982,75.7037,328.18,0.57,0.69,2023-11-14,706,N,VIIRS,n,2,296.76,2.34,D,0
25.14365,87.68512,333.16,0.41,0.37,2023-03-24,712,N,VIIRS,l,2,307.66,2.28,D,0
20.97376,85.03337,298.12,0.41,0.37,2023-02-14,1952,N,VIIRS,n,2,288.03,1.02,N,0
26.09989,82.38271,345.12,0.49,0.65,2023-01-31,827,N,VIIRS,n,2,293.82,7.05,D,0
26.91944,83.603,299.23,0.42,0.61,2023-11-25,1924,N,VIIRS,n,2,286.76,0.29,N,0
24.06542,93.47853,342.77,0.42,0.45,2023-04-11,634,N,VIIRS,n,2,303.97,7.66,D,0
22.31559,84.09412,336.6,0.45,0.47,2023-04-17,802,N,VIIRS,l,2,309.61,4.03,D,0
19.11699,80.40971,330.68,0.34,0.56,2023-04-14,717,N,VIIRS,l,2,301.1,2.0,D,0
23.92563,85.34283,300.1,0.4,0.44,2023-11-22,2022,N,VIIRS,n,2,285.5,0.77,N,0
26.06796,78.76326,337.41,0.46,0.47,2023-11-10,820,N,VIIRS,n,2,299.99,4.43,D,0
20.06374,84.05342,333.79,0.39,0.44,2023-04-14,717,N,VIIRS,l,2,305.26,2.19,D,0
26.69244,88.46159,332.08,0.39,0.44,2023-05-12,653,N,VIIRS,l,2,305.33,1.46,D,0
25.07757,76.15388,345.0,0.49,0.4,2023-10-16,748,N,VIIRS,n,2,301.71,8.94,D,0
23.78094,86.20803,336.48,0.38,0.43,2023-09-11,704,N,VIIRS,n,2,297.44,5.32,D,2
14.26454,76.36086,334.46,0.48,0.65,2023-02-03,728,N,VIIRS,n,2,296.04,5.73,D,0
12.1053,76.49231,338.94,0.4,0.44,2023-03-11,752,N,VIIRS,n,2,307.88,2.8,D,0
18.25049,82.39815,330.94,0.62,0.54,2023-03-15,819,N,VIIRS,n,2,269.56,18.3,D,0
9.59603,78.40069,331.31,0.44,0.62,2023-05-11,848,N,VIIRS,n,2,290.34,3.4,D,0
21.93035,70.34288,335.81,0.48,0.65,2023-03-28,917,N,VIIRS,l,2,308.67,4.17,D,0
24.87158,94.15309,327.91,0.38,0.36,2023-03-09,652,N,VIIRS,n,2,300.63,2.04,D,0
15.06741,74.63797,304.14,0.4,0.37,2023-04-01,2032,N,VIIRS,n,2,292.68,0.5,N,0
24.28181,88.65412,333.96,0.5,0.66,2023-04-06,628,N,VIIRS,l,2,307.45,3.59,D,0
17.89561,80.79816,310.11,0.41,0.45,2023-03-05,2037,N,VIIRS,n,2,294.07,1.69,N,0
15.02373,78.01348,311.96,0.38,0.36,2023-02-23,2025,N,VIIRS,n,2,297.9,1.12,N,2
30.47442,75.37982,367.0,0.32,0.55,2023-05-05,726,N,VIIRS,h,2,306.14,5.33,D,0
30.94658,75.35769,337.68,0.5,0.49,2023-05-12,835,N,VIIRS,l,2,310.24,5.27,D,0
25.62033,83.9315,342.33,0.61,0.53,2023-05-01,700,N,VIIRS,n,2,297.73,6.64,D,0
16.07673,76.92621,334.37,0.54,0.68,2023-05-16,856,N,VIIRS,l,2,307.39,2.52,D,0
26.14866,83.99025,367.0,0.48,0.4,2023-05-16,718,N,VIIRS,h,2,316.51,51.94,D,0
21.13554,83.58314,342.42,0.39,0.36,2023-01-12,742,N,VIIRS,n,2,304.86,4.75,D,0
23.51053,87.27856,296.64,0.33,0.55,2023-01-11,2029,N,VIIRS,n,2,284.29,0.8,N,2
22.84632,92.67068,355.57,0.63,0.54,2023-03-12,736,N,VIIRS,n,2,308.16,27.86,D,0
24.46881,81.53938,352.89,0.41,0.37,2023-10-06,735,N,VIIRS,n,2,308.06,5.06,D,0
15.27177,76.50599,343.78,0.39,0.59,2023-02-20,849,N,VIIRS,n,2,307.67,3.38,D,0
23.68373,86.39643,301.61,0.51,0.41,2023-02-04,1939,N,VIIRS,n,2,287.76,2.23,N,2
14.0699,75.82372,336.54,0.39,0.36,2023-03-31,818,N,VIIRS,l,2,307.42,2.01,D,0
29.85274,75.926,337.99,0.47,0.64,2023-11-03,712,N,VIIRS,n,2,293.03,4.34,D,0
25.80882,92.63737,338.93,0.45,0.39,2023-04-09,712,N,VIIRS,n,2,305.51,18.21,D,0
21.26833,81.91129,340.49,0.5,0.49,2023-02-06,813,N,VIIRS,n,2,307.86,3.39,D,0
18.80386,79.4043,330.5,0.51,0.49,2023-06-11,729,N,VIIRS,n,2,298.66,3.12,D,0
19.44758,80.75578,338.66,0.42,0.38,2023-04-17,801,N,VIIRS,l,2,311.49,6.21,D,0
24.99646,93.95107,354.44,0.5,0.66,2023-02-13,742,N,VIIRS,n,2,300.41,18.39,D,0
30.48516,75.66254,334.88,0.44,0.38,2023-11-17,750,N,VIIRS,n,2,304.52,5.3,D,0
13.97184,76.28079,303.76,0.39,0.36,2023-01-27,2032,N,VIIRS,n,2,291.18,0.96,N,0
21.97961,86.90455,334.58,0.47,0.4,2023-03-08,711,N,VIIRS,n,2,303.53,1.16,D,0
14.97583,74.54467,332.89,0.4,0.37,2023-05-07,825,N,VIIRS,n,2,298.77,1.89,D,0
21.26586,77.2476,336.39,0.49,0.4,2023-02-02,748,N,VIIRS,l,2,308.35,2.83,D,0
26.19755,93.26769,344.09,0.39,0.44,2023-04-11,634,N,VIIRS,n,2,300.65,6.52,D,0
30.59608,76.11824,342.6,0.47,0.48,2023-05-10,732,N,VIIRS,l,2,315.68,30.91,D,0
21.82841,81.94105,332.5,0.51,0.49,2023-05-29,813,N,VIIRS,l,2,303.47,4.48,D,0
21.84632,76.46126,352.9,0.4,0.37,2023-02-12,801,N,VIIRS,n,2,311.7,3.14,D,0
30.75211,74.7321,346.66,0.45,0.47,2023-11-07,738,N,VIIRS,n,2,300.87,12.51,D,0
23.20974,77.54604,341.94,0.54,0.67,2023-04-25,712,N,VIIRS,n,2,307.44,7.3,D,0
24.69363,93.55783,339.53,0.39,0.36,2023-02-21,652,N,VIIRS,n,2,299.33,18.16,D,0
29.61486,77.92001,330.96,0.54,0.68,2023-03-03,847,N,VIIRS,n,2,292.55,6.4,D,0
17.56974,82.71485,335.47,0.33,0.55,2023-09-16,709,N,VIIRS,n,2,287.42,2.61,D,0
14.40494,79.10019,333.24,0.44,0.38,2023-02-22,811,N,VIIRS,n,2,307.35,1.68,D,0
20.10682,84.46826,306.58,0.42,0.38,2023-03-01,2011,N,VIIRS,n,2,294.19,1.53,N,0
25.75864,91.2584,336.19,0.4,0.37,2023-04-09,712,N,VIIRS,n,2,296.9,2.24,D,0
24.60861,86.33169,340.65,0.41,0.37,2023-04-14,718,N,VIIRS,l,2,312.91,3.92,D,0
30.2537,75.69481,332.58,0.59,0.7,2023-05-06,707,N,VIIRS,n,2,298.62,4.13,D,0
17.99348,81.15527,334.96,0.42,0.38,2023-04-17,801,N,VIIRS,l,2,306.87,3.22,D,0
23.30142,78.25159,346.45,0.49,0.65,2023-04-20,846,N,VIIRS,n,2,301.6,5.73,D,0
20.29386,83.92375,346.55,0.39,0.36,2023-04-18,742,N,VIIRS,n,2,308.91,5.6,D,0
25.92683,91.67603,351.6,0.39,0.36,2023-04-04,706,N,VIIRS,n,2,298.66,12.98,D,0
15.90962,75.36158,310.47,0.41,0.45,2023-01-31,2057,N,VIIRS,n,2,278.06,1.64,N,0
31.13481,75.20063,341.84,0.42,0.45,2023-11-07,738,N,VIIRS,n,2,300.44,12.46,D,0
16.13288,78.94366,351.79,0.73,0.76,2023-02-25,856,N,VIIRS,n,2,303.89,8.46,D,0
13.75735,77.22282,340.49,0.42,0.38,2023-02-11,818,N,VIIRS,l,2,313.14,2.48,D,0
25.71823,94.71206,347.29,0.46,0.63,2023-04-13,737,N,VIIRS,n,2,302.52,7.42,D,0
25.0567,83.99067,305.6,0.48,0.4,2023-04-12,2023,N,VIIRS,n,2,293.2,0.87,N,0
20.22282,85.83119,334.8,0.47,0.47,2023-11-30,703,N,VIIRS,n,2,296.13,4.25,D,0
25.88521,92.35255,367.0,0.52,0.5,2023-04-08,731,N,VIIRS,h,2,301.21,56.81,D,0
19.43802,79.43243,333.76,0.43,0.38,2023-03-05,807,N,VIIRS,l,2,306.43,0.94,D,0
13.51434,75.52094,338.11,0.39,0.44,2023-02-26,836,N,VIIRS,n,2,308.9,2.82,D,0
22.46196,76.5817,354.97,0.48,0.65,2023-02-20,852,N,VIIRS,n,2,308.85,21.56,D,0
13.91392,78.82669,336.98,0.42,0.45,2023-02-13,740,N,VIIRS,l,2,310.96,4.28,D,0
25.661,94.61114,367.0,0.32,0.55,2023-04-12,615,N,VIIRS,h,2,307.87,20.01,D,0
19.79999,84.00013,367.0,0.4,0.44,2023-05-16,716,N,VIIRS,h,2,308.49,7.21,D,0
30.06774,76.97104,326.34,0.4,0.37,2023-12-19,749,N,VIIRS,n,2,291.98,1.85,D,0
21.63572,82.70562,335.8,0.36,0.58,2023-12-28,818,N,VIIRS,n,2,299.48,3.77,D,0
20.39101,78.26007,305.06,0.49,0.4,2023-04-02,2012,N,VIIRS,n,2,292.69,0.95,N,0
24.72198,81.94799,330.41,0.46,0.39,2023-11-22,754,N,VIIRS,n,2,299.59,1.88,D,0
27.11012,82.8921,308.49,0.45,0.63,2023-04-10,2100,N,VIIRS,n,2,290.46,1.34,N,0
25.98594,93.63558,338.73,0.62,0.54,2023-03-07,730,N,VIIRS,n,2,300.79,7.79,D,0
18.59805,73.30761,340.2,0.39,0.36,2023-02-27,819,N,VIIRS,n,2,312.79,3.99,D,0
22.79134,86.19747,310.93,0.33,0.55,2023-10-19,1919,N,VIIRS,n,2,293.82,2.09,N,2
23.75317,86.41835,312.51,0.53,0.5,2023-05-01,1926,N,VIIRS,n,2,289.12,1.66,N,2
13.15223,75.23246,345.67,0.44,0.39,2023-02-22,2045,N,VIIRS,n,2,293.39,8.63,N,0
24.65776,87.41574,337.73,0.42,0.38,2023-03-07,730,N,VIIRS,n,2,309.31,2.98,D,0
15.23322,76.04756,330.37,0.77,0.78,2023-04-14,716,N,VIIRS,l,2,300.46,6.12,D,0
29.47455,74.08626,339.62,0.4,0.37,2023-11-21,815,N,VIIRS,n,2,299.66,5.96,D,0
18.38799,82.2181,306.32,0.34,0.56,2023-03-03,1934,N,VIIRS,n,2,292.67,1.18,N,0
17.66873,80.60867,335.07,0.56,0.51,2023-04-19,723,N,VIIRS,n,2,304.94,5.53,D,0
22.09572,79.91794,297.79,0.51,0.41,2023-03-12,2005,N,VIIRS,n,2,283.49,1.48,N,0
23.90203,94.05242,318.94,0.66,0.73,2023-04-12,2023,N,VIIRS,n,2,294.87,2.27,N,0
22.23204,83.16719,343.97,0.39,0.36,2023-04-13,737,N,VIIRS,n,2,310.01,2.81,D,0
20.78955,82.2319,335.84,0.51,0.41,2023-12-13,759,N,VIIRS,n,2,299.18,5.13,D,0
12.93171,80.25218,320.0,0.56,0.43,2023-04-17,2033,N,VIIRS,n,2,296.9,1.83,N,0
30.21281,74.44674,332.61,0.45,0.63,2023-11-08,719,N,VIIRS,n,2,292.05,3.88,D,0
20.8059,85.25768,327.06,0.4,0.37,2023-11-23,2004,N,VIIRS,n,2,295.86,2.12,N,2
32.46655,76.51577,300.56,0.39,0.36,2023-12-28,2044,N,VIIRS,n,2,275.22,0.98,N,0
26.20441,83.53986,330.35,0.43,0.38,2023-11-29,723,N,VIIRS,n,2,298.72,3.34,D,0
19.33581,73.02856,337.16,0.39,0.36,2023-03-31,820,N,VIIRS,n,2,307.04,2.64,D,0
26.43075,94.33323,333.08,0.38,0.36,2023-04-10,653,N,VIIRS,n,2,303.61,9.69,D,0
23.60982,83.42146,344.67,0.38,0.36,2023-04-13,737,N,VIIRS,n,2,308.38,1.86,D,0
26.29994,93.29706,353.1,0.6,0.53,2023-04-08,731,N,VIIRS,n,2,300.66,13.48,D,0
21.73832,77.97977,299.86,0.53,0.5,2023-04-24,1959,N,VIIRS,n,2,287.37,0.6,N,0
26.29791,93.27444,340.98,0.6,0.53,2023-04-08,731,N,VIIRS,n,2,299.26,11.64,D,0
13.23698,78.39068,336.51,0.55,0.43,2023-03-06,746,N,VIIRS,n,2,310.31,4.23,D,0
13.11938,76.2478,315.8,0.41,0.61,2023-02-26,2110,N,VIIRS,n,2,286.91,1.92,N,0
22.05785,88.1255,338.3,0.39,0.36,2023-04-14,717,N,VIIRS,l,2,310.19,3.32,D,2
21.81924,83.99304,299.33,0.45,0.39,2023-12-15,1951,N,VIIRS,n,2,287.32,0.68,N,2
25.84934,76.67056,331.42,0.53,0.5,2023-10-19,832,N,VIIRS,n,2,299.46,5.51,D,0
22.74839,83.29523,307.82,0.38,0.59,2023-05-18,2048,N,VIIRS,n,2,295.08,1.89,N,0
19.17799,80.06141,307.37,0.44,0.62,2023-02-21,2102,N,VIIRS,n,2,295.65,1.45,N,0
18.4829,79.40898,337.35,0.5,0.41,2023-12-14,740,N,VIIRS,n,2,301.13,4.29,D,0
21.56541,82.29683,348.49,0.38,0.36,2023-04-18,743,N,VIIRS,l,2,320.75,9.26,D,0
19.19276,83.54802,304.88,0.38,0.36,2023-03-12,2005,N,VIIRS,n,2,291.86,0.81,N,0
21.87733,83.49593,306.78,0.48,0.4,2023-02-14,1952,N,VIIRS,n,2,288.22,1.29,N,2
30.75434,74.44726,367.0,0.43,0.62,2023-11-03,853,N,VIIRS,h,2,292.34,8.23,D,0
24.12082,86.89896,349.95,0.53,0.42,2023-04-20,705,N,VIIRS,n,2,319.03,10.16,D,0
23.18397,75.71501,302.99,0.62,0.54,2023-04-20,2114,N,VIIRS,n,2,285.66,1.28,N,0
23.77942,86.21006,331.7,0.58,0.7,2023-02-06,633,N,VIIRS,l,2,306.49,4.78,D,2
22.2106,70.14526,339.84,0.44,0.38,2023-05-18,820,N,VIIRS,l,2,314.4,1.57,D,0
21.42651,82.12737,349.6,0.33,0.55,2023-02-27,820,N,VIIRS,n,2,306.61,5.75,D,0
19.51853,80.09943,350.17,0.56,0.43,2023-04-11,814,N,VIIRS,n,2,313.33,9.53,D,0
25.66929,82.07788,330.67,0.39,0.36,2023-02-08,737,N,VIIRS,n,2,298.1,2.27,D,0
21.37197,81.68552,306.29,0.39,0.36,2023-07-12,2017,N,VIIRS,n,2,291.82,1.76,N,2
23.27776,71.86353,306.05,0.43,0.62,2023-05-04,2011,N,VIIRS,n,2,291.11,0.79,N,0
25.68234,88.13122,332.3,0.33,0.55,2023-06-03,640,N,VIIRS,l,2,305.64,1.96,D,0
31.6608,74.53831,337.68,0.54,0.68,2023-05-16,901,N,VIIRS,n,2,298.11,3.31,D,0
25.94832,84.01105,331.71,0.49,0.41,2023-12-03,748,N,VIIRS,n,2,299.66,2.93,D,0
27.35036,82.8828,304.78,0.39,0.36,2023-04-18,2010,N,VIIRS,n,2,294.11,0.78,N,0
24.27045,94.25895,347.48,0.41,0.61,2023-04-13,737,N,VIIRS,n,2,306.37,4.56,D,0
30.72713,74.59544,330.1,0.57,0.43,2023-11-12,744,N,VIIRS,n,2,299.34,2.18,D,0
13.01857,77.73859,303.42,0.39,0.36,2023-06-10,2019,N,VIIRS,n,2,284.69,0.43,N,0
30.709,75.20243,333.44,0.39,0.37,2023-11-16,809,N,VIIRS,n,2,301.45,3.98,D,0
22.50917,79.99901,367.0,0.42,0.38,2023-04-17,802,N,VIIRS,h,2,320.26,20.72,D,0
20.56627,81.70844,344.87,0.34,0.56,2023-03-08,710,N,VIIRS,n,2,301.69,4.6,D,0
23.04897,75.56454,321.4,0.49,0.4,2023-04-12,2024,N,VIIRS,n,2,290.64,2.71,N,0
31.28343,75.83703,339.0,0.44,0.46,2023-05-07,829,N,VIIRS,n,2,305.92,3.82,D,0
16.40949,80.58318,337.53,0.57,0.43,2023-06-16,734,N,VIIRS,n,2,305.03,3.95,D,0
31.27646,75.01521,338.17,0.39,0.36,2023-05-08,810,N,VIIRS,l,2,309.44,1.93,D,0
30.68816,78.09618,348.8,0.6,0.53,2023-12-01,828,N,VIIRS,n,2,300.15,21.6,D,0
22.66263,77.95477,346.55,0.47,0.4,2023-11-05,813,N,VIIRS,n,2,309.49,7.6,D,0
21.86693,84.38709,354.78,0.43,0.46,2023-05-11,711,N,VIIRS,n,2,322.43,8.8,D,0
23.67605,86.08323,309.25,0.44,0.62,2023-03-20,1914,N,VIIRS,n,2,286.75,2.88,N,2
17.00236,79.85181,333.71,0.41,0.61,2023-06-01,716,N,VIIRS,n,2,299.96,3.99,D,0
23.55947,87.24117,336.11,0.52,0.41,2023-06-07,704,N,VIIRS,n,2,296.04,5.76,D,2
23.01411,70.10103,305.03,0.43,0.46,2023-10-31,2035,N,VIIRS,n,2,294.27,0.67,N,2
25.38629,88.23254,347.32,0.56,0.68,2023-04-06,809,N,VIIRS,n,2,307.72,5.63,D,0
22.63401,83.14049,334.46,0.39,0.36,2023-03-12,736,N,VIIRS,l,2,307.1,1.81,D,0
23.41733,92.44302,299.29,0.55,0.51,2023-03-10,1901,N,VIIRS,n,2,287.2,1.33,N,0
21.2446,83.77988,353.1,0.41,0.61,2023-06-03,819,N,VIIRS,n,2,304.73,4.41,D,0
19.28303,80.49999,342.92,0.44,0.38,2023-04-18,742,N,VIIRS,l,2,308.7,4.6,D,0
23.71536,86.44299,311.43,0.41,0.37,2023-12-25,2002,N,VIIRS,n,2,290.19,1.13,N,2
25.22045,92.85501,331.02,0.54,0.42,2023-03-29,718,N,VIIRS,n,2,291.31,4.19,D,0
30.75738,76.01785,330.7,0.39,0.44,2023-11-07,737,N,VIIRS,n,2,296.87,2.85,D,0
21.30507,73.24014,339.96,0.4,0.37,2023-06-08,826,N,VIIRS,n,2,309.6,3.64,D,0
22.79746,86.19872,302.86,0.47,0.4,2023-12-30,2009,N,VIIRS,n,2,289.37,1.22,N,2
20.18254,83.0946,338.25,0.45,0.39,2023-06-11,729,N,VIIRS,l,2,309.84,13.06,D,0
20.39359,84.02201,344.55,0.39,0.36,2023-04-18,742,N,VIIRS,n,2,308.89,3.0,D,0
22.48394,84.82452,302.88,0.32,0.55,2023-03-14,1927,N,VIIRS,n,2,290.16,0.43,N,0
13.91479,78.34027,339.51,0.47,0.39,2023-02-27,818,N,VIIRS,n,2,309.58,3.59,D,0
14.49305,75.14301,350.6,0.41,0.37,2023-03-04,824,N,VIIRS,n,2,311.35,3.75,D,0
30.41366,74.3702,333.36,0.39,0.36,2023-10-31,809,N,VIIRS,n,2,301.95,8.07,D,0
17.99346,73.30282,305.03,0.44,0.63,2023-01-08,2127,N,VIIRS,n,2,289.16,0.69,N,0
26.80324,90.32159,335.8,0.41,0.37,2023-03-14,659,N,VIIRS,n,2,301.64,2.63,D,0
20.84171,81.87311,338.32,0.5,0.41,2023-12-20,728,N,VIIRS,n,2,301.93,4.57,D,0
25.13633,84.9137,299.19,0.45,0.39,2023-03-06,2016,N,VIIRS,n,2,287.58,0.49,N,0
23.73973,85.01167,332.53,0.57,0.43,2023-04-12,2023,N,VIIRS,n,2,301.63,3.67,N,2
21.93462,84.28686,299.69,0.53,0.42,2023-02-25,1945,N,VIIRS,n,2,285.65,0.43,N,0
30.81432,75.49423,334.36,0.4,0.6,2023-05-06,848,N,VIIRS,n,2,298.34,1.96,D,0
19.7875,79.14898,308.65,0.44,0.38,2023-12-30,2010,N,VIIRS,n,2,294.11,1.72,N,2
23.71198,85.86172,334.78,0.6,0.7,2023-02-27,820,N,VIIRS,n,2,302.04,5.24,D,0
14.18256,78.45735,339.29,0.39,0.37,2023-02-12,759,N,VIIRS,l,2,311.84,13.36,D,0
19.42661,80.26128,340.86,0.38,0.36,2023-04-12,755,N,VIIRS,l,2,311.05,6.42,D,0
24.61843,77.10168,333.92,0.34,0.56,2023-04-19,725,N,VIIRS,l,2,308.16,1.57,D,0
30.4919,75.64306,333.15,0.4,0.37,2023-11-06,756,N,VIIRS,n,2,298.52,7.28,D,0
24.42764,77.19979,304.09,0.52,0.5,2023-03-12,2004,N,VIIRS,n,2,283.09,1.16,N,0
11.93973,79.19881,318.37,0.39,0.36,2023-01-17,2020,N,VIIRS,n,2,290.44,1.35,N,0
13.10113,76.14297,342.76,0.42,0.38,2023-03-05,805,N,VIIRS,n,2,311.08,7.27,D,0
22.14944,73.47475,333.17,0.43,0.38,2023-10-31,807,N,VIIRS,l,2,304.62,3.08,D,0
18.18129,77.8017,332.38,0.51,0.5,2023-12-09,734,N,VIIRS,n,2,303.12,1.23,D,0
21.10167,83.84814,336.79,0.33,0.56,2023-01-05,813,N,VIIRS,n,2,293.43,2.5,D,0
18.52197,75.81596,299.74,0.53,0.5,2023-02-24,2006,N,VIIRS,n,2,286.13,1.09,N,0
22.60233,86.32613,300.53,0.48,0.4,2023-02-13,2010,N,VIIRS,n,2,287.9,0.58,N,0
30.64775,75.46938,356.34,0.4,0.6,2023-11-14,847,N,VIIRS,n,2,299.91,17.53,D,0
22.38483,77.06953,329.06,0.39,0.36,2023-04-01,2030,N,VIIRS,n,2,290.87,2.72,N,0
24.82122,94.56463,367.0,0.44,0.62,2023-04-13,737,N,VIIRS,h,2,309.09,48.13,D,0
30.1705,76.45643,332.56,0.69,0.75,2023-11-08,859,N,VIIRS,n,2,292.6,5.79,D,0
15.90574,74.84147,341.46,0.35,0.57,2023-03-17,741,N,VIIRS,n,2,307.69,3.11,D,0
18.49704,80.02967,342.31,0.57,0.43,2023-06-16,735,N,VIIRS,n,2,308.39,13.61,D,0
20.96406,85.16698,296.36,0.43,0.46,2023-06-15,2023,N,VIIRS,n,2,260.0,0.69,N,2
24.11513,93.86733,296.63,0.38,0.36,2023-03-14,1926,N,VIIRS,n,2,284.53,0.43,N,0
23.7726,86.20209,313.17,0.44,0.46,2023-04-12,2023,N,VIIRS,n,2,297.24,1.36,N,2
29.76131,79.70219,304.05,0.4,0.37,2023-06-15,2021,N,VIIRS,n,2,288.86,0.45,N,0
15.17738,77.10382,299.1,0.44,0.62,2023-01-25,2109,N,VIIRS,n,2,287.85,0.94,N,2
18.45746,75.78172,351.08,0.4,0.37,2023-03-21,807,N,VIIRS,n,2,318.79,9.91,D,0
19.67521,80.74152,333.55,0.49,0.41,2023-04-13,736,N,VIIRS,l,2,308.25,5.57,D,0
11.53849,79.0724,348.15,0.41,0.37,2023-02-22,811,N,VIIRS,n,2,312.44,3.21,D,0
21.84207,85.44776,347.26,0.68,0.74,2023-03-04,826,N,VIIRS,n,2,302.9,6.16,D,0
24.23654,77.27454,341.55,0.4,0.37,2023-03-27,756,N,VIIRS,l,2,314.38,5.41,D,0
14.96061,74.55848,343.03,0.4,0.37,2023-05-07,825,N,VIIRS,n,2,296.04,7.38,D,0
30.6068,75.39468,339.86,0.6,0.7,2023-05-06,708,N,VIIRS,n,2,298.71,1.73,D,0
27.05961,88.50386,332.51,0.75,0.77,2023-04-11,815,N,VIIRS,n,2,291.15,6.78,D,0
22.94234,80.18894,354.65,0.51,0.41,2023-04-06,808,N,VIIRS,n,2,313.7,8.36,D,0
30.0232,74.51097,333.73,0.43,0.38,2023-11-06,756,N,VIIRS,n,2,299.69,2.47,D,0
17.06436,76.978,319.93,0.39,0.36,2023-04-17,2032,N,VIIRS,n,2,299.69,3.02,N,2
23.48305,87.36127,303.99,0.53,0.42,2023-09-25,2009,N,VIIRS,n,2,287.72,1.57,N,2
9.61006,77.84566,367.0,0.45,0.47,2023-02-18,745,N,VIIRS,h,2,315.94,10.13,D,0
29.98672,77.44627,333.55,0.4,0.37,2023-07-06,803,N,VIIRS,n,2,297.34,3.53,D,0
23.76992,86.39293,303.72,0.41,0.37,2023-01-23,2004,N,VIIRS,n,2,293.59,1.35,N,2
22.02919,84.56812,309.56,0.33,0.55,2023-04-15,1927,N,VIIRS,n,2,293.49,2.51,N,0
17.81926,80.49619,330.48,0.45,0.63,2023-03-08,710,N,VIIRS,l,2,305.47,2.83,D,0
30.20811,76.06757,336.52,0.43,0.38,2023-11-01,750,N,VIIRS,n,2,302.95,11.31,D,0
25.02697,85.66647,339.6,0.39,0.36,2023-04-24,731,N,VIIRS,n,2,307.12,2.23,D,0
26.92075,88.56137,304.0,0.4,0.37,2023-03-13,1944,N,VIIRS,n,2,292.01,0.58,N,0
22.22469,77.18665,332.92,0.42,0.37,2023-03-27,2024,N,VIIRS,n,2,291.68,3.99,N,0
20.96055,85.17216,314.51,0.59,0.7,2023-01-10,1908,N,VIIRS,n,2,290.25,1.93,N,2
22.28781,79.65061,339.4,0.52,0.41,2023-02-24,736,N,VIIRS,l,2,312.18,3.63,D,0
21.06269,81.45534,333.31,0.38,0.36,2023-12-19,747,N,VIIRS,n,2,294.6,2.72,D,0
25.23195,76.10619,308.51,0.39,0.44,2023-05-12,2101,N,VIIRS,n,2,292.43,1.22,N,0
29.19799,78.72003,329.43,0.39,0.36,2023-01-22,757,N,VIIRS,n,2,296.57,1.86,D,0
22.8099,86.08778,302.99,0.55,0.68,2023-02-27,2048,N,VIIRS,n,2,290.37,1.87,N,2
23.68794,87.11995,302.71,0.59,0.53,2023-01-20,1920,N,VIIRS,n,2,286.34,1.51,N,2
27.67815,96.27333,332.97,0.42,0.37,2023-04-11,635,N,VIIRS,n,2,292.98,45.85,D,0
23.78996,86.37169,309.23,0.39,0.36,2023-07-24,1951,N,VIIRS,n,2,293.75,2.81,N,2
29.4563,77.26836,334.09,0.51,0.41,2023-12-23,814,N,VIIRS,n,2,293.76,3.53,D,0
24.361,87.37291,342.31,0.48,0.48,2023-03-06,749,N,VIIRS,n,2,308.04,2.37,D,0
30.07163,75.60047,332.52,0.52,0.42,2023-10-27,744,N,VIIRS,n,2,301.2,4.31,D,0
15.81657,80.16319,340.03,0.41,0.45,2023-06-03,818,N,VIIRS,n,2,309.53,5.7,D,0
22.603,83.9964,300.73,0.44,0.38,2023-03-06,2017,N,VIIRS,n,2,289.48,0.63,N,0
15.32177,76.23196,301.95,0.38,0.36,2023-10-26,2031,N,VIIRS,n,2,291.88,0.47,N,2
25.12846,77.08839,320.62,0.38,0.36,2023-04-22,2036,N,VIIRS,n,2,291.89,1.17,N,0
21.34113,83.31638,338.56,0.42,0.37,2023-03-06,748,N,VIIRS,n,2,306.84,4.41,D,0
25.66049,92.14909,344.22,0.5,0.49,2023-04-08,731,N,VIIRS,n,2,304.01,6.77,D,0
20.77573,73.95942,354.13,0.39,0.36,2023-05-18,820,N,VIIRS,n,2,316.14,12.35,D,0
22.78835,86.19725,334.36,0.39,0.36,2023-10-28,722,N,VIIRS,n,2,302.38,1.9,D,2
14.02245,77.94786,300.96,0.42,0.38,2023-02-12,2032,N,VIIRS,n,2,290.25,0.58,N,0
20.86488,84.994,314.31,0.47,0.4,2023-02-25,1946,N,VIIRS,n,2,294.99,2.97,N,2
10.39706,77.14022,310.46,0.43,0.46,2023-02-19,2001,N,VIIRS,n,2,285.41,3.22,N,0
23.16635,82.34036,319.99,0.39,0.36,2023-04-18,2011,N,VIIRS,n,2,298.46,1.45,N,2
26.35237,94.87302,367.0,0.37,0.58,2023-03-06,609,N,VIIRS,h,2,292.39,23.8,D,0
28.16787,79.77428,345.29,0.62,0.54,2023-05-11,713,N,VIIRS,n,2,313.41,6.52,D,0
23.66968,92.05567,341.65,0.51,0.5,2023-04-11,634,N,VIIRS,n,2,300.1,8.15,D,0
21.9441,82.76836,355.09,0.34,0.56,2023-02-15,704,N,VIIRS,n,2,310.5,10.75,D,0
15.68569,78.75066,337.29,0.39,0.36,2023-03-05,806,N,VIIRS,n,2,307.18,5.08,D,0
25.43013,93.48418,345.88,0.39,0.44,2023-04-11,634,N,VIIRS,n,2,312.13,22.74,D,0
22.95521,77.82963,333.24,0.52,0.42,2023-03-01,742,N,VIIRS,n,2,299.38,3.77,D,0
14.11936,75.31065,307.18,0.44,0.62,2023-03-03,2116,N,VIIRS,n,2,291.07,1.44,N,0
21.90272,77.76691,343.3,0.69,0.74,2023-02-15,705,N,VIIRS,n,2,300.43,5.41,D,0
25.02944,94.49909,305.66,0.42,0.61,2023-04-12,1842,N,VIIRS,n,2,290.12,0.77,N,0
30.39146,76.00443,342.74,0.5,0.41,2023-06-21,744,N,VIIRS,n,2,299.11,8.31,D,0
22.0377,83.35355,305.48,0.5,0.49,2023-02-20,1939,N,VIIRS,n,2,290.81,1.02,N,2
25.16836,80.96892,335.14,0.38,0.59,2023-04-21,828,N,VIIRS,n,2,305.07,1.63,D,0
18.65724,76.54924,340.04,0.48,0.4,2023-01-06,754,N,VIIRS,n,2,298.2,5.73,D,0
19.28719,80.12434,340.28,0.45,0.39,2023-04-02,742,N,VIIRS,l,2,314.75,9.66,D,0
10.13914,77.38124,307.2,0.43,0.62,2023-02-20,1943,N,VIIRS,n,2,284.53,1.51,N,0
21.34618,83.4409,341.18,0.4,0.44,2023-01-24,717,N,VIIRS,n,2,304.38,2.58,D,0
30.21886,75.22145,334.6,0.73,0.76,2023-11-13,905,N,VIIRS,n,2,295.0,8.57,D,0
13.48644,79.79313,313.22,0.42,0.38,2023-04-13,2008,N,VIIRS,n,2,295.73,1.91,N,0
22.66679,77.88645,340.28,0.42,0.45,2023-11-07,735,N,VIIRS,n,2,304.3,1.62,D,0
16.62577,77.28056,333.68,0.47,0.4,2023-02-07,753,N,VIIRS,l,2,305.47,4.39,D,0
22.35658,86.84493,347.54,0.72,0.75,2023-03-05,627,N,VIIRS,n,2,304.85,10.42,D,0
18.68485,73.04148,350.98,0.5,0.41,2023-06-09,807,N,VIIRS,n,2,299.78,15.11,D,2
21.0322,73.14586,334.93,0.36,0.57,2023-05-20,742,N,VIIRS,n,2,303.12,2.22,D,0
21.01109,83.76134,351.2,0.51,0.49,2023-06-09,807,N,VIIRS,n,2,307.36,11.85,D,0
22.57349,75.60542,342.0,0.47,0.4,2023-04-28,756,N,VIIRS,l,2,306.63,8.63,D,0
22.80959,79.1653,312.88,0.47,0.39,2023-04-18,2011,N,VIIRS,n,2,297.04,3.47,N,0
26.09515,93.42997,313.92,0.51,0.49,2023-04-11,1901,N,VIIRS,n,2,289.91,2.83,N,0
29.66352,75.26363,350.66,0.41,0.37,2023-12-08,756,N,VIIRS,n,2,299.66,7.48,D,0
19.28847,73.62214,342.02,0.72,0.75,2023-04-03,724,N,VIIRS,n,2,298.0,10.94,D,0
15.90368,74.07606,334.43,0.48,0.4,2023-03-21,806,N,VIIRS,n,2,304.7,1.72,D,0
21.07921,85.03921,318.79,0.47,0.48,2023-02-15,1933,N,VIIRS,n,2,293.46,2.68,N,2
30.66053,74.92166,347.65,0.39,0.36,2023-05-08,810,N,VIIRS,n,2,314.43,7.36,D,0
24.18923,82.57413,312.33,0.47,0.4,2023-01-18,1957,N,VIIRS,n,2,283.47,1.75,N,2
24.97502,94.65513,305.2,0.56,0.52,2023-05-10,1957,N,VIIRS,n,2,291.63,2.07,N,0
14.47554,76.17901,332.33,0.38,0.36,2023-05-13,812,N,VIIRS,l,2,304.24,1.88,D,0
14.56542,78.91224,332.11,0.43,0.38,2023-02-22,811,N,VIIRS,l,2,306.46,3.47,D,0
27.29358,84.29575,355.16,0.33,0.55,2023-04-26,654,N,VIIRS,n,2,294.72,6.4,D,0
22.79481,86.20582,305.19,0.66,0.73,2023-11-05,1900,N,VIIRS,n,2,289.67,2.32,N,2
20.69849,85.5543,297.6,0.38,0.36,2023-02-03,1958,N,VIIRS,n,2,287.3,0.46,N,0
22.05373,85.46355,303.3,0.55,0.43,2023-10-18,1938,N,VIIRS,n,2,291.3,1.05,N,2
23.78423,86.20759,310.69,0.38,0.36,2023-08-30,1957,N,VIIRS,n,2,288.79,2.63,N,2
20.76511,81.8047,333.19,0.48,0.48,2023-05-29,813,N,VIIRS,n,2,301.43,6.8,D,0
26.52376,93.56364,331.65,0.39,0.36,2023-04-15,700,N,VIIRS,n,2,282.62,2.38,D,0
25.60199,81.57806,334.98,0.45,0.39,2023-03-27,756,N,VIIRS,l,2,308.6,2.32,D,0
12.52571,79.36514,330.67,0.35,0.56,2023-08-21,836,N,VIIRS,n,2,296.35,5.13,D,0
23.55334,87.24311,297.95,0.39,0.37,2023-01-18,1957,N,VIIRS,n,2,287.08,0.97,N,3
26.3073,82.08469,334.43,0.47,0.48,2023-12-18,807,N,VIIRS,n,2,298.9,2.64,D,0
25.69512,83.09641,332.31,0.4,0.37,2023-12-04,729,N,VIIRS,n,2,298.97,1.9,D,0
21.34291,82.01511,348.28,0.43,0.38,2023-04-12,755,N,VIIRS,n,2,320.29,14.5,D,0
30.45664,76.35992,337.37,0.35,0.57,2023-05-16,720,N,VIIRS,l,2,311.49,1.96,D,0
18.42904,73.62367,350.72,0.47,0.48,2023-02-07,754,N,VIIRS,n,2,305.78,8.54,D,0
25.48764,88.40035,343.61,0.71,0.75,2023-04-11,815,N,VIIRS,n,2,306.14,7.84,D,0
23.07449,77.97944,338.96,0.54,0.42,2023-03-31,2049,N,VIIRS,n,2,289.99,6.35,N,0
19.05415,84.39764,345.85,0.39,0.44,2023-03-13,716,N,VIIRS,n,2,304.49,4.72,D,0
20.83654,86.96072,336.72,0.48,0.4,2023-01-03,710,N,VIIRS,n,2,300.43,6.12,D,0
22.12295,79.87095,335.46,0.51,0.41,2023-03-12,736,N,VIIRS,n,2,308.58,4.88,D,0
27.48412,71.973,340.63,0.43,0.38,2023-10-31,808,N,VIIRS,n,2,307.47,2.1,D,0
30.11105,74.83318,341.39,0.46,0.47,2023-11-07,737,N,VIIRS,n,2,298.76,6.57,D,0
29.57092,74.53234,335.95,0.34,0.56,2023-11-14,846,N,VIIRS,n,2,300.1,4.17,D,0
20.59342,82.15697,341.09,0.4,0.44,2023-12-31,722,N,VIIRS,n,2,297.79,3.43,D,0
20.92115,75.93044,342.16,0.38,0.59,2023-02-19,729,N,VIIRS,l,2,315.44,4.25,D,0
18.60548,81.60135,306.7,0.4,0.37,2023-03-06,2018,N,VIIRS,n,2,292.78,1.44,N,0
20.97357,85.17014,313.88,0.47,0.39,2023-03-13,1946,N,VIIRS,n,2,296.18,1.88,N,2
11.07364,76.51965,342.38,0.43,0.38,2023-03-04,823,N,VIIRS,l,2,313.76,4.92,D,0
12.97314,78.67226,321.09,0.46,0.39,2023-03-12,2007,N,VIIRS,n,2,292.24,1.89,N,0
24.75078,85.93053,342.02,0.5,0.49,2023-04-12,756,N,VIIRS,n,2,314.43,4.08,D,0
20.81425,84.08322,350.39,0.43,0.62,2023-03-31,820,N,VIIRS,n,2,295.63,5.57,D,0
23.80628,82.39152,305.88,0.51,0.49,2023-04-11,2042,N,VIIRS,n,2,295.29,1.93,N,0
23.77754,86.3961,307.84,0.33,0.55,2023-10-19,1919,N,VIIRS,n,2,293.19,2.04,N,2
22.85935,86.52196,336.05,0.43,0.38,2023-03-12,736,N,VIIRS,l,2,306.74,3.09,D,0
20.55724,84.00479,312.19,0.41,0.37,2023-04-18,2012,N,VIIRS,n,2,298.9,3.29,N,0
23.45954,80.17394,301.46,0.51,0.66,2023-04-04,1933,N,VIIRS,n,2,286.42,0.78,N,0
19.38518,80.07758,343.53,0.38,0.36,2023-04-12,755,N,VIIRS,n,2,311.68,5.0,D,0
17.75918,81.67521,334.5,0.48,0.48,2023-04-19,723,N,VIIRS,n,2,302.49,7.59,D,0
20.07463,73.4119,342.9,0.45,0.39,2023-05-12,832,N,VIIRS,l,2,316.88,7.97,D,0
22.8079,84.0578,316.11,0.4,0.37,2023-04-18,2011,N,VIIRS,n,2,297.81,1.89,N,0
20.60328,84.23251,315.2,0.42,0.37,2023-04-18,2012,N,VIIRS,n,2,299.88,1.91,N,0
21.12385,83.63145,343.06,0.39,0.59,2023-01-25,658,N,VIIRS,n,2,300.56,4.69,D,0
22.50357,80.02892,338.18,0.4,0.44,2023-11-05,813,N,VIIRS,n,2,306.86,2.35,D,0
29.98193,80.16901,342.1,0.4,0.37,2023-02-08,738,N,VIIRS,n,2,296.9,9.09,D,0
22.92766,69.93243,335.51,0.37,0.58,2023-01-18,911,N,VIIRS,n,2,303.49,1.33,D,0
30.11801,76.00786,340.82,0.46,0.39,2023-11-05,815,N,VIIRS,n,2,305.9,12.54,D,0
22.36625,87.29717,308.98,0.44,0.46,2023-05-09,2017,N,VIIRS,n,2,288.99,2.31,N,2
22.32441,82.67638,323.46,0.4,0.37,2023-02-08,2004,N,VIIRS,n,2,290.09,1.87,N,2
25.27116,86.32571,344.45,0.45,0.47,2023-06-02,659,N,VIIRS,n,2,308.76,7.99,D,0
20.96409,86.01477,332.55,0.58,0.7,2023-10-25,818,N,VIIRS,n,2,289.9,4.17,D,2
24.10185,74.54233,308.04,0.41,0.37,2023-04-22,2036,N,VIIRS,n,2,290.79,1.62,N,0
19.6088,84.19354,317.27,0.43,0.38,2023-03-02,1952,N,VIIRS,n,2,292.37,1.1,N,0
16.13493,73.7177,336.45,0.52,0.5,2023-04-09,851,N,VIIRS,n,2,303.07,3.29,D,0
22.06787,80.20718,338.34,0.39,0.36,2023-04-07,749,N,VIIRS,n,2,308.6,2.9,D,0
15.17956,77.10324,308.23,0.34,0.56,2023-01-04,2103,N,VIIRS,n,2,291.86,1.34,N,2
22.77554,70.9915,336.33,0.68,0.74,2023-04-02,924,N,VIIRS,n,2,300.75,4.61,D,0
30.22562,77.09358,343.05,0.39,0.6,2023-10-02,712,N,VIIRS,n,2,302.29,4.75,D,0
32.03328,77.10371,327.42,0.49,0.41,2023-02-24,739,N,VIIRS,n,2,299.09,3.5,D,0
22.37275,77.46221,356.89,0.43,0.62,2023-10-29,844,N,VIIRS,n,2,303.8,11.83,D,0
22.798,86.09003,313.49,0.46,0.47,2023-03-27,2023,N,VIIRS,n,2,291.25,1.46,N,2
12.99138,78.61967,347.11,0.47,0.4,2023-03-15,818,N,VIIRS,n,2,308.96,12.5,D,0
29.09087,79.97656,306.09,0.41,0.37,2023-04-22,2035,N,VIIRS,n,2,295.58,1.17,N,0
18.9173,82.70317,337.24,0.4,0.44,2023-05-21,722,N,VIIRS,n,2,306.64,4.03,D,0
24.98685,93.99938,353.84,0.39,0.36,2023-03-09,652,N,VIIRS,n,2,303.41,7.51,D,0
21.58313,81.54456,340.86,0.39,0.44,2023-12-18,806,N,VIIRS,n,2,299.18,5.68,D,0
9.62613,77.49251,308.01,0.52,0.67,2023-08-26,1936,N,VIIRS,n,2,289.07,1.24,N,0
18.79588,80.61914,350.32,0.41,0.37,2023-04-17,801,N,VIIRS,n,2,312.76,10.5,D,0
15.76785,74.97892,299.19,0.39,0.36,2023-12-18,2036,N,VIIRS,n,2,285.28,0.75,N,0
23.1175,86.52391,335.96,0.32,0.55,2023-02-28,801,N,VIIRS,l,2,307.39,2.23,D,0
17.76807,81.36738,307.7,0.46,0.39,2023-03-07,1959,N,VIIRS,n,2,293.61,1.82,N,0
29.88847,78.86717,343.26,0.32,0.55,2023-06-08,828,N,VIIRS,n,2,301.54,4.42,D,0
17.78159,82.35365,307.58,0.39,0.36,2023-03-12,2006,N,VIIRS,n,2,293.01,1.01,N,0
18.69195,84.12558,296.52,0.49,0.41,2023-03-13,1947,N,VIIRS,n,2,278.07,0.64,N,0
16.78736,73.80249,337.71,0.42,0.37,2023-04-11,813,N,VIIRS,l,2,308.01,3.9,D,0
26.33104,93.74852,344.36,0.38,0.36,2023-04-10,653,N,VIIRS,n,2,313.96,19.74,D,0
23.66805,84.99651,306.67,0.8,0.78,2023-11-21,1900,N,VIIRS,n,2,288.07,2.12,N,2
21.38377,82.2328,331.23,0.39,0.36,2023-12-19,747,N,VIIRS,n,2,297.54,3.78,D,0
27.39318,72.15569,336.47,0.46,0.47,2023-06-07,847,N,VIIRS,l,2,308.22,3.74,D,0
22.48776,82.28327,304.1,0.38,0.36,2023-04-18,2011,N,VIIRS,n,2,267.33,0.72,N,0
23.51691,87.27162,303.85,0.51,0.66,2023-05-29,2041,N,VIIRS,n,2,288.93,0.76,N,2
24.97463,93.82962,325.65,0.39,0.36,2023-01-09,658,N,VIIRS,n,2,298.03,2.3,D,0
26.86799,79.44285,334.8,0.38,0.36,2023-11-01,749,N,VIIRS,n,2,301.45,2.64,D,0
15.62208,79.06142,367.0,0.36,0.57,2023-02-10,837,N,VIIRS,h,2,302.96,4.02,D,0
13.98376,77.47846,356.04,0.42,0.38,2023-11-11,758,N,VIIRS,n,2,300.73,35.5,D,0
21.80095,83.33808,335.19,0.63,0.72,2023-02-05,832,N,VIIRS,n,2,303.48,5.6,D,0
25.17302,94.26536,302.5,0.44,0.39,2023-05-11,1938,N,VIIRS,n,2,286.92,0.43,N,0
22.95597,92.84592,367.0,0.42,0.37,2023-03-09,652,N,VIIRS,h,2,342.76,129.8,D,0
23.94333,74.5794,354.23,0.39,0.36,2023-04-27,815,N,VIIRS,n,2,319.87,7.8,D,0
25.10808,84.02973,326.72,0.48,0.4,2023-12-19,748,N,VIIRS,n,2,293.07,2.06,D,0
21.50769,86.03307,307.59,0.39,0.36,2023-03-07,1958,N,VIIRS,n,2,290.33,0.91,N,0
23.54726,86.54517,300.37,0.38,0.43,2023-01-01,2016,N,VIIRS,n,2,286.1,1.35,N,2
18.68704,73.03211,309.6,0.39,0.36,2023-12-07,2042,N,VIIRS,n,2,295.05,1.27,N,2
25.59876,78.11182,330.71,0.42,0.45,2023-11-10,820,N,VIIRS,n,2,298.77,1.59,D,0
19.61031,76.13904,332.2,0.4,0.44,2023-03-22,748,N,VIIRS,l,2,303.31,6.47,D,0
19.77313,82.40998,303.11,0.39,0.36,2023-03-01,2011,N,VIIRS,n,2,292.66,0.33,N,0
30.78689,74.71389,345.22,0.42,0.38,2023-11-05,815,N,VIIRS,n,2,308.44,8.54,D,0
19.65401,80.99902,351.02,0.49,0.48,2023-04-19,723,N,VIIRS,n,2,306.53,46.8,D,0
11.30972,79.11248,341.68,0.36,0.57,2023-03-07,727,N,VIIRS,n,2,304.22,4.55,D,0
22.48388,82.28638,298.96,0.38,0.36,2023-04-18,2011,N,VIIRS,n,2,265.31,0.81,N,0
25.51691,94.54328,330.89,0.35,0.57,2023-03-07,730,N,VIIRS,n,2,296.79,5.12,D,0
13.1726,75.41691,356.76,0.47,0.4,2023-02-21,830,N,VIIRS,n,2,307.3,10.5,D,0
15.3337,76.24516,307.48,0.45,0.47,2023-01-07,2006,N,VIIRS,n,2,290.2,1.11,N,0
22.26235,79.95467,335.32,0.43,0.38,2023-03-01,742,N,VIIRS,n,2,303.56,4.97,D,0
16.92908,79.5806,332.46,0.43,0.62,2023-05-16,716,N,VIIRS,l,2,305.41,1.22,D,0
17.2268,81.48148,332.03,0.53,0.5,2023-04-16,819,N,VIIRS,n,2,301.88,1.86,D,0
29.90938,74.95289,296.71,0.38,0.36,2023-01-10,2046,N,VIIRS,n,2,264.32,0.5,N,2
20.79039,85.25361,299.66,0.44,0.46,2023-01-06,2023,N,VIIRS,n,2,288.12,1.12,N,2
23.75741,85.85371,333.99,0.39,0.36,2023-11-18,729,N,VIIRS,n,2,307.59,3.78,D,2
24.22342,93.83318,355.62,0.61,0.53,2023-03-07,730,N,VIIRS,n,2,306.71,23.83,D,0
21.6499,86.17776,335.19,0.52,0.41,2023-03-08,710,N,VIIRS,n,2,301.69,11.4,D,0
31.00881,74.81258,341.82,0.46,0.39,2023-11-01,750,N,VIIRS,n,2,298.74,5.96,D,0
23.66076,82.73154,340.59,0.39,0.36,2023-04-18,743,N,VIIRS,l,2,313.55,3.77,D,0
21.4418,82.82776,340.48,0.45,0.47,2023-06-09,807,N,VIIRS,l,2,314.89,9.81,D,0
30.43602,75.67167,339.99,0.41,0.45,2023-11-07,737,N,VIIRS,n,2,296.86,5.19,D,0
15.64394,78.83186,355.5,0.49,0.4,2023-03-06,747,N,VIIRS,n,2,308.12,12.04,D,0
22.57075,79.85435,339.49,0.39,0.36,2023-04-28,755,N,VIIRS,n,2,308.42,2.17,D,0
17.59736,75.76545,340.32,0.45,0.47,2023-11-17,746,N,VIIRS,n,2,302.68,10.52,D,0
20.59112,73.48122,341.27,0.45,0.47,2023-05-22,845,N,VIIRS,n,2,307.5,5.64,D,0
18.61157,79.43973,367.0,0.41,0.45,2023-06-03,819,N,VIIRS,h,2,317.91,12.95,D,0
15.70469,78.7404,334.15,0.39,0.36,2023-03-05,806,N,VIIRS,l,2,307.46,5.65,D,0
25.39804,93.1828,351.2,0.38,0.36,2023-03-14,659,N,VIIRS,n,2,314.66,22.84,D,0
18.12744,73.34105,303.16,0.44,0.39,2023-03-04,2056,N,VIIRS,n,2,288.82,0.82,N,0
21.65804,83.39111,352.93,0.43,0.38,2023-05-25,2017,N,VIIRS,n,2,298.36,12.76,N,0
22.35629,84.44443,330.48,0.47,0.48,2023-05-03,801,N,VIIRS,l,2,301.18,3.14,D,0
29.76573,76.65987,341.3,0.47,0.48,2023-05-07,829,N,VIIRS,l,2,311.55,6.72,D,0
22.6032,77.6126,306.22,0.37,0.58,2023-04-03,1952,N,VIIRS,n,2,289.25,1.03,N,0
27.25811,82.91388,308.19,0.39,0.44,2023-04-19,1951,N,VIIRS,n,2,295.87,1.31,N,0
16.24436,77.34596,337.38,0.54,0.42,2023-01-15,824,N,VIIRS,n,2,309.99,3.99,D,0
16.48441,80.47124,337.45,0.44,0.39,2023-03-05,806,N,VIIRS,l,2,309.39,5.96,D,0
18.01487,82.81863,353.52,0.41,0.45,2023-03-05,806,N,VIIRS,n,2,311.12,5.83,D,0
20.8672,84.77818,308.25,0.48,0.4,2023-03-13,1946,N,VIIRS,n,2,291.72,1.16,N,0
31.34302,75.30217,342.5,0.32,0.54,2023-11-09,840,N,VIIRS,n,2,292.23,2.6,D,0
22.10922,86.89616,333.05,0.41,0.37,2023-02-25,717,N,VIIRS,l,2,307.62,2.76,D,0
25.2841,76.02158,337.44,0.39,0.36,2023-10-10,801,N,VIIRS,l,2,310.23,7.26,D,0
20.48438,81.34824,333.99,0.45,0.47,2023-05-29,813,N,VIIRS,n,2,303.31,3.46,D,0
9.72322,77.83652,341.14,0.41,0.37,2023-02-11,816,N,VIIRS,l,2,313.04,4.77,D,0
22.62898,80.96324,308.78,0.45,0.47,2023-04-19,1952,N,VIIRS,n,2,293.11,1.57,N,0
29.82434,75.45381,337.18,0.41,0.45,2023-10-30,827,N,VIIRS,n,2,297.84,3.69,D,0
15.73022,79.06206,332.4,0.61,0.53,2023-03-07,728,N,VIIRS,l,2,304.59,7.06,D,0
27.25089,83.58869,367.0,0.39,0.36,2023-04-13,738,N,VIIRS,h,2,320.4,46.62,D,0
21.76712,84.01906,302.58,0.7,0.75,2023-11-26,1907,N,VIIRS,n,2,280.02,2.51,N,2
21.04497,76.10829,326.85,0.43,0.46,2023-12-22,831,N,VIIRS,n,2,296.94,2.26,D,0
17.87313,80.01816,332.12,0.35,0.56,2023-03-09,831,N,VIIRS,n,2,301.98,1.43,D,0
18.98649,76.45504,332.23,0.52,0.41,2023-12-17,824,N,VIIRS,n,2,299.16,7.52,D,0
22.86497,78.50063,325.79,0.48,0.48,2023-01-02,730,N,VIIRS,n,2,294.7,2.51,D,0
19.08418,73.45238,339.23,0.41,0.37,2023-03-10,813,N,VIIRS,l,2,313.61,5.45,D,0
31.59057,74.99222,335.57,0.4,0.44,2023-09-28,828,N,VIIRS,n,2,302.17,2.58,D,0
14.65895,79.20866,342.62,0.49,0.48,2023-04-13,735,N,VIIRS,n,2,310.44,4.54,D,0
23.70873,77.82193,336.71,0.36,0.58,2023-04-19,1952,N,VIIRS,n,2,288.74,5.09,N,0
18.42156,80.32423,335.63,0.38,0.36,2023-04-12,754,N,VIIRS,l,2,308.11,2.13,D,0
22.70345,84.2317,338.53,0.52,0.42,2023-03-13,717,N,VIIRS,l,2,308.83,5.92,D,0
26.40321,83.2848,340.57,0.52,0.41,2023-06-17,718,N,VIIRS,n,2,306.21,8.37,D,0
27.25295,92.5024,344.54,0.32,0.55,2023-04-17,622,N,VIIRS,n,2,296.24,5.26,D,0
22.57631,75.36209,321.08,0.41,0.45,2023-04-07,2018,N,VIIRS,n,2,289.6,1.92,N,0
14.05881,79.0919,349.32,0.4,0.44,2023-04-18,741,N,VIIRS,n,2,314.82,3.85,D,0
23.55884,84.2049,342.17,0.39,0.36,2023-05-10,730,N,VIIRS,l,2,313.8,5.2,D,0
24.87181,93.56808,333.87,0.39,0.36,2023-03-09,652,N,VIIRS,n,2,300.98,3.33,D,0
23.47868,79.8087,349.83,0.42,0.38,2023-04-17,802,N,VIIRS,n,2,319.74,19.17,D,0
21.45557,81.75043,346.63,0.39,0.36,2023-01-01,748,N,VIIRS,n,2,302.99,5.44,D,0
22.24484,86.32314,303.18,0.38,0.59,2023-03-05,2036,N,VIIRS,n,2,290.86,0.77,N,0
23.7402,85.00908,304.15,0.32,0.55,2023-02-10,1926,N,VIIRS,n,2,288.57,1.72,N,2
21.82631,85.55389,344.1,0.41,0.37,2023-02-14,723,N,VIIRS,n,2,310.37,6.49,D,0
25.50133,93.95263,341.56,0.45,0.47,2023-04-06,628,N,VIIRS,n,2,298.65,4.6,D,0
20.93802,83.84267,336.93,0.39,0.36,2023-02-13,742,N,VIIRS,l,2,308.2,2.18,D,0
25.36335,91.54975,334.19,0.46,0.47,2023-02-03,730,N,VIIRS,n,2,302.7,6.06,D,0
25.99627,94.07954,331.76,0.38,0.36,2023-04-10,653,N,VIIRS,l,2,306.29,5.24,D,0
17.36971,76.48029,344.54,0.51,0.49,2023-05-17,838,N,VIIRS,l,2,315.9,3.18,D,0
21.3927,86.1235,335.86,0.38,0.36,2023-03-07,729,N,VIIRS,l,2,307.31,4.86,D,0
17.44113,76.4417,337.55,0.42,0.61,2023-04-24,729,N,VIIRS,n,2,304.56,6.55,D,0
22.19099,84.94921,341.35,0.42,0.38,2023-04-19,724,N,VIIRS,l,2,315.66,3.89,D,0
25.54624,85.11167,342.53,0.4,0.37,2023-06-16,736,N,VIIRS,n,2,310.52,11.45,D,0
22.61959,92.51962,340.47,0.61,0.53,2023-04-13,736,N,VIIRS,n,2,306.69,26.58,D,0
14.2912,76.66969,304.84,0.42,0.38,2023-07-28,2019,N,VIIRS,n,2,289.41,0.82,N,0
24.65942,74.63149,304.4,0.47,0.48,2023-09-30,2016,N,VIIRS,n,2,292.43,2.22,N,2
27.67182,82.54036,348.26,0.4,0.37,2023-04-18,744,N,VIIRS,n,2,316.02,7.13,D,0
23.2837,75.3258,337.33,0.41,0.6,2023-04-25,852,N,VIIRS,l,2,309.85,3.46,D,0
20.99606,81.96415,329.7,0.4,0.37,2023-05-25,2017,N,VIIRS,n,2,294.63,3.12,N,0
27.26857,83.94489,338.3,0.39,0.36,2023-05-10,731,N,VIIRS,l,2,313.21,3.94,D,0
22.81796,79.63272,332.05,0.4,0.6,2023-11-03,710,N,VIIRS,n,2,300.78,1.99,D,0
17.63937,73.28441,334.67,0.39,0.36,2023-05-23,825,N,VIIRS,l,2,305.58,2.75,D,0
24.90074,93.27619,356.66,0.41,0.37,2023-03-03,705,N,VIIRS,n,2,307.81,14.2,D,0
13.54163,77.64447,304.64,0.44,0.39,2023-02-13,2013,N,VIIRS,n,2,292.4,0.59,N,0
30.90995,74.65147,342.13,0.68,0.74,2023-11-13,906,N,VIIRS,n,2,295.73,9.79,D,0
25.28351,94.21395,331.68,0.45,0.47,2023-05-08,627,N,VIIRS,n,2,299.08,3.57,D,0
24.11823,86.35455,297.45,0.35,0.57,2023-12-02,2034,N,VIIRS,n,2,282.1,0.73,N,2
23.21692,85.67785,350.05,0.55,0.43,2023-03-06,749,N,VIIRS,n,2,314.03,9.25,D,0
15.57966,77.1195,345.65,0.39,0.36,2023-04-22,806,N,VIIRS,n,2,313.17,5.18,D,0
31.33439,75.83564,332.31,0.52,0.67,2023-05-27,854,N,VIIRS,n,2,300.27,4.39,D,0
18.68404,73.0287,309.69,0.32,0.55,2023-10-11,2011,N,VIIRS,n,2,291.93,1.33,N,2
23.763,86.39243,311.24,0.39,0.36,2023-09-10,1951,N,VIIRS,n,2,288.48,1.68,N,2
28.73818,76.6577,328.42,0.39,0.36,2023-12-13,802,N,VIIRS,n,2,297.8,1.27,D,0
30.87049,76.69788,332.4,0.38,0.58,2023-05-17,842,N,VIIRS,l,2,304.87,1.27,D,0
27.12359,83.66092,340.01,0.61,0.53,2023-11-16,808,N,VIIRS,n,2,300.15,4.81,D,0
22.0413,83.73233,324.91,0.52,0.42,2023-12-24,2022,N,VIIRS,n,2,290.13,4.06,N,2
24.8454,93.85447,331.37,0.5,0.41,2023-12-21,710,N,VIIRS,n,2,293.01,2.94,D,0
23.81185,80.51754,346.97,0.45,0.39,2023-04-17,802,N,VIIRS,l,2,317.59,13.56,D,0
23.16682,78.4445,298.82,0.41,0.45,2023-11-23,2003,N,VIIRS,n,2,287.81,0.39,N,0
21.21173,86.43325,345.13,0.39,0.36,2023-02-03,729,N,VIIRS,n,2,314.77,11.82,D,0
24.30826,93.74833,301.68,0.37,0.58,2023-02-28,1848,N,VIIRS,n,2,285.76,0.51,N,0
29.89654,75.77524,347.11,0.41,0.45,2023-11-07,737,N,VIIRS,n,2,304.05,7.3,D,0
13.10664,78.2087,346.16,0.38,0.36,2023-03-05,805,N,VIIRS,n,2,309.65,6.64,D,0
13.55621,75.85442,341.41,0.53,0.5,2023-03-06,746,N,VIIRS,n,2,307.76,7.84,D,0
22.76534,75.23484,336.85,0.42,0.38,2023-05-02,821,N,VIIRS,l,2,307.22,6.69,D,0
25.1275,92.91476,307.25,0.44,0.39,2023-04-10,1920,N,VIIRS,n,2,292.6,1.11,N,0
13.63919,77.24095,335.16,0.44,0.62,2023-03-07,728,N,VIIRS,n,2,306.01,4.35,D,0
25.45716,94.40177,331.72,0.54,0.42,2023-02-04,711,N,VIIRS,n,2,301.6,3.82,D,0
22.94253,75.43156,311.69,0.42,0.38,2023-04-16,2049,N,VIIRS,n,2,290.92,1.18,N,0
23.80417,86.33157,333.83,0.39,0.36,2023-07-29,730,N,VIIRS,n,2,293.87,3.59,D,2
14.21378,76.20155,344.42,0.4,0.37,2023-02-27,818,N,VIIRS,n,2,313.01,2.83,D,0
29.57884,74.44307,345.08,0.79,0.78,2023-05-10,913,N,VIIRS,n,2,309.61,15.0,D,0
23.80752,84.84734,306.0,0.33,0.55,2023-10-24,1925,N,VIIRS,n,2,290.2,0.84,N,2
23.74936,92.15837,336.58,0.48,0.4,2023-04-14,718,N,VIIRS,l,2,308.16,4.0,D,0
20.53193,83.94368,341.3,0.39,0.36,2023-04-13,736,N,VIIRS,l,2,311.9,5.72,D,0
25.13431,86.41148,339.5,0.4,0.37,2023-03-13,718,N,VIIRS,n,2,308.55,5.19,D,0
21.91731,83.69344,305.52,0.52,0.41,2023-04-12,2024,N,VIIRS,n,2,295.39,1.75,N,0
21.92792,82.44722,367.0,0.35,0.56,2023-02-27,820,N,VIIRS,h,2,307.69,4.02,D,0
19.27812,80.2386,342.67,0.41,0.37,2023-04-17,801,N,VIIRS,n,2,310.64,2.7,D,0
22.04063,92.60411,308.07,0.52,0.67,2023-04-12,1843,N,VIIRS,n,2,295.56,1.85,N,0
19.47118,73.40933,304.9,0.53,0.5,2023-02-15,2114,N,VIIRS,n,2,287.33,0.79,N,0
24.28322,92.59586,367.0,0.46,0.47,2023-04-11,634,N,VIIRS,h,2,309.15,56.66,D,0
17.66717,73.40658,341.85,0.41,0.45,2023-03-19,844,N,VIIRS,n,2,308.25,3.44,D,0
30.53954,75.42479,367.0,0.4,0.6,2023-11-14,847,N,VIIRS,h,2,297.68,10.47,D,0
18.16531,73.35072,346.35,0.39,0.36,2023-05-02,819,N,VIIRS,l,2,309.4,11.55,D,0
21.36369,81.64692,299.87,0.41,0.45,2023-01-16,2036,N,VIIRS,n,2,288.83,1.35,N,2
24.0533,92.0817,340.99,0.39,0.36,2023-04-15,659,N,VIIRS,l,2,307.29,59.61,D,0
20.81824,81.12547,339.19,0.4,0.37,2023-05-30,754,N,VIIRS,l,2,311.0,6.89,D,0
25.45602,83.90849,333.86,0.42,0.38,2023-12-15,723,N,VIIRS,n,2,299.66,4.68,D,0
18.16863,73.27986,338.28,0.5,0.49,2023-01-06,754,N,VIIRS,n,2,297.91,3.82,D,0
18.40198,79.32125,332.69,0.4,0.44,2023-11-26,818,N,VIIRS,n,2,296.32,3.18,D,0
21.93158,85.22209,307.93,0.47,0.64,2023-12-01,1913,N,VIIRS,n,2,285.78,1.59,N,2
29.73146,76.37767,334.26,0.39,0.36,2023-12-13,802,N,VIIRS,n,2,293.4,3.77,D,0
22.60398,87.06501,343.66,0.53,0.42,2023-02-13,742,N,VIIRS,n,2,304.12,4.31,D,0
29.49807,74.12449,367.0,0.4,0.6,2023-11-03,853,N,VIIRS,h,2,295.04,8.23,D,0
25.2689,77.23217,334.38,0.38,0.36,2023-05-03,802,N,VIIRS,n,2,303.43,2.85,D,0
25.70673,90.33218,347.43,0.42,0.38,2023-03-13,718,N,VIIRS,n,2,303.87,26.23,D,0
17.27463,79.51207,334.98,0.39,0.36,2023-05-03,800,N,VIIRS,n,2,302.15,5.68,D,0
18.66588,72.93616,334.42,0.43,0.38,2023-03-10,813,N,VIIRS,l,2,309.31,3.0,D,0
23.16851,78.62121,304.99,0.41,0.45,2023-04-13,2005,N,VIIRS,n,2,288.69,1.59,N,0
25.01987,94.68801,349.18,0.44,0.38,2023-04-16,640,N,VIIRS,n,2,306.01,5.82,D,0
21.11183,82.02886,344.86,0.43,0.38,2023-12-24,753,N,VIIRS,n,2,300.08,7.32,D,0
32.87371,74.4403,331.26,0.47,0.48,2023-03-09,836,N,VIIRS,n,2,301.2,3.31,D,0
17.87732,80.30942,311.34,0.48,0.48,2023-02-22,2043,N,VIIRS,n,2,293.23,2.57,N,0
31.44141,74.83576,342.44,0.44,0.46,2023-05-15,739,N,VIIRS,l,2,314.12,12.46,D,0
21.92405,83.33881,314.32,0.4,0.6,2023-10-25,2047,N,VIIRS,n,2,291.15,1.69,N,2
21.07643,85.04112,326.29,0.42,0.61,2023-04-11,2043,N,VIIRS,n,2,297.07,2.9,N,2
25.93018,90.95352,339.71,0.44,0.39,2023-03-13,718,N,VIIRS,n,2,305.44,2.61,D,0
22.59429,82.09946,311.62,0.39,0.36,2023-04-18,2011,N,VIIRS,n,2,293.02,2.07,N,0
16.2648,80.91582,340.44,0.57,0.52,2023-02-14,722,N,VIIRS,n,2,303.88,11.27,D,0
26.16639,78.89367,310.74,0.44,0.39,2023-05-09,2016,N,VIIRS,n,2,292.32,1.06,N,0
19.3987,73.68982,337.17,0.57,0.52,2023-04-25,851,N,VIIRS,l,2,312.02,5.29,D,0
30.03963,74.53188,343.23,0.35,0.56,2023-11-14,846,N,VIIRS,n,2,299.28,4.37,D,0
11.56692,79.1357,330.13,0.4,0.44,2023-09-12,823,N,VIIRS,n,2,294.63,2.02,D,0
25.70963,90.91288,335.08,0.44,0.38,2023-03-13,718,N,VIIRS,n,2,303.01,3.58,D,0
21.69641,79.03113,353.2,0.33,0.56,2023-04-10,833,N,VIIRS,n,2,307.51,5.01,D,0
28.51577,77.65587,337.93,0.45,0.39,2023-10-27,743,N,VIIRS,n,2,303.01,3.85,D,0
20.35276,82.31204,332.41,0.49,0.49,2023-02-25,716,N,VIIRS,n,2,306.3,2.73,D,0
28.0029,80.28274,349.35,0.39,0.36,2023-05-09,750,N,VIIRS,n,2,315.94,13.53,D,0
28.4553,80.24008,337.22,0.57,0.52,2023-04-25,713,N,VIIRS,n,2,303.35,3.37,D,0
31.4516,75.34101,339.61,0.32,0.55,2023-11-09,840,N,VIIRS,n,2,295.64,13.76,D,0
22.9278,69.82444,309.98,0.4,0.37,2023-10-08,2106,N,VIIRS,n,2,298.35,1.26,N,2
21.10452,81.35074,331.59,0.38,0.36,2023-01-01,748,N,VIIRS,n,2,302.4,2.65,D,0
13.29429,76.1498,346.27,0.54,0.51,2023-03-03,843,N,VIIRS,n,2,311.81,6.31,D,0
24.83521,84.7654,347.78,0.38,0.36,2023-05-10,730,N,VIIRS,l,2,321.52,4.21,D,0
22.03816,83.63451,336.37,0.41,0.37,2023-02-03,729,N,VIIRS,n,2,308.9,5.44,D,0
18.67896,78.90671,299.67,0.43,0.46,2023-02-03,1959,N,VIIRS,n,2,287.78,0.62,N,0
17.31005,81.3213,336.76,0.5,0.41,2023-05-24,806,N,VIIRS,n,2,302.25,6.0,D,0
23.25057,79.99778,345.66,0.41,0.45,2023-04-11,815,N,VIIRS,l,2,317.78,9.66,D,0
24.29994,78.08188,338.97,0.6,0.53,2023-04-19,725,N,VIIRS,n,2,304.41,2.87,D,0
14.73463,77.03202,331.03,0.54,0.68,2023-12-31,720,N,VIIRS,n,2,299.94,6.34,D,0
25.3471,92.16564,334.48,0.39,0.36,2023-01-30,705,N,VIIRS,n,2,304.82,2.26,D,0
34.0292,74.85864,335.22,0.4,0.37,2023-11-16,810,N,VIIRS,n,2,283.57,3.83,D,0
30.3883,74.60583,352.6,0.35,0.56,2023-05-06,848,N,VIIRS,n,2,307.78,15.93,D,0
23.99081,91.90454,302.9,0.4,0.45,2023-04-08,1958,N,VIIRS,n,2,292.09,0.83,N,0
27.2018,84.34673,338.89,0.4,0.37,2023-04-03,725,N,VIIRS,n,2,310.94,3.03,D,0
22.27355,82.41731,314.23,0.55,0.43,2023-04-19,1952,N,VIIRS,n,2,297.18,5.15,N,0
22.14164,92.83773,330.88,0.49,0.49,2023-04-11,633,N,VIIRS,n,2,302.75,3.28,D,0
17.80893,80.20876,343.13,0.44,0.46,2023-02-27,819,N,VIIRS,n,2,310.88,5.27,D,0
32.03349,75.20016,339.06,0.52,0.41,2023-05-18,823,N,VIIRS,n,2,307.78,6.28,D,0
26.10338,83.58314,335.01,0.63,0.54,2023-06-02,659,N,VIIRS,l,2,307.49,3.97,D,0
15.09545,76.11758,341.58,0.36,0.58,2023-03-08,850,N,VIIRS,n,2,309.24,3.08,D,0
19.92882,79.12003,302.83,0.39,0.36,2023-11-22,2023,N,VIIRS,n,2,291.88,0.6,N,0
22.03775,83.35343,304.12,0.39,0.44,2023-11-24,1944,N,VIIRS,n,2,289.93,1.23,N,2
25.66648,73.73855,332.48,0.38,0.36,2023-11-05,814,N,VIIRS,n,2,304.62,1.7,D,0
11.72967,79.23544,334.74,0.39,0.36,2023-02-17,804,N,VIIRS,l,2,307.08,2.22,D,0
17.6306,82.23289,338.13,0.4,0.37,2023-03-01,741,N,VIIRS,n,2,308.66,1.97,D,0
31.3036,75.07391,367.0,0.32,0.55,2023-05-21,726,N,VIIRS,h,2,315.86,11.38,D,0
12.98934,79.90344,296.19,0.49,0.49,2023-07-19,1948,N,VIIRS,n,2,273.85,0.85,N,0
27.16079,82.90807,337.38,0.52,0.5,2023-04-20,706,N,VIIRS,l,2,312.38,6.04,D,0
29.19359,78.09254,337.86,0.43,0.38,2023-03-01,744,N,VIIRS,n,2,302.27,7.95,D,0
30.80697,76.24152,335.66,0.39,0.36,2023-10-26,802,N,VIIRS,n,2,303.9,4.65,D,0
17.28623,73.87778,341.19,0.48,0.48,2023-02-23,754,N,VIIRS,n,2,313.69,5.11,D,0
25.84415,93.50066,332.31,0.42,0.38,2023-06-07,705,N,VIIRS,n,2,299.15,1.94,D,0
22.8758,82.40019,341.56,0.4,0.37,2023-03-06,749,N,VIIRS,n,2,310.42,4.09,D,0
14.8913,77.69247,345.26,0.56,0.52,2023-02-26,837,N,VIIRS,n,2,313.26,8.95,D,0
23.79583,86.35243,322.28,0.45,0.47,2023-05-14,2023,N,VIIRS,n,2,291.84,6.2,N,2
27.59678,96.29037,337.66,0.42,0.37,2023-04-11,635,N,VIIRS,n,2,290.46,2.77,D,0
22.41009,83.91893,331.77,0.69,0.74,2023-02-21,832,N,VIIRS,l,2,305.63,6.43,D,0
15.31689,74.70029,342.06,0.46,0.47,2023-03-27,754,N,VIIRS,n,2,313.69,3.52,D,0
30.75184,75.05135,348.31,0.47,0.64,2023-11-19,853,N,VIIRS,n,2,294.73,10.03,D,0
21.98735,84.28544,333.88,0.56,0.43,2023-01-22,754,N,VIIRS,n,2,302.36,6.11,D,0
27.96851,80.24051,337.06,0.48,0.48,2023-01-21,815,N,VIIRS,n,2,294.71,2.91,D,0
25.60315,93.55949,338.75,0.39,0.36,2023-04-10,653,N,VIIRS,n,2,306.84,6.52,D,0
20.78604,85.26116,321.85,0.4,0.37,2023-03-28,2005,N,VIIRS,n,2,296.22,2.31,N,2
28.98907,79.98458,329.42,0.42,0.37,2023-10-22,737,N,VIIRS,l,2,300.62,2.69,D,0
17.17096,77.18264,346.12,0.59,0.53,2023-03-28,735,N,VIIRS,l,2,318.64,14.67,D,0
16.32628,73.64387,340.41,0.43,0.38,2023-02-22,812,N,VIIRS,l,2,315.06,7.65,D,0
21.11283,80.29781,304.94,0.41,0.37,2023-04-18,2012,N,VIIRS,n,2,278.93,1.22,N,0
17.16708,80.02961,345.36,0.42,0.45,2023-06-03,818,N,VIIRS,n,2,310.48,7.46,D,0
25.92436,92.28055,329.19,0.48,0.4,2023-03-09,1919,N,VIIRS,n,2,288.62,2.49,N,0
14.72394,77.615,309.31,0.47,0.64,2023-10-18,1940,N,VIIRS,n,2,291.44,0.69,N,0
16.77309,73.58762,331.4,0.39,0.36,2023-06-08,825,N,VIIRS,n,2,301.14,1.47,D,0
20.79396,85.25315,341.17,0.45,0.39,2023-04-18,2012,N,VIIRS,n,2,291.38,4.38,N,2
20.00552,82.71504,306.65,0.42,0.38,2023-02-03,1959,N,VIIRS,n,2,291.12,1.54,N,0
15.18076,76.66777,307.74,0.41,0.61,2023-01-09,2109,N,VIIRS,n,2,289.7,1.75,N,2
18.97075,80.88722,342.4,0.39,0.36,2023-03-11,754,N,VIIRS,n,2,309.34,3.99,D,0
30.27087,77.79381,323.01,0.53,0.67,2023-05-16,1944,N,VIIRS,n,2,294.88,2.34,N,0
21.42974,81.67436,346.89,0.62,0.54,2023-01-10,819,N,VIIRS,n,2,306.0,5.11,D,0
15.40428,78.77075,303.39,0.32,0.55,2023-02-25,1947,N,VIIRS,n,2,293.17,0.8,N,0
31.202,75.90008,339.91,0.54,0.68,2023-05-22,708,N,VIIRS,n,2,309.27,6.26,D,0
30.40838,75.59358,337.4,0.42,0.45,2023-11-15,828,N,VIIRS,n,2,298.55,4.26,D,0
15.63026,79.0685,303.71,0.47,0.4,2023-02-08,2006,N,VIIRS,n,2,292.42,0.44,N,0
25.02834,85.56875,339.46,0.43,0.38,2023-03-13,718,N,VIIRS,n,2,308.99,6.53,D,0
22.41762,86.67229,302.57,0.49,0.4,2023-02-20,1939,N,VIIRS,n,2,292.26,0.54,N,0
23.77916,86.37247,297.11,0.53,0.67,2023-01-10,1907,N,VIIRS,n,2,286.48,1.33,N,2
20.78342,85.26196,295.06,0.46,0.39,2023-07-03,1946,N,VIIRS,n,2,269.26,0.6,N,2
22.93511,79.84131,367.0,0.39,0.6,2023-05-11,711,N,VIIRS,h,2,314.15,10.72,D,0
23.76271,86.38967,309.93,0.53,0.5,2023-06-02,1926,N,VIIRS,n,2,297.26,3.19,N,2
23.49103,84.03951,346.91,0.4,0.37,2023-05-10,730,N,VIIRS,n,2,314.66,5.21,D,0
21.13947,73.97802,336.95,0.63,0.54,2023-12-14,741,N,VIIRS,n,2,301.4,13.47,D,0
30.09782,75.72643,344.36,0.51,0.49,2023-04-24,733,N,VIIRS,n,2,308.99,3.47,D,0
26.70943,89.00974,332.66,0.55,0.42,2023-03-09,653,N,VIIRS,n,2,299.51,3.63,D,0
31.8899,75.01234,341.38,0.43,0.38,2023-05-13,817,N,VIIRS,n,2,310.49,3.89,D,0
20.83367,76.74139,338.72,0.47,0.39,2023-03-31,820,N,VIIRS,n,2,300.85,7.25,D,0
14.63605,75.86089,340.81,0.43,0.46,2023-02-26,837,N,VIIRS,l,2,314.77,3.25,D,0
18.90211,79.42901,334.87,0.4,0.6,2023-05-16,716,N,VIIRS,n,2,303.22,2.04,D,0
30.1347,74.55685,341.48,0.39,0.44,2023-11-12,744,N,VIIRS,n,2,300.68,3.07,D,0
26.82764,95.21695,352.45,0.41,0.37,2023-01-10,640,N,VIIRS,n,2,294.92,8.84,D,0
25.35184,85.65664,339.94,0.42,0.38,2023-04-14,718,N,VIIRS,l,2,314.7,2.63,D,0
24.11697,86.7784,350.13,0.4,0.37,2023-02-25,717,N,VIIRS,n,2,315.48,7.18,D,0
22.20053,72.22902,317.1,0.62,0.54,2023-03-13,2127,N,VIIRS,n,2,289.45,3.31,N,0
19.71169,83.16428,354.54,0.45,0.47,2023-04-14,717,N,VIIRS,n,2,303.52,18.64,D,0
25.25926,93.20107,327.89,0.51,0.41,2023-03-31,640,N,VIIRS,l,2,299.15,2.99,D,0
22.67602,77.78092,331.74,0.44,0.39,2023-11-01,748,N,VIIRS,n,2,306.6,6.13,D,0
26.02156,94.98567,338.3,0.42,0.38,2023-02-11,640,N,VIIRS,n,2,299.37,94.8,D,0
27.01862,83.60106,308.81,0.32,0.55,2023-04-16,2048,N,VIIRS,n,2,293.07,1.44,N,0
23.26299,70.26009,306.9,0.38,0.36,2023-02-05,2101,N,VIIRS,n,2,289.97,1.05,N,2
26.18623,78.96188,335.14,0.39,0.44,2023-11-05,814,N,VIIRS,n,2,299.48,2.93,D,0
21.74118,84.16903,353.44,0.44,0.46,2023-02-04,710,N,VIIRS,n,2,310.34,17.66,D,0
18.48601,79.13325,336.57,0.42,0.61,2023-03-13,716,N,VIIRS,n,2,301.4,5.65,D,0
17.44657,74.01002,356.75,0.36,0.58,2023-03-29,857,N,VIIRS,n,2,311.17,5.79,D,0
13.47717,75.50889,349.53,0.53,0.42,2023-02-28,759,N,VIIRS,n,2,312.12,6.11,D,0
15.36688,78.50397,349.92,0.33,0.55,2023-03-14,837,N,VIIRS,n,2,316.62,11.59,D,0
19.57355,74.65989,334.27,0.54,0.68,2023-04-03,904,N,VIIRS,l,2,305.5,3.11,D,0
16.2611,80.50132,355.61,0.61,0.53,2023-06-06,722,N,VIIRS,n,2,301.4,12.14,D,0
14.07565,77.69034,320.12,0.39,0.59,2023-02-21,2103,N,VIIRS,n,2,294.66,2.09,N,0
16.16089,75.56586,308.97,0.43,0.38,2023-12-23,2043,N,VIIRS,n,2,286.19,1.09,N,0
20.99238,81.42249,333.3,0.41,0.37,2023-12-24,753,N,VIIRS,n,2,302.11,3.95,D,0
19.08687,79.18552,341.02,0.4,0.44,2023-04-16,820,N,VIIRS,n,2,309.07,3.96,D,0
30.54396,76.38832,345.06,0.57,0.52,2023-05-21,726,N,VIIRS,n,2,317.17,8.98,D,0
24.87985,83.60284,332.98,0.33,0.55,2023-04-15,700,N,VIIRS,l,2,307.98,1.18,D,0
22.05594,83.72503,303.55,0.33,0.56,2023-12-23,2041,N,VIIRS,n,2,287.81,1.0,N,2
21.87608,86.11785,312.88,0.57,0.43,2023-03-06,2017,N,VIIRS,n,2,291.82,1.88,N,0
20.92637,81.38583,337.12,0.4,0.37,2023-02-23,754,N,VIIRS,n,2,299.22,1.66,D,0
19.96671,85.15302,301.62,0.45,0.47,2023-03-11,2024,N,VIIRS,n,2,291.6,1.16,N,0
20.8111,85.28397,335.47,0.39,0.36,2023-01-07,735,N,VIIRS,n,2,301.86,3.85,D,0
25.9614,90.57677,331.19,0.41,0.45,2023-03-07,730,N,VIIRS,n,2,303.33,2.45,D,0
23.68872,86.39049,306.63,0.42,0.45,2023-02-15,1932,N,VIIRS,n,2,291.98,1.4,N,2
24.46427,93.10637,355.03,0.54,0.42,2023-04-14,718,N,VIIRS,n,2,316.8,54.14,D,0
25.66553,92.73641,367.0,0.43,0.46,2023-04-11,634,N,VIIRS,h,2,301.72,7.05,D,0
30.56084,75.06614,345.98,0.4,0.44,2023-11-15,828,N,VIIRS,n,2,309.82,36.45,D,0
25.65903,79.51244,346.4,0.58,0.52,2023-05-16,718,N,VIIRS,l,2,317.06,17.07,D,0
20.36001,80.03724,347.41,0.54,0.68,2023-04-04,705,N,VIIRS,n,2,296.58,5.82,D,0
25.3536,91.20161,354.97,0.43,0.62,2023-04-07,750,N,VIIRS,n,2,298.68,4.76,D,0
22.8083,78.7103,335.13,0.44,0.38,2023-11-16,807,N,VIIRS,n,2,302.46,2.96,D,0
30.55096,76.63891,339.35,0.49,0.4,2023-05-13,816,N,VIIRS,l,2,312.06,5.01,D,0
13.45989,75.90251,367.0,0.43,0.38,2023-03-04,824,N,VIIRS,h,2,315.81,14.0,D,0
15.65758,73.99068,308.43,0.42,0.37,2023-01-11,2031,N,VIIRS,n,2,289.82,1.25,N,2
25.46223,90.80407,334.48,0.43,0.38,2023-03-13,718,N,VIIRS,l,2,306.75,18.09,D,0
19.85454,84.46301,308.73,0.43,0.38,2023-03-01,2011,N,VIIRS,n,2,294.66,1.02,N,0
18.14751,83.65517,336.08,0.4,0.37,2023-02-08,735,N,VIIRS,n,2,306.71,2.1,D,0
19.32789,80.85431,332.49,0.39,0.36,2023-05-14,754,N,VIIRS,l,2,307.48,1.49,D,0
21.37616,81.68037,313.66,0.42,0.37,2023-02-08,2005,N,VIIRS,n,2,292.26,1.96,N,2
26.98867,83.66277,300.06,0.42,0.46,2023-04-22,2035,N,VIIRS,n,2,289.48,0.45,N,0
22.92539,70.10494,318.46,0.46,0.39,2023-09-11,2113,N,VIIRS,n,2,296.33,2.25,N,0
23.94538,92.25927,342.21,0.39,0.36,2023-04-15,659,N,VIIRS,n,2,296.68,6.27,D,0
21.9009,84.20667,338.92,0.45,0.47,2023-02-28,801,N,VIIRS,n,2,310.63,2.26,D,0
23.32691,79.75293,344.37,0.4,0.44,2023-11-18,729,N,VIIRS,n,2,303.29,4.45,D,0
18.16875,79.76983,339.8,0.48,0.4,2023-12-30,740,N,VIIRS,n,2,297.75,5.28,D,0
23.9344,83.46729,342.05,0.46,0.39,2023-04-19,724,N,VIIRS,l,2,312.89,5.7,D,0
22.69162,77.78421,357.2,0.46,0.63,2023-04-04,846,N,VIIRS,n,2,300.3,10.36,D,0
19.11516,79.2012,340.13,0.39,0.36,2023-04-17,801,N,VIIRS,l,2,313.83,8.66,D,0
25.84934,92.15482,337.93,0.39,0.36,2023-03-30,659,N,VIIRS,n,2,298.76,3.3,D,0
23.66865,84.99575,315.25,0.43,0.38,2023-05-05,1952,N,VIIRS,n,2,292.62,1.66,N,2
31.38432,74.69281,340.5,0.39,0.36,2023-11-16,809,N,VIIRS,n,2,303.82,18.87,D,0
21.0247,81.33119,344.59,0.35,0.56,2023-02-20,710,N,VIIRS,n,2,309.09,4.62,D,0
22.93828,78.17943,313.86,0.54,0.51,2023-04-08,1959,N,VIIRS,n,2,285.08,2.26,N,0
19.81925,79.23708,310.2,0.39,0.36,2023-05-14,2024,N,VIIRS,n,2,299.43,0.86,N,0
19.0971,78.65316,340.31,0.53,0.42,2023-04-02,742,N,VIIRS,n,2,310.04,5.64,D,0
24.14728,77.88705,305.64,0.32,0.55,2023-04-15,2107,N,VIIRS,n,2,290.97,0.45,N,0
10.80119,77.62359,303.64,0.41,0.45,2023-05-10,2002,N,VIIRS,n,2,281.05,0.41,N,0
19.86552,85.93764,332.72,0.55,0.51,2023-12-29,759,N,VIIRS,n,2,295.63,7.1,D,0
16.7897,81.33444,340.02,0.51,0.41,2023-05-31,734,N,VIIRS,n,2,302.9,4.05,D,0
24.17868,80.13972,348.68,0.69,0.74,2023-05-12,653,N,VIIRS,n,2,312.36,7.42,D,0
18.94966,79.29726,307.41,0.4,0.44,2023-03-10,2043,N,VIIRS,n,2,293.34,0.98,N,0
28.16018,94.65991,345.79,0.56,0.52,2023-03-11,616,N,VIIRS,n,2,290.42,15.6,D,0
23.69121,86.38931,304.03,0.47,0.39,2023-02-13,2010,N,VIIRS,n,2,289.51,1.97,N,2
13.23859,77.49154,344.35,0.34,0.56,2023-02-24,734,N,VIIRS,n,2,310.58,3.01,D,0
18.51623,80.40939,338.01,0.41,0.37,2023-05-19,800,N,VIIRS,n,2,306.2,4.21,D,0
21.53913,78.82164,306.25,0.44,0.39,2023-11-16,2035,N,VIIRS,n,2,288.23,0.6,N,0
20.97041,85.17007,308.98,0.38,0.36,2023-03-23,1959,N,VIIRS,n,2,292.91,1.17,N,2
9.58288,77.73412,349.72,0.37,0.58,2023-08-03,732,N,VIIRS,n,2,303.9,2.66,D,0
14.62104,75.44122,344.44,0.51,0.49,2023-04-04,844,N,VIIRS,l,2,315.49,9.17,D,0
22.24643,83.0388,330.82,0.41,0.45,2023-03-29,718,N,VIIRS,l,2,302.92,3.9,D,0
21.22236,82.11135,340.33,0.48,0.48,2023-01-08,716,N,VIIRS,n,2,308.26,8.25,D,0
25.81749,91.57012,339.77,0.47,0.4,2023-04-14,718,N,VIIRS,n,2,304.28,5.23,D,0
22.43476,70.38316,344.25,0.5,0.49,2023-04-01,802,N,VIIRS,n,2,313.04,2.74,D,0
27.25602,83.33327,300.94,0.7,0.75,2023-04-05,1913,N,VIIRS,n,2,287.63,2.21,N,0
22.64853,85.39613,336.66,0.45,0.47,2023-04-20,705,N,VIIRS,n,2,305.03,6.15,D,0
25.17591,83.32413,341.74,0.44,0.46,2023-12-13,800,N,VIIRS,n,2,300.37,7.28,D,0
16.03404,74.69033,367.0,0.36,0.57,2023-12-14,739,N,VIIRS,h,2,305.0,10.24,D,0
18.40812,73.58575,338.25,0.4,0.37,2023-04-05,826,N,VIIRS,l,2,310.19,3.76,D,0
22.34102,75.69507,351.52,0.33,0.55,2023-04-20,846,N,VIIRS,n,2,306.62,3.68,D,0
17.33223,73.85532,302.86,0.44,0.38,2023-12-13,2030,N,VIIRS,n,2,289.49,0.9,N,0
17.919,74.39693,334.63,0.39,0.44,2023-12-11,837,N,VIIRS,n,2,302.74,3.57,D,0
21.20256,76.63477,305.5,0.43,0.38,2023-02-23,2024,N,VIIRS,n,2,292.08,0.45,N,0
22.65084,77.8941,333.73,0.35,0.57,2023-04-03,1952,N,VIIRS,n,2,290.87,4.15,N,0
17.81212,82.72502,302.76,0.35,0.56,2023-03-10,2043,N,VIIRS,n,2,291.22,0.77,N,0
10.88482,76.93424,331.83,0.54,0.42,2023-07-31,829,N,VIIRS,n,2,296.52,3.03,D,0
23.6382,91.74428,340.9,0.56,0.52,2023-03-28,736,N,VIIRS,n,2,297.6,10.43,D,0
23.75984,86.39458,308.21,0.55,0.68,2023-02-27,2047,N,VIIRS,n,2,291.73,2.96,N,2
23.35752,77.98132,313.21,0.54,0.42,2023-04-18,2011,N,VIIRS,n,2,289.4,3.17,N,0
23.4996,87.7821,327.72,0.48,0.4,2023-12-16,703,N,VIIRS,n,2,298.2,2.55,D,0
16.50439,78.1069,304.0,0.56,0.43,2023-02-22,2044,N,VIIRS,n,2,293.96,1.3,N,0
23.75822,85.85579,299.58,0.44,0.39,2023-01-12,2010,N,VIIRS,n,2,287.71,0.79,N,2
26.10637,93.42364,349.81,0.39,0.44,2023-04-11,634,N,VIIRS,n,2,299.46,87.1,D,0
21.57545,80.70177,302.67,0.46,0.63,2023-04-04,1934,N,VIIRS,n,2,290.47,1.77,N,0
21.50908,86.3138,299.83,0.32,0.54,2023-03-09,1921,N,VIIRS,n,2,287.36,0.66,N,0
23.04143,92.50266,333.88,0.39,0.36,2023-03-14,658,N,VIIRS,n,2,303.49,6.34,D,0
18.71636,78.6257,334.5,0.55,0.43,2023-05-20,741,N,VIIRS,l,2,304.65,4.29,D,0
19.4591,82.65173,331.16,0.61,0.54,2023-02-20,710,N,VIIRS,n,2,302.65,2.29,D,0
21.19888,84.53437,323.58,0.39,0.44,2023-03-11,2024,N,VIIRS,n,2,294.41,2.33,N,0
17.16482,79.94981,339.88,0.51,0.66,2023-03-08,710,N,VIIRS,n,2,296.14,3.24,D,0
25.86057,91.8612,367.0,0.6,0.7,2023-03-11,756,N,VIIRS,h,2,300.99,29.18,D,0
19.86231,80.54295,345.09,0.5,0.41,2023-03-12,735,N,VIIRS,n,2,308.48,7.54,D,0
18.93184,83.34509,344.26,0.4,0.37,2023-03-06,747,N,VIIRS,n,2,305.81,5.74,D,0
14.4074,79.23894,343.84,0.62,0.54,2023-04-08,728,N,VIIRS,n,2,300.43,8.04,D,0
21.57175,84.69345,309.31,0.39,0.36,2023-04-13,2005,N,VIIRS,n,2,295.2,1.94,N,0
13.27551,79.36448,331.1,0.35,0.57,2023-02-26,836,N,VIIRS,n,2,303.65,5.55,D,0
21.7107,83.48916,331.22,0.39,0.44,2023-01-08,716,N,VIIRS,l,2,303.05,1.91,D,0
31.72208,75.13625,339.16,0.45,0.39,2023-05-09,752,N,VIIRS,l,2,313.93,3.57,D,0
24.43092,93.67969,334.38,0.62,0.54,2023-02-28,621,N,VIIRS,n,2,298.09,5.49,D,0
19.32117,82.79508,346.75,0.41,0.37,2023-03-12,735,N,VIIRS,n,2,309.08,4.13,D,0
21.09899,85.72281,332.98,0.53,0.42,2023-05-09,748,N,VIIRS,l,2,304.71,3.59,D,0
21.44553,86.00431,308.27,0.57,0.43,2023-03-06,2017,N,VIIRS,n,2,292.33,1.11,N,0
22.31647,85.41405,348.0,0.44,0.39,2023-04-18,743,N,VIIRS,n,2,311.39,5.47,D,0
21.57959,82.22096,351.21,0.44,0.38,2023-03-11,755,N,VIIRS,n,2,317.14,8.28,D,0
21.22104,76.01659,333.49,0.54,0.68,2023-03-29,858,N,VIIRS,l,2,305.51,3.23,D,0
20.54786,85.16547,330.63,0.39,0.36,2023-06-11,729,N,VIIRS,l,2,305.1,3.26,D,0
23.75948,86.4013,335.44,0.41,0.6,2023-03-05,808,N,VIIRS,l,2,309.53,5.55,D,2
16.24,73.73522,337.64,0.52,0.5,2023-03-08,850,N,VIIRS,l,2,307.85,5.97,D,0
30.60724,74.94064,340.67,0.54,0.51,2023-11-18,731,N,VIIRS,n,2,300.94,7.12,D,0
31.31155,74.59456,367.0,0.42,0.61,2023-10-23,719,N,VIIRS,h,2,296.53,10.7,D,0
27.12571,83.28107,350.19,0.56,0.43,2023-04-12,757,N,VIIRS,n,2,312.41,18.7,D,0
23.72064,71.87473,339.19,0.42,0.37,2023-11-05,813,N,VIIRS,n,2,308.99,4.08,D,0
25.30775,93.10197,332.22,0.51,0.41,2023-03-15,640,N,VIIRS,n,2,267.92,5.31,D,0
22.05421,76.08254,367.0,0.44,0.46,2023-05-12,833,N,VIIRS,l,2,327.65,1.58,D,0
27.11298,83.5722,337.14,0.48,0.48,2023-04-17,803,N,VIIRS,l,2,312.11,6.13,D,0
26.71753,80.63432,343.24,0.42,0.37,2023-11-23,736,N,VIIRS,n,2,302.79,5.95,D,0
31.47449,75.20293,332.91,0.38,0.36,2023-10-26,803,N,VIIRS,n,2,302.34,3.89,D,0
23.80939,78.3533,311.78,0.41,0.37,2023-04-22,2036,N,VIIRS,n,2,292.23,1.69,N,0
23.28419,80.04736,341.44,0.5,0.41,2023-10-31,807,N,VIIRS,n,2,302.83,5.7,D,0
19.48866,73.42717,343.7,0.47,0.48,2023-04-28,755,N,VIIRS,n,2,303.01,5.87,D,0
21.07932,85.04241,299.95,0.67,0.73,2023-11-15,2054,N,VIIRS,n,2,283.61,1.5,N,2
23.61611,86.79166,301.06,0.48,0.64,2023-02-06,2041,N,VIIRS,n,2,286.73,0.74,N,2
25.11064,82.1698,337.09,0.39,0.36,2023-02-08,737,N,VIIRS,l,2,308.99,7.53,D,0
24.74426,85.69415,350.75,0.39,0.36,2023-04-19,725,N,VIIRS,n,2,318.46,6.1,D,0
22.51657,82.19329,338.14,0.52,0.42,2023-04-17,802,N,VIIRS,l,2,310.68,5.23,D,0
8.21457,77.38206,332.55,0.39,0.36,2023-08-17,810,N,VIIRS,l,2,304.32,2.72,D,0
23.807,88.31503,332.49,0.45,0.39,2023-02-19,730,N,VIIRS,n,2,301.58,2.69,D,0
16.03432,74.14733,343.48,0.39,0.37,2023-03-04,825,N,VIIRS,n,2,308.56,8.61,D,0
23.0171,87.1785,354.93,0.35,0.57,2023-02-28,801,N,VIIRS,n,2,305.37,9.97,D,0
17.00909,80.3064,332.5,0.45,0.63,2023-05-17,838,N,VIIRS,l,2,306.16,6.19,D,0
25.19291,93.81841,331.5,0.5,0.41,2023-03-08,711,N,VIIRS,l,2,302.86,3.04,D,0
25.13367,94.39957,328.88,0.42,0.61,2023-02-02,608,N,VIIRS,n,2,294.26,2.96,D,0
18.24097,75.43172,331.09,0.58,0.7,2023-04-19,904,N,VIIRS,l,2,305.42,3.44,D,0
21.38935,81.6452,304.41,0.63,0.72,2023-05-17,2107,N,VIIRS,n,2,291.04,1.57,N,2
15.89723,77.92609,331.05,0.4,0.37,2023-10-10,758,N,VIIRS,l,2,305.86,2.32,D,0
22.03945,92.85012,338.75,0.62,0.71,2023-05-09,608,N,VIIRS,n,2,299.82,9.25,D,0
30.57977,74.4349,352.28,0.44,0.46,2023-05-12,835,N,VIIRS,l,2,327.02,38.25,D,0
19.73548,82.40606,343.1,0.39,0.36,2023-01-17,748,N,VIIRS,n,2,306.68,2.74,D,0
17.85754,80.14463,336.67,0.4,0.37,2023-02-28,800,N,VIIRS,l,2,310.77,1.64,D,0
23.20242,92.43647,340.38,0.4,0.44,2023-03-15,639,N,VIIRS,n,2,296.76,5.48,D,0
20.90697,73.68623,337.96,0.43,0.46,2023-05-30,755,N,VIIRS,l,2,310.96,8.72,D,0
25.35097,93.40304,301.13,0.43,0.38,2023-04-10,1920,N,VIIRS,n,2,290.56,0.8,N,0
18.68427,73.03923,307.66,0.51,0.5,2023-05-22,2115,N,VIIRS,n,2,294.7,2.44,N,2
21.36237,80.07611,330.85,0.52,0.5,2023-04-19,724,N,VIIRS,l,2,305.25,4.7,D,0
27.51679,72.41565,348.82,0.42,0.38,2023-10-15,808,N,VIIRS,n,2,310.62,7.03,D,0
26.3558,93.13125,340.28,0.39,0.36,2023-04-10,653,N,VIIRS,n,2,304.08,4.65,D,0
22.67112,87.54085,328.02,0.32,0.55,2023-12-01,644,N,VIIRS,n,2,296.53,2.58,D,0
18.56037,78.18974,339.5,0.39,0.44,2023-02-13,741,N,VIIRS,n,2,308.67,3.05,D,0
25.62741,94.72732,350.19,0.39,0.36,2023-04-10,653,N,VIIRS,n,2,307.1,13.92,D,0
20.96422,85.16563,307.16,0.37,0.58,2023-02-21,1921,N,VIIRS,n,2,294.3,4.2,N,2
17.77685,81.83207,332.89,0.47,0.39,2023-05-15,735,N,VIIRS,n,2,304.89,3.18,D,0
20.82209,82.46378,332.03,0.57,0.43,2023-01-29,723,N,VIIRS,n,2,304.02,3.48,D,0
23.79995,80.22764,331.7,0.4,0.37,2023-11-06,754,N,VIIRS,n,2,303.81,2.59,D,0
30.81547,77.85443,298.58,0.55,0.43,2023-02-02,2015,N,VIIRS,n,2,278.06,1.1,N,0
21.96935,85.31306,310.35,0.47,0.48,2023-05-06,1933,N,VIIRS,n,2,294.0,1.45,N,2
10.98956,79.27043,337.18,0.44,0.46,2023-01-12,739,N,VIIRS,n,2,300.38,4.73,D,0
23.03209,86.16014,297.53,0.41,0.37,2023-02-24,2004,N,VIIRS,n,2,286.97,0.33,N,0
25.23616,77.03491,319.66,0.44,0.46,2023-04-10,2101,N,VIIRS,n,2,287.11,1.21,N,0
23.74616,86.42069,302.64,0.39,0.36,2023-02-14,1951,N,VIIRS,n,2,287.91,1.1,N,2
22.79633,86.19785,305.92,0.33,0.55,2023-01-20,1920,N,VIIRS,n,2,290.47,0.94,N,2
21.19616,84.62696,296.99,0.39,0.36,2023-03-07,1958,N,VIIRS,n,2,268.4,0.44,N,0
18.43053,73.30746,330.78,0.42,0.61,2023-03-02,903,N,VIIRS,l,2,305.02,2.31,D,0
30.73458,75.58422,344.53,0.58,0.7,2023-05-22,707,N,VIIRS,n,2,306.63,5.33,D,0
22.2438,87.39079,297.18,0.4,0.37,2023-01-08,1945,N,VIIRS,n,2,286.82,0.96,N,2
20.92742,83.84731,336.37,0.39,0.36,2023-03-28,736,N,VIIRS,l,2,306.87,2.73,D,0
21.8476,85.03542,342.64,0.4,0.45,2023-04-12,755,N,VIIRS,n,2,311.37,2.46,D,0
23.69436,86.08245,308.84,0.67,0.73,2023-01-31,2054,N,VIIRS,n,2,285.01,1.89,N,2
21.77717,82.66828,344.35,0.43,0.62,2023-01-25,658,N,VIIRS,n,2,301.67,2.69,D,0
23.12881,93.26673,336.12,0.55,0.51,2023-03-07,729,N,VIIRS,n,2,303.94,66.01,D,0
11.07009,78.95699,330.29,0.64,0.72,2023-03-29,855,N,VIIRS,n,2,296.94,7.36,D,0
17.20118,76.94897,336.27,0.39,0.37,2023-01-21,812,N,VIIRS,l,2,310.69,0.91,D,0
21.11063,80.28942,343.91,0.43,0.38,2023-04-18,743,N,VIIRS,l,2,314.67,11.99,D,0
19.0858,78.6876,332.34,0.47,0.39,2023-12-23,811,N,VIIRS,l,2,302.36,4.1,D,0
29.95569,75.1461,343.27,0.38,0.58,2023-11-14,846,N,VIIRS,n,2,298.7,3.76,D,0
19.49578,84.37103,304.67,0.41,0.45,2023-03-11,2024,N,VIIRS,n,2,290.24,1.41,N,0
21.13363,75.9342,333.3,0.41,0.37,2023-10-10,800,N,VIIRS,l,2,306.37,2.14,D,0
20.96514,85.16309,307.66,0.54,0.68,2023-12-12,2047,N,VIIRS,n,2,286.57,2.62,N,2
23.20986,86.10032,305.27,0.43,0.46,2023-04-20,1933,N,VIIRS,n,2,293.79,1.14,N,0
27.09276,82.98009,347.51,0.38,0.36,2023-04-13,738,N,VIIRS,n,2,316.03,12.2,D,0
29.83324,75.06522,355.87,0.35,0.57,2023-05-05,726,N,VIIRS,n,2,305.18,4.39,D,0
23.7584,86.40156,332.15,0.39,0.37,2023-04-03,1952,N,VIIRS,n,2,297.61,2.01,N,2
17.97066,82.62574,333.45,0.39,0.36,2023-03-06,747,N,VIIRS,n,2,304.46,3.02,D,0
22.55807,70.61875,330.84,0.4,0.6,2023-03-23,911,N,VIIRS,n,2,297.22,4.97,D,0
16.46008,77.71745,331.62,0.44,0.46,2023-12-14,739,N,VIIRS,l,2,301.82,2.17,D,0
21.23438,81.26102,336.87,0.4,0.37,2023-04-12,755,N,VIIRS,n,2,311.14,2.57,D,0
25.87199,91.69271,342.07,0.47,0.48,2023-04-08,731,N,VIIRS,n,2,302.14,9.73,D,0
23.41499,91.83615,343.39,0.4,0.37,2023-04-15,659,N,VIIRS,n,2,301.75,19.95,D,0
21.0768,85.04246,347.41,0.42,0.38,2023-02-13,742,N,VIIRS,l,2,318.52,8.67,D,2
17.42225,73.56719,306.46,0.38,0.36,2023-03-10,2044,N,VIIRS,n,2,294.47,1.13,N,0
27.28548,92.63781,367.0,0.74,0.76,2023-05-31,557,N,VIIRS,h,2,298.93,42.67,D,0
20.45116,82.17059,331.93,0.4,0.44,2023-03-05,807,N,VIIRS,l,2,305.63,3.47,D,0
23.27265,77.67929,336.77,0.46,0.64,2023-04-14,1946,N,VIIRS,n,2,282.61,3.26,N,0
28.30451,73.2471,350.99,0.4,0.37,2023-03-05,809,N,VIIRS,n,2,311.27,3.23,D,0
19.62273,82.86141,340.91,0.46,0.47,2023-01-08,716,N,VIIRS,n,2,302.61,4.33,D,0
22.58605,85.70725,332.68,0.36,0.57,2023-03-05,807,N,VIIRS,n,2,303.8,1.74,D,0
12.58094,77.51045,339.94,0.5,0.41,2023-02-16,824,N,VIIRS,l,2,312.54,7.02,D,0
29.50521,79.50458,333.83,0.46,0.39,2023-04-17,804,N,VIIRS,l,2,306.36,3.84,D,0
21.60719,83.55827,351.85,0.41,0.37,2023-03-07,1958,N,VIIRS,n,2,285.62,4.88,N,0
24.88231,85.92001,330.47,0.62,0.54,2023-02-28,801,N,VIIRS,l,2,305.37,4.77,D,0
27.66928,71.98587,347.01,0.35,0.57,2023-02-25,859,N,VIIRS,n,2,307.59,5.78,D,0
19.05579,80.1677,338.9,0.4,0.37,2023-04-17,801,N,VIIRS,l,2,310.85,2.93,D,0
30.59291,74.98447,342.58,0.46,0.64,2023-11-19,853,N,VIIRS,n,2,294.05,6.59,D,0
31.51222,75.54643,344.34,0.53,0.5,2023-05-12,835,N,VIIRS,n,2,313.53,6.08,D,0
25.49471,88.39992,337.99,0.71,0.75,2023-04-11,815,N,VIIRS,n,2,306.96,4.92,D,0
24.7879,87.42517,349.03,0.42,0.38,2023-03-07,730,N,VIIRS,n,2,313.35,4.83,D,0
22.27522,77.64912,346.6,0.54,0.42,2023-04-16,821,N,VIIRS,l,2,318.26,15.46,D,0
23.08462,85.79247,300.56,0.53,0.42,2023-03-06,2017,N,VIIRS,n,2,290.51,0.92,N,0
26.51884,93.51858,341.57,0.39,0.36,2023-04-10,653,N,VIIRS,n,2,303.08,4.52,D,0
22.6891,85.37833,305.83,0.47,0.48,2023-04-20,1933,N,VIIRS,n,2,293.97,1.33,N,0
21.7606,83.18967,336.1,0.43,0.38,2023-02-03,729,N,VIIRS,n,2,309.0,3.17,D,0
15.17048,76.65147,302.96,0.42,0.45,2023-01-07,2006,N,VIIRS,n,2,289.62,1.87,N,0
20.34882,80.31338,309.63,0.4,0.37,2023-03-11,2024,N,VIIRS,n,2,296.06,1.84,N,0
22.32672,86.1249,339.5,0.41,0.37,2023-02-08,736,N,VIIRS,n,2,307.71,3.45,D,0
25.5576,78.66908,338.35,0.41,0.37,2023-11-11,801,N,VIIRS,n,2,305.11,3.48,D,0
30.4616,74.83858,341.83,0.39,0.36,2023-11-16,809,N,VIIRS,n,2,299.34,5.71,D,0
19.70138,83.06288,337.37,0.72,0.76,2023-06-02,838,N,VIIRS,n,2,300.37,8.96,D,0
25.93621,78.3513,340.33,0.38,0.36,2023-11-06,755,N,VIIRS,n,2,303.24,3.78,D,0
25.77417,91.40069,304.18,0.42,0.61,2023-04-12,2022,N,VIIRS,n,2,292.55,1.15,N,0
20.96325,85.16802,339.58,0.49,0.4,2023-05-09,748,N,VIIRS,n,2,308.33,8.37,D,2
23.93796,81.21152,333.56,0.42,0.38,2023-04-29,737,N,VIIRS,l,2,308.18,1.1,D,0
21.88885,83.15911,331.99,0.49,0.65,2023-01-31,826,N,VIIRS,n,2,299.21,2.42,D,0
19.72904,83.79938,303.69,0.44,0.46,2023-03-08,1940,N,VIIRS,n,2,290.98,1.03,N,0
17.35128,73.44971,336.06,0.39,0.36,2023-03-20,825,N,VIIRS,l,2,309.15,2.04,D,0
23.76076,86.4043,326.22,0.41,0.37,2023-12-10,716,N,VIIRS,l,2,300.34,2.83,D,2
16.99452,80.19083,338.01,0.48,0.4,2023-06-21,740,N,VIIRS,n,2,296.47,3.51,D,0
21.75411,84.02376,314.56,0.56,0.69,2023-11-15,1913,N,VIIRS,n,2,290.24,1.97,N,2
26.01106,84.37034,354.98,0.66,0.73,2023-04-11,635,N,VIIRS,n,2,307.59,12.03,D,0
20.97943,85.14781,310.0,0.44,0.46,2023-11-22,2022,N,VIIRS,n,2,291.86,1.32,N,2
29.47855,77.95034,331.44,0.39,0.44,2023-03-23,732,N,VIIRS,n,2,298.21,1.98,D,0
29.94287,75.66519,330.17,0.77,0.77,2023-11-13,905,N,VIIRS,n,2,294.91,5.67,D,0
31.11727,74.91209,347.34,0.39,0.36,2023-11-16,809,N,VIIRS,n,2,295.89,32.36,D,0
19.30736,83.26523,341.1,0.4,0.37,2023-03-06,748,N,VIIRS,n,2,310.07,22.37,D,0
15.58883,78.80974,303.18,0.34,0.56,2023-03-04,2056,N,VIIRS,n,2,288.29,0.58,N,0
26.37492,79.0319,331.93,0.39,0.44,2023-02-22,815,N,VIIRS,l,2,304.58,2.95,D,0
21.87518,83.49536,313.68,0.32,0.55,2023-02-22,2042,N,VIIRS,n,2,289.49,1.01,N,2
24.36079,85.10692,343.1,0.4,0.37,2023-03-28,737,N,VIIRS,n,2,308.94,3.5,D,0
15.38725,74.57861,308.93,0.55,0.43,2023-03-04,2057,N,VIIRS,n,2,293.99,1.75,N,0
22.19711,83.61041,299.8,0.39,0.44,2023-03-13,1946,N,VIIRS,n,2,277.99,0.46,N,0
13.91294,75.50854,299.73,0.38,0.36,2023-02-28,2032,N,VIIRS,n,2,289.19,0.46,N,0
22.34827,70.42161,334.6,0.39,0.6,2023-11-01,748,N,VIIRS,n,2,302.14,2.04,D,0
22.41475,70.23034,334.18,0.41,0.6,2023-03-06,749,N,VIIRS,l,2,307.36,2.64,D,0
21.391,81.64713,299.74,0.5,0.41,2023-01-11,2029,N,VIIRS,n,2,288.45,1.22,N,2
25.11236,94.62807,349.73,0.56,0.51,2023-03-02,724,N,VIIRS,n,2,313.16,51.85,D,0
27.42119,82.26259,305.99,0.43,0.46,2023-04-19,1951,N,VIIRS,n,2,294.48,0.78,N,0
11.30479,79.80758,303.82,0.57,0.43,2023-01-13,1955,N,VIIRS,n,2,290.52,0.39,N,0
17.70194,76.20673,346.9,0.39,0.36,2023-05-13,813,N,VIIRS,l,2,321.02,10.05,D,0
25.31034,83.6177,328.04,0.39,0.36,2023-12-20,729,N,VIIRS,n,2,283.81,2.36,D,0
25.81629,92.12415,330.05,0.41,0.37,2023-04-10,653,N,VIIRS,l,2,300.89,6.68,D,0
27.83162,79.93794,332.75,0.39,0.36,2023-11-28,743,N,VIIRS,n,2,296.93,4.51,D,0
14.93497,79.16425,338.23,0.56,0.51,2023-04-10,831,N,VIIRS,n,2,308.3,10.45,D,0
23.70652,82.86867,330.11,0.39,0.59,2023-04-15,659,N,VIIRS,l,2,303.86,0.95,D,0
23.79047,85.55142,300.16,0.51,0.49,2023-01-11,2029,N,VIIRS,n,2,285.42,1.05,N,0
27.41557,70.85287,343.75,0.56,0.69,2023-05-10,732,N,VIIRS,l,2,315.4,2.05,D,0
17.43131,81.58952,331.9,0.39,0.36,2023-03-06,747,N,VIIRS,n,2,306.27,2.16,D,0
17.58209,77.84569,303.5,0.44,0.62,2023-02-10,2108,N,VIIRS,n,2,285.47,0.72,N,0
19.03686,81.00983,331.45,0.49,0.4,2023-03-12,735,N,VIIRS,l,2,306.24,1.43,D,0
15.62613,78.9977,344.75,0.48,0.4,2023-02-18,747,N,VIIRS,n,2,305.5,7.13,D,0
25.1851,92.41438,338.41,0.41,0.37,2023-04-10,653,N,VIIRS,n,2,302.57,10.38,D,0
15.38516,79.17526,331.57,0.36,0.57,2023-03-14,837,N,VIIRS,l,2,306.28,2.96,D,0
25.64238,76.67642,345.68,0.54,0.42,2023-11-12,742,N,VIIRS,n,2,306.91,10.73,D,0
25.47429,92.92242,355.94,0.51,0.66,2023-04-07,609,N,VIIRS,n,2,296.14,22.43,D,0
12.88526,75.64112,334.76,0.41,0.37,2023-02-16,824,N,VIIRS,l,2,309.48,7.06,D,0
21.64418,86.16762,337.54,0.52,0.41,2023-03-08,710,N,VIIRS,n,2,302.36,4.64,D,0
29.0135,79.272,335.08,0.44,0.38,2023-03-12,738,N,VIIRS,n,2,299.77,2.41,D,0
31.97653,75.0183,344.88,0.5,0.49,2023-05-12,836,N,VIIRS,n,2,314.49,7.3,D,0
28.25209,80.79881,339.61,0.53,0.5,2023-02-20,712,N,VIIRS,n,2,298.62,5.37,D,0
30.01996,76.08978,345.7,0.34,0.56,2023-10-24,840,N,VIIRS,n,2,299.93,7.9,D,0
10.98569,79.31712,337.47,0.48,0.4,2023-02-27,817,N,VIIRS,l,2,308.78,4.61,D,0
31.01739,75.85962,367.0,0.52,0.67,2023-11-03,853,N,VIIRS,h,2,293.09,10.94,D,0
13.97618,79.05405,335.23,0.51,0.41,2023-03-15,818,N,VIIRS,n,2,304.91,3.76,D,0
22.17011,79.52834,332.54,0.43,0.62,2023-04-25,712,N,VIIRS,n,2,298.87,3.58,D,0
21.56561,72.8889,339.98,0.4,0.37,2023-04-05,827,N,VIIRS,l,2,311.01,4.26,D,0
23.6071,79.76397,306.71,0.4,0.37,2023-02-28,2029,N,VIIRS,n,2,291.61,1.42,N,0
20.4267,81.3181,302.81,0.39,0.36,2023-11-12,2010,N,VIIRS,n,2,289.73,0.4,N,0
21.14534,81.12164,335.66,0.4,0.37,2023-02-07,754,N,VIIRS,n,2,307.52,3.34,D,0
25.9001,91.18459,332.44,0.44,0.39,2023-03-09,653,N,VIIRS,n,2,303.44,0.99,D,0
26.21252,77.58865,345.22,0.59,0.53,2023-05-21,725,N,VIIRS,n,2,312.21,12.04,D,0
30.77148,78.56283,329.45,0.44,0.39,2023-01-07,738,N,VIIRS,n,2,295.41,3.42,D,0
25.41549,86.02703,335.78,0.39,0.59,2023-02-06,2041,N,VIIRS,n,2,285.79,2.59,N,0
29.52077,75.82685,334.12,0.32,0.55,2023-05-05,726,N,VIIRS,n,2,302.6,2.98,D,0
23.55334,87.24271,314.87,0.52,0.41,2023-11-28,2009,N,VIIRS,n,2,290.1,2.91,N,3
20.95075,82.65287,340.11,0.45,0.47,2023-01-08,716,N,VIIRS,n,2,302.07,5.83,D,0
9.43273,78.79536,334.71,0.4,0.44,2023-02-18,745,N,VIIRS,l,2,306.13,3.93,D,0
24.33811,93.70113,343.63,0.42,0.37,2023-05-06,705,N,VIIRS,n,2,305.96,3.78,D,0
22.41418,93.14102,340.58,0.33,0.55,2023-03-12,736,N,VIIRS,n,2,303.17,3.07,D,0
30.37024,75.91429,334.2,0.4,0.44,2023-11-07,737,N,VIIRS,n,2,298.27,2.85,D,0
30.67509,74.91492,330.48,0.39,0.36,2023-11-16,809,N,VIIRS,n,2,299.06,1.82,D,0
23.78325,86.34858,307.14,0.39,0.36,2023-09-10,1951,N,VIIRS,n,2,288.12,1.33,N,2
22.86678,76.85915,303.27,0.41,0.37,2023-03-26,2043,N,VIIRS,n,2,291.66,1.03,N,0
25.70264,90.75907,330.23,0.54,0.68,2023-03-11,615,N,VIIRS,n,2,297.19,2.17,D,0
22.91914,85.95722,305.25,0.54,0.42,2023-03-06,2017,N,VIIRS,n,2,292.45,1.6,N,0
17.06466,80.2832,335.77,0.41,0.37,2023-05-09,747,N,VIIRS,l,2,303.55,2.42,D,0
13.37746,79.58781,331.04,0.45,0.47,2023-02-16,824,N,VIIRS,l,2,303.65,2.29,D,0
29.11352,80.12987,339.1,0.39,0.36,2023-06-10,750,N,VIIRS,n,2,308.38,3.08,D,0
23.78208,86.20857,347.48,0.4,0.37,2023-04-19,1952,N,VIIRS,n,2,307.32,7.88,N,2
18.75051,79.29937,339.8,0.32,0.54,2023-02-21,831,N,VIIRS,n,2,308.1,2.59,D,0
24.20655,82.71152,339.74,0.49,0.49,2023-10-18,710,N,VIIRS,n,2,303.1,3.66,D,2
29.66346,76.01423,346.16,0.62,0.54,2023-05-05,726,N,VIIRS,n,2,305.8,14.54,D,0
21.80378,83.88333,305.55,0.67,0.74,2023-05-28,2101,N,VIIRS,n,2,287.22,1.49,N,0
30.64135,74.74866,345.12,0.36,0.57,2023-11-14,847,N,VIIRS,n,2,296.16,4.6,D,0
22.86386,78.1069,341.14,0.51,0.49,2023-04-08,731,N,VIIRS,n,2,295.88,7.91,D,0
30.77264,75.09335,337.86,0.39,0.36,2023-11-16,809,N,VIIRS,n,2,302.65,8.85,D,0
31.18204,75.72952,343.12,0.39,0.36,2023-11-06,756,N,VIIRS,n,2,302.25,10.06,D,0
12.15122,78.46216,297.75,0.37,0.58,2023-03-04,2057,N,VIIRS,n,2,287.11,0.8,N,0
30.6343,75.47059,347.42,0.45,0.39,2023-05-09,751,N,VIIRS,l,2,319.03,14.8,D,0
23.04343,78.31028,330.62,0.4,0.6,2023-12-11,838,N,VIIRS,n,2,298.34,1.67,D,0
15.3933,78.79729,343.18,0.5,0.49,2023-02-24,734,N,VIIRS,n,2,309.2,9.98,D,0
25.17215,87.62075,354.26,0.4,0.6,2023-04-17,802,N,VIIRS,n,2,311.7,7.41,D,0
26.19199,94.98908,367.0,0.57,0.69,2023-02-24,556,N,VIIRS,h,2,294.58,77.38,D,0
13.69782,75.48305,338.81,0.48,0.4,2023-04-10,831,N,VIIRS,l,2,309.57,8.51,D,0
18.11549,78.01686,341.08,0.39,0.36,2023-11-16,805,N,VIIRS,n,2,304.66,6.35,D,0
21.76009,71.95119,310.88,0.39,0.36,2023-10-30,2054,N,VIIRS,n,2,292.62,0.7,N,0
30.50113,75.3336,353.42,0.6,0.71,2023-05-06,708,N,VIIRS,n,2,299.51,11.68,D,0
28.43488,80.89437,337.16,0.4,0.6,2023-03-30,701,N,VIIRS,n,2,298.99,3.24,D,0
28.89439,79.56789,345.28,0.41,0.37,2023-12-24,755,N,VIIRS,n,2,298.04,7.61,D,0
23.68901,68.83324,300.63,0.41,0.37,2023-02-15,2114,N,VIIRS,n,2,288.99,0.5,N,0
23.71428,86.44307,298.54,0.47,0.4,2023-12-30,2009,N,VIIRS,n,2,286.2,0.68,N,2
17.14474,78.22141,298.98,0.47,0.64,2023-12-27,2107,N,VIIRS,n,2,287.38,0.98,N,2
27.20864,81.19082,341.7,0.53,0.5,2023-10-20,814,N,VIIRS,n,2,301.39,4.8,D,0
21.48314,70.45576,346.1,0.38,0.59,2023-04-08,911,N,VIIRS,n,2,306.45,6.31,D,0
25.28984,93.99588,336.3,0.43,0.38,2023-03-03,705,N,VIIRS,n,2,303.73,8.82,D,0
20.98438,84.6909,342.82,0.47,0.39,2023-03-06,748,N,VIIRS,n,2,305.53,12.58,D,0
21.38927,81.64735,310.28,0.43,0.38,2023-12-24,2022,N,VIIRS,n,2,290.87,1.88,N,2
20.95951,85.05025,367.0,0.4,0.6,2023-02-05,651,N,VIIRS,h,2,306.67,7.37,D,0
30.75755,75.15174,330.4,0.52,0.5,2023-11-18,731,N,VIIRS,n,2,302.47,2.4,D,0
25.23993,84.02393,349.84,0.38,0.59,2023-04-11,815,N,VIIRS,n,2,313.16,4.77,D,0
26.42978,83.47029,304.54,0.43,0.62,2023-04-15,1926,N,VIIRS,n,2,289.81,0.55,N,0
30.4487,74.23515,334.09,0.79,0.78,2023-11-18,912,N,VIIRS,n,2,293.02,5.11,D,0
20.74293,80.2162,338.33,0.39,0.44,2023-04-11,814,N,VIIRS,l,2,309.33,5.15,D,0
18.94115,83.07885,335.28,0.44,0.39,2023-02-23,754,N,VIIRS,l,2,310.0,3.98,D,0
27.16975,71.81134,338.51,0.4,0.37,2023-02-06,815,N,VIIRS,n,2,305.99,5.43,D,0
21.32077,82.9817,345.6,0.38,0.36,2023-02-13,742,N,VIIRS,n,2,314.79,5.97,D,0
22.8035,87.04023,319.28,0.47,0.64,2023-02-27,1907,N,VIIRS,n,2,291.18,2.85,N,0
22.87218,86.06241,303.46,0.56,0.69,2023-12-12,2047,N,VIIRS,n,2,281.79,1.23,N,2
17.58125,73.88189,341.76,0.36,0.57,2023-12-26,855,N,VIIRS,n,2,303.79,6.43,D,0
26.64843,84.41817,298.95,0.42,0.38,2023-04-08,1957,N,VIIRS,n,2,287.59,0.37,N,0
22.36656,87.30253,306.99,0.4,0.37,2023-12-26,1944,N,VIIRS,n,2,290.78,1.25,N,2
21.58334,80.58229,348.71,0.52,0.5,2023-04-16,820,N,VIIRS,n,2,307.58,10.75,D,0
21.08149,85.03664,308.34,0.33,0.55,2023-03-05,2036,N,VIIRS,n,2,292.2,0.86,N,2
19.32555,73.47105,350.37,0.4,0.37,2023-04-21,826,N,VIIRS,n,2,317.48,10.22,D,0
17.18664,73.94527,302.21,0.4,0.6,2023-03-08,2121,N,VIIRS,n,2,288.28,1.29,N,0
23.21143,73.9165,348.81,0.37,0.58,2023-05-31,737,N,VIIRS,n,2,310.25,4.27,D,0
21.09091,79.45242,334.93,0.56,0.69,2023-04-04,845,N,VIIRS,n,2,302.5,4.26,D,0
20.45031,80.62608,305.29,0.4,0.37,2023-03-11,2024,N,VIIRS,n,2,292.54,0.64,N,0
17.70592,80.39556,341.28,0.4,0.37,2023-05-19,800,N,VIIRS,n,2,305.74,7.45,D,0
30.57835,74.64375,345.8,0.42,0.37,2023-11-21,815,N,VIIRS,n,2,301.82,8.87,D,0
16.05463,73.60403,332.87,0.32,0.55,2023-05-16,856,N,VIIRS,l,2,307.03,1.33,D,0
15.5727,79.00934,306.04,0.44,0.39,2023-02-12,2031,N,VIIRS,n,2,295.07,1.27,N,0
23.53207,92.44553,346.65,0.39,0.44,2023-03-02,723,N,VIIRS,n,2,301.64,5.13,D,0
21.38167,70.5237,340.36,0.52,0.5,2023-02-28,801,N,VIIRS,n,2,313.42,4.91,D,0
19.35822,73.6146,347.08,0.4,0.37,2023-05-13,813,N,VIIRS,l,2,315.68,7.99,D,0
14.62211,74.86264,337.29,0.4,0.37,2023-03-10,812,N,VIIRS,l,2,310.15,3.14,D,0
19.79382,82.83195,330.48,0.46,0.47,2023-01-08,716,N,VIIRS,n,2,302.16,1.65,D,0
22.34593,82.57529,306.78,0.54,0.42,2023-06-20,2029,N,VIIRS,n,2,269.84,1.04,N,0
26.13843,93.6198,347.37,0.39,0.36,2023-04-10,653,N,VIIRS,n,2,306.8,11.93,D,0
18.21278,83.76729,332.9,0.44,0.39,2023-02-03,728,N,VIIRS,n,2,303.61,2.73,D,0
23.01349,70.10309,308.03,0.43,0.62,2023-05-15,2145,N,VIIRS,n,2,295.32,1.83,N,2
23.78351,86.20892,341.1,0.39,0.44,2023-06-23,704,N,VIIRS,n,2,297.46,5.5,D,2
18.69,73.03837,310.18,0.41,0.6,2023-05-31,2006,N,VIIRS,n,2,297.26,3.17,N,2
22.94984,92.90392,307.24,0.48,0.4,2023-03-13,1945,N,VIIRS,n,2,288.45,1.14,N,0
24.16416,93.57794,350.4,0.41,0.45,2023-04-11,634,N,VIIRS,n,2,310.27,19.28,D,0
24.20762,82.70891,300.62,0.51,0.66,2023-11-20,2059,N,VIIRS,n,2,288.97,0.86,N,2
22.20637,84.84692,299.9,0.49,0.4,2023-01-17,2017,N,VIIRS,n,2,287.45,1.81,N,2
22.32461,82.54193,331.15,0.38,0.36,2023-02-13,2011,N,VIIRS,n,2,289.63,2.79,N,2
23.20233,75.66798,299.85,0.42,0.38,2023-04-01,2030,N,VIIRS,n,2,287.11,0.39,N,0
17.39373,75.77874,298.74,0.5,0.41,2023-02-18,2018,N,VIIRS,n,2,288.67,0.65,N,0
23.2258,84.09541,307.23,0.4,0.37,2023-04-18,2011,N,VIIRS,n,2,296.94,2.24,N,0
13.87526,78.44727,305.16,0.35,0.56,2023-03-04,2057,N,VIIRS,n,2,290.59,0.66,N,0
11.81514,77.91546,305.32,0.44,0.38,2023-06-04,2032,N,VIIRS,n,2,289.91,1.21,N,2
29.60856,76.09039,340.09,0.44,0.46,2023-05-07,829,N,VIIRS,l,2,313.88,5.25,D,0
30.06219,75.08309,333.01,0.42,0.61,2023-11-08,719,N,VIIRS,n,2,293.59,3.11,D,0
20.70151,81.67422,341.44,0.47,0.4,2023-06-04,801,N,VIIRS,n,2,308.8,12.98,D,0
19.4674,80.43991,336.42,0.48,0.48,2023-04-16,820,N,VIIRS,l,2,307.98,1.75,D,0
26.78639,94.66917,302.5,0.54,0.51,2023-12-02,1852,N,VIIRS,n,2,286.28,1.29,N,2
23.82067,85.49504,299.81,0.39,0.36,2023-10-22,2003,N,VIIRS,n,2,283.37,0.7,N,2
19.30295,83.2474,335.56,0.46,0.39,2023-04-12,755,N,VIIRS,n,2,303.6,4.13,D,0
22.36473,87.01984,310.29,0.38,0.36,2023-04-19,1952,N,VIIRS,n,2,298.83,1.26,N,2
20.3556,83.90228,344.83,0.39,0.36,2023-04-18,742,N,VIIRS,n,2,310.92,5.94,D,0
30.57183,74.89803,348.11,0.47,0.48,2023-05-12,835,N,VIIRS,l,2,319.5,13.54,D,0
22.284,85.36455,306.39,0.42,0.45,2023-04-12,2024,N,VIIRS,n,2,293.77,0.83,N,0
19.66025,83.00465,333.97,0.46,0.63,2023-03-30,658,N,VIIRS,n,2,295.96,4.14,D,0
22.80337,86.09103,303.07,0.45,0.63,2023-05-29,2042,N,VIIRS,n,2,289.31,0.75,N,2
22.26456,75.13232,309.63,0.41,0.45,2023-04-23,2018,N,VIIRS,n,2,297.82,1.41,N,2
23.70943,85.40238,297.01,0.5,0.49,2023-12-29,2028,N,VIIRS,n,2,283.78,0.9,N,2
23.79032,85.66744,300.24,0.51,0.41,2023-03-06,2016,N,VIIRS,n,2,289.98,1.31,N,0
21.24271,82.29592,333.92,0.47,0.4,2023-12-20,728,N,VIIRS,n,2,298.9,4.53,D,0
21.92429,82.57905,348.74,0.55,0.42,2023-12-29,800,N,VIIRS,n,2,298.09,11.99,D,0
20.35023,80.04231,301.82,0.41,0.37,2023-03-01,2011,N,VIIRS,n,2,291.51,0.46,N,0
15.7775,79.3445,345.11,0.46,0.64,2023-03-13,716,N,VIIRS,n,2,311.78,5.9,D,0
18.64037,79.58128,308.26,0.39,0.6,2023-04-09,1941,N,VIIRS,n,2,294.68,1.83,N,0
24.48404,92.87598,338.14,0.43,0.46,2023-02-27,1907,N,VIIRS,n,2,289.88,6.29,N,0
30.49831,74.18499,350.36,0.64,0.72,2023-11-13,906,N,VIIRS,n,2,295.29,12.67,D,0
18.46248,74.75033,336.56,0.42,0.38,2023-02-01,806,N,VIIRS,n,2,299.41,5.34,D,0
30.18815,80.22867,312.05,0.39,0.36,2023-01-06,2021,N,VIIRS,n,2,279.06,2.8,N,0
21.19271,81.39169,344.44,0.44,0.39,2023-10-22,734,N,VIIRS,n,2,306.44,6.73,D,2
22.36454,87.01431,308.78,0.59,0.7,2023-02-22,1901,N,VIIRS,n,2,293.36,2.19,N,2
15.57123,78.73523,309.43,0.41,0.61,2023-03-08,1941,N,VIIRS,n,2,291.83,1.69,N,0
25.11229,83.91396,349.32,0.39,0.36,2023-04-13,737,N,VIIRS,n,2,319.26,5.26,D,0
26.8059,80.10221,334.97,0.55,0.43,2023-02-17,809,N,VIIRS,n,2,278.92,3.67,D,0
20.53468,80.05286,337.37,0.38,0.36,2023-04-12,755,N,VIIRS,l,2,308.77,2.6,D,0
22.60239,82.91854,330.14,0.52,0.5,2023-05-11,711,N,VIIRS,l,2,304.66,2.06,D,0
24.74715,83.79351,302.49,0.43,0.38,2023-04-08,1958,N,VIIRS,n,2,287.35,1.05,N,0
23.92132,81.85621,328.82,0.41,0.45,2023-05-21,1951,N,VIIRS,n,2,297.03,4.09,N,0
14.37633,78.98152,348.21,0.7,0.75,2023-03-13,856,N,VIIRS,n,2,303.45,13.27,D,0
23.08276,83.84734,313.36,0.47,0.4,2023-04-19,1952,N,VIIRS,n,2,294.28,1.61,N,0
17.65513,82.30449,304.46,0.39,0.36,2023-03-01,2012,N,VIIRS,n,2,293.67,1.13,N,0
28.88377,77.57929,347.7,0.33,0.55,2023-12-22,833,N,VIIRS,n,2,283.17,2.97,D,0
15.69227,78.76184,301.15,0.4,0.44,2023-03-07,2000,N,VIIRS,n,2,282.4,0.68,N,0
25.87776,82.08259,333.3,0.47,0.4,2023-02-07,756,N,VIIRS,n,2,298.19,7.46,D,0
25.31111,76.17986,335.64,0.49,0.4,2023-03-06,750,N,VIIRS,n,2,305.13,4.63,D,0
